1.99925 1.49968 -0.075236 -0.0318284
1.99774 1.49905 -0.150553 -0.0635411
1.99548 1.4981 -0.226054 -0.0949747
1.99246 1.49684 -0.301843 -0.125966
1.98868 1.49527 -0.378024 -0.15635
1.98414 1.49341 -0.454699 -0.185964
1.97882 1.49127 -0.531972 -0.214642
1.97272 1.48885 -0.609946 -0.242218
1.96583 1.48616 -0.688721 -0.268526
1.95815 1.48323 -0.768398 -0.2934
1.94965 1.48006 -0.849078 -0.316673
1.94035 1.47668 -0.93086 -0.338178
1.93021 1.4731 -1.01384 -0.357749
1.91923 1.46935 -1.09812 -0.375223
1.90739 1.46544 -1.18378 -0.390437
1.89468 1.46141 -1.27091 -0.403234
1.88108 1.45728 -1.35961 -0.413464
1.86658 1.45307 -1.44995 -0.420983
1.85116 1.44881 -1.54201 -0.425661
1.83481 1.44454 -1.63584 -0.427381
1.81749 1.44028 -1.7315 -0.426049
1.7992 1.43606 -1.82904 -0.421593
1.77992 1.43192 -1.92847 -0.413978
1.75962 1.42789 -2.02978 -0.403206
1.73829 1.42399 -2.13296 -0.389334
1.71591 1.42027 -2.23794 -0.372482
1.69246 1.41674 -2.3446 -0.352844
1.66793 1.41343 -2.4528 -0.33071
1.64231 1.41037 -2.5623 -0.306477
1.61558 1.40756 -2.67281 -0.28067
1.58774 1.40502 -2.78396 -0.253956
1.55879 1.40275 -2.89528 -0.227164
1.52873 1.40074 -3.00619 -0.201289
1.49757 1.39896 -3.11603 -0.177502
1.46533 1.39739 -3.22402 -0.157138
1.43204 1.39598 -3.32929 -0.141678
1.39773 1.39465 -3.43093 -0.132712
1.36245 1.39333 -3.52798 -0.131882
1.32625 1.39192 -3.61949 -0.140819
1.28921 1.39031 -3.70457 -0.161056
1.25138 1.38837 -3.78243 -0.193953
1.21286 1.38596 -3.85242 -0.240622
1.17372 1.38295 -3.91409 -0.301869
1.13405 1.37916 -3.96715 -0.378164
1.09393 1.37447 -4.0115 -0.469639
1.05346 1.36871 -4.04719 -0.576107
1.01271 1.36174 -4.07442 -0.697111
0.97178 1.35342 -4.09344 -0.831975
0.930734 1.34362 -4.10454 -0.979867
0.889654 1.33222 -4.10803 -1.13986
0.848613 1.31911 -4.10415 -1.31096
0.807682 1.30419 -4.0931 -1.49217
0.766931 1.28736 -4.07501 -1.68252
0.726432 1.26855 -4.04993 -1.88104
0.686254 1.24768 -4.01782 -2.08682
0.646468 1.22469 -3.97858 -2.299
0.607148 1.19953 -3.93205 -2.51676
0.568367 1.17213 -3.87801 -2.73934
0.530205 1.14247 -3.81622 -2.96599
0.492741 1.11051 -3.74642 -3.19606
0.456058 1.07622 -3.66834 -3.42889
0.42024 1.03958 -3.58175 -3.6639
0.385375 1.00058 -3.48647 -3.90054
0.351552 0.959196 -3.38236 -4.13829
0.318858 0.91543 -3.26941 -4.37666
0.287381 0.869278 -3.14769 -4.61518
0.257206 0.820744 -3.01748 -4.85336
0.228414 0.769838 -2.87922 -5.09065
0.201078 0.716573 -2.73363 -5.32642
0.17526 0.660975 -2.58176 -5.55983
0.15101 0.603078 -2.42504 -5.78976
0.128355 0.542931 -2.26542 -6.01467
0.107301 0.480607 -2.10546 -6.23244
0.0878166 0.416205 -1.94842 -6.44018
0.0698333 0.349863 -1.79834 -6.63415
0.0532328 0.281767 -1.66004 -6.80962
0.0378429 0.212157 -1.53899 -6.96104
0.0234335 0.141333 -1.44094 -7.08238
0.00972004 0.0696555 -1.37135 -7.16774
-0.00362669 -0.0024676 -1.33467 -7.21231
-0.0169625 -0.0745994 -1.33358 -7.21318
-0.0306468 -0.1463 -1.36843 -7.17005
-0.0450186 -0.217153 -1.43718 -7.0853
-0.0603761 -0.286788 -1.53575 -6.96351
-0.0769638 -0.354894 -1.65877 -6.81059
-0.0949671 -0.421222 -1.80033 -6.63282
-0.114514 -0.485583 -1.9547 -6.43609
-0.135682 -0.547837 -2.11676 -6.22542
-0.158504 -0.607885 -2.28219 -6.0048
-0.182979 -0.665658 -2.44751 -5.77725
-0.209079 -0.721107 -2.61001 -5.54492
-0.236755 -0.7742 -2.76764 -5.30936
-0.265944 -0.824917 -2.9189 -5.07163
-0.296571 -0.873242 -3.06269 -4.83249
-0.328554 -0.919167 -3.19827 -4.5925
-0.361805 -0.962688 -3.32516 -4.35214
-0.396236 -1.00381 -3.44308 -4.11185
-0.431755 -1.04253 -3.55192 -3.87207
-0.468272 -1.07886 -3.65167 -3.63327
-0.505697 -1.11282 -3.74244 -3.39598
-0.543941 -1.14443 -3.82441 -3.16077
-0.582918 -1.17371 -3.89778 -2.92827
-0.622546 -1.2007 -3.96279 -2.69919
-0.662743 -1.22544 -4.01967 -2.47428
-0.70343 -1.24799 -4.06865 -2.25434
-0.744529 -1.26839 -4.10992 -2.04025
-0.785965 -1.28672 -4.14362 -1.83293
-0.827663 -1.30305 -4.16981 -1.63335
-0.869548 -1.31748 -4.1885 -1.44255
-0.911544 -1.33009 -4.19962 -1.26159
-0.953574 -1.34101 -4.20298 -1.09155
-0.995558 -1.35035 -4.19838 -0.933553
-1.03741 -1.35823 -4.18552 -0.788655
-1.07905 -1.36481 -4.16409 -0.657855
-1.12039 -1.37023 -4.13379 -0.54202
-1.16134 -1.37465 -4.09438 -0.441823
-1.20179 -1.37823 -4.04572 -0.357676
-1.24167 -1.38112 -3.98781 -0.289671
-1.28088 -1.3835 -3.92084 -0.237539
-1.31933 -1.3855 -3.84523 -0.200627
-1.35695 -1.38728 -3.76155 -0.177918
-1.39365 -1.38896 -3.67061 -0.168071
-1.42939 -1.39066 -3.57334 -0.169498
-1.46409 -1.39246 -3.47074 -0.180451
-1.49773 -1.39446 -3.36387 -0.199116
-1.53027 -1.39669 -3.25379 -0.223703
-1.56169 -1.39922 -3.14146 -0.252517
-1.59196 -1.40206 -3.02777 -0.28401
-1.6211 -1.40523 -2.91351 -0.316817
-1.64909 -1.40872 -2.79933 -0.349767
-1.67595 -1.41254 -2.68579 -0.381886
-1.70168 -1.41667 -2.57332 -0.412387
-1.7263 -1.42107 -2.46225 -0.44065
-1.74983 -1.42573 -2.35286 -0.466205
-1.77229 -1.43062 -2.24531 -0.488711
-1.79368 -1.4357 -2.13974 -0.507934
-1.81405 -1.44094 -2.03622 -0.52373
-1.83339 -1.4463 -1.93478 -0.536028
-1.85175 -1.45175 -1.83543 -0.544816
-1.86913 -1.45725 -1.73816 -0.550128
-1.88556 -1.46277 -1.64291 -0.552036
-1.90106 -1.46827 -1.54964 -0.550638
-1.91564 -1.47374 -1.45829 -0.546057
-1.92933 -1.47912 -1.36877 -0.538429
-1.94214 -1.4844 -1.28102 -0.527905
-1.95409 -1.48955 -1.19494 -0.514642
-1.96519 -1.49453 -1.11044 -0.498803
-1.97546 -1.49934 -1.02744 -0.480557
-1.98492 -1.50394 -0.945836 -0.460073
-1.99358 -1.50831 -0.865536 -0.43752
-2.00144 -1.51245 -0.786441 -0.41307
-2.00853 -1.51631 -0.708453 -0.38689
-2.01484 -1.51991 -0.631472 -0.35915
-2.0204 -1.52321 -0.555398 -0.330016
-2.0252 -1.5262 -0.480131 -0.299652
-2.02925 -1.52888 -0.40557 -0.268223
-2.03257 -1.53124 -0.331612 -0.235889
-2.03515 -1.53327 -0.258157 -0.20281
-2.037 -1.53496 -0.185103 -0.169145
-2.03812 -1.53631 -0.112346 -0.135052
-2.03852 -1.53732 -0.0397858 -0.100685
-2.0382 -1.53798 0.032681 -0.0662016
-2.03714 -1.5383 0.105157 -0.0317556
-2.03537 -1.53828 0.177744 0.00249837
-2.03286 -1.53791 0.250545 0.0364058
-2.02962 -1.53721 0.323662 0.0698121
-2.02565 -1.53619 0.397197 0.102562
-2.02094 -1.53484 0.471253 0.134501
-2.01548 -1.53319 0.545931 0.165473
-2.00927 -1.53123 0.621333 0.195321
-2.00229 -1.529 0.697558 0.223887
-1.99455 -1.52649 0.774708 0.251015
-1.98602 -1.52372 0.852881 0.276545
-1.97669 -1.52072 0.932176 0.300321
-1.96657 -1.51749 1.01269 0.322185
-1.95562 -1.51408 1.09451 0.341981
-1.94385 -1.51048 1.17774 0.359556
-1.93122 -1.50673 1.26247 0.37476
-1.91773 -1.50286 1.34877 0.38745
-1.90337 -1.49888 1.43674 0.397489
-1.8881 -1.49483 1.52643 0.404753
-1.87192 -1.49074 1.61793 0.409132
-1.85481 -1.48664 1.71128 0.410532
-1.83674 -1.48255 1.80652 0.408886
-1.81771 -1.47851 1.90368 0.404158
-1.79768 -1.47454 2.00275 0.396349
-1.77664 -1.47069 2.10373 0.38551
-1.75458 -1.46697 2.20654 0.37175
-1.73147 -1.46342 2.3111 0.355251
-1.70729 -1.46006 2.41725 0.33628
-1.68205 -1.4569 2.52479 0.315208
-1.65571 -1.45398 2.63345 0.292524
-1.62828 -1.45129 2.74288 0.268849
-1.59976 -1.44884 2.85264 0.244957
-1.57013 -1.44662 2.9622 0.221777
-1.53942 -1.44462 3.07094 0.200405
-1.50764 -1.4428 3.17812 0.182094
-1.47481 -1.44112 3.28295 0.168239
-1.44097 -1.43951 3.38455 0.160342
-1.40615 -1.43791 3.48201 0.159971
-1.3704 -1.43623 3.57442 0.168693
-1.33379 -1.43435 3.66091 0.188005
-1.29639 -1.43215 3.74071 0.219256
-1.25826 -1.42952 3.81314 0.263583
-1.21948 -1.4263 3.87773 0.321848
-1.18014 -1.42235 3.93412 0.394609
-1.14032 -1.41753 3.98217 0.482104
-1.1001 -1.41169 4.02187 0.58427
-1.05956 -1.40468 4.05333 0.700774
-1.0188 -1.39637 4.07676 0.831064
-0.977873 -1.38663 4.09238 0.974422
-0.936868 -1.37533 4.10047 1.13001
-0.895856 -1.36236 4.10123 1.29694
-0.854907 -1.34761 4.09485 1.47426
-0.814093 -1.331 4.08143 1.66106
-0.773482 -1.31244 4.06103 1.85642
-0.733147 -1.29185 4.0336 2.05945
-0.693156 -1.26915 3.99903 2.26931
-0.653585 -1.2443 3.95716 2.4852
-0.614507 -1.21724 3.90777 2.70636
-0.576001 -1.18792 3.85061 2.93204
-0.538147 -1.1563 3.7854 3.16159
-0.501028 -1.12236 3.71188 3.39434
-0.46473 -1.08606 3.62978 3.6297
-0.429342 -1.04739 3.53888 3.86711
-0.394951 -1.00633 3.43903 4.10602
-0.36165 -0.962869 3.33016 4.34593
-0.329526 -0.917005 3.21232 4.58637
-0.29867 -0.868737 3.0857 4.82682
-0.269163 -0.81807 2.9507 5.06676
-0.241083 -0.765014 2.80795 5.30556
-0.214499 -0.70959 2.65842 5.54242
-0.189465 -0.651827 2.50343 5.77629
-0.166016 -0.59177 2.34483 6.00571
-0.144166 -0.529483 2.18502 6.22868
-0.123895 -0.465058 2.02715 6.44247
-0.105143 -0.398624 1.87513 6.64347
-0.0878064 -0.330352 1.73369 6.82711
-0.0717235 -0.260474 1.60829 6.98788
-0.0566756 -0.189277 1.50479 7.11966
-0.0423862 -0.117114 1.42895 7.21629
-0.0285294 -0.0443897 1.38567 7.27243
-0.0147472 0.0284556 1.37823 7.28453
-0.000671271 0.100971 1.40759 7.25159
0.0140512 0.172725 1.47225 7.17536
0.029736 0.243326 1.56847 7.06006
0.0466458 0.31244 1.69099 6.91148
0.0649839 0.379801 1.8338 6.73602
0.0848936 0.445199 1.99097 6.53979
0.106464 0.50848 2.15708 6.32812
0.12974 0.569533 2.32753 6.1053
0.154726 0.628278 2.49858 5.87456
0.181398 0.684661 2.66729 5.63829
0.209713 0.738643 2.83144 5.39814
0.239607 0.790195 2.98937 5.15528
0.271006 0.839301 3.1399 4.91055
0.303827 0.885947 3.28219 4.66456
0.337984 0.930125 3.4157 4.41783
0.373385 0.971833 3.54011 4.17084
0.409938 1.01107 3.65527 3.92407
0.44755 1.04785 3.76116 3.67804
0.486129 1.08219 3.85788 3.43333
0.525584 1.11409 3.94558 3.19058
0.565829 1.1436 4.02446 2.95051
0.606776 1.17074 4.09474 2.71389
0.648343 1.19555 4.15665 2.48159
0.690447 1.2181 4.21039 2.25453
0.733008 1.23844 4.2561 2.03372
0.775946 1.25664 4.29387 1.82023
0.819183 1.27279 4.32371 1.61522
0.862639 1.28699 4.34553 1.4199
0.906231 1.29935 4.35917 1.23555
0.949874 1.30998 4.36435 1.06346
0.993481 1.31903 4.36073 0.904957
1.03696 1.32664 4.3479 0.761287
1.08021 1.33298 4.32546 0.633603
1.12315 1.33821 4.29304 0.522862
1.16565 1.3425 4.25038 0.429746
1.20762 1.34605 4.19739 0.35458
1.24896 1.34902 4.13416 0.297261
1.28958 1.35159 4.06105 0.257228
1.32936 1.35393 3.97869 0.23346
1.36824 1.35617 3.88791 0.224523
1.40614 1.35846 3.78975 0.228652
1.44299 1.3609 3.68536 0.243865
1.47875 1.36358 3.57597 0.268076
1.51338 1.36657 3.46278 0.299209
1.54685 1.36993 3.34693 0.335294
1.57914 1.37367 3.22945 0.374531
1.61026 1.37782 3.11124 0.415337
1.64019 1.38239 2.99305 0.456358
1.66894 1.38735 2.87553 0.496475
1.69653 1.3927 2.75916 0.534786
1.72298 1.39841 2.64432 0.570589
1.74829 1.40444 2.53131 0.603354
1.77249 1.41077 2.42032 0.632698
1.79561 1.41735 2.3115 0.658361
1.81766 1.42415 2.20493 0.680184
1.83866 1.43113 2.10065 0.698089
1.85865 1.43825 1.99867 0.712065
1.87764 1.44548 1.89897 0.722148
1.89566 1.45276 1.80151 0.728417
1.91272 1.46007 1.70625 0.730981
1.92885 1.46737 1.61311 0.72997
1.94407 1.47462 1.52203 0.725531
1.9584 1.4818 1.43293 0.717825
1.97186 1.48887 1.34573 0.707018
1.98446 1.49581 1.26034 0.693285
1.99623 1.50257 1.17666 0.676801
2.00717 1.50915 1.09461 0.657743
2.01731 1.51551 1.01409 0.636289
2.02666 1.52164 0.935016 0.612614
2.03524 1.52751 0.857281 0.586893
2.04304 1.5331 0.780792 0.559298
2.0501 1.5384 0.705452 0.529999
2.05641 1.54339 0.631162 0.499162
2.06199 1.54806 0.557824 0.46695
2.06684 1.5524 0.48534 0.433527
2.07098 1.55639 0.413609 0.399049
2.0744 1.56003 0.342532 0.363673
2.07712 1.5633 0.272009 0.327554
2.07914 1.56621 0.201939 0.290842
2.08046 1.56875 0.132223 0.253687
2.08109 1.57091 0.0627586 0.216239
2.08103 1.5727 -0.00655397 0.178645
2.08027 1.57411 -0.0758161 0.141049
2.07882 1.57514 -0.145129 0.103599
2.07667 1.57581 -0.214593 0.0664399
2.07383 1.5761 -0.28431 0.0297158
2.07028 1.57604 -0.354381 -0.0064277
2.06604 1.57562 -0.424907 -0.041845
2.06108 1.57486 -0.495988 -0.0763902
2.0554 1.57376 -0.567725 -0.109917
2.049 1.57233 -0.640218 -0.142277
2.04186 1.5706 -0.713567 -0.173323
2.03398 1.56857 -0.787872 -0.202906
2.02535 1.56626 -0.86323 -0.230877
2.01595 1.56369 -0.939738 -0.257088
2.00578 1.56088 -1.01749 -0.281388
1.99481 1.55784 -1.09659 -0.303631
1.98304 1.55461 -1.17712 -0.323671
1.97045 1.55119 -1.25917 -0.341367
1.95702 1.54763 -1.34283 -0.356581
1.94274 1.54393 -1.42817 -0.369183
1.92759 1.54014 -1.51528 -0.379055
1.91154 1.53628 -1.60422 -0.386089
1.89459 1.53238 -1.69504 -0.390196
1.87671 1.52847 -1.78779 -0.391309
1.85789 1.52457 -1.8825 -0.389391
1.8381 1.52073 -1.97917 -0.384441
1.81732 1.51696 -2.07779 -0.3765
1.79554 1.51331 -2.17831 -0.365667
1.77273 1.50979 -2.28064 -0.352108
1.74888 1.50643 -2.38465 -0.33607
1.72398 1.50325 -2.49016 -0.317894
1.69801 1.50027 -2.59691 -0.298031
1.67097 1.4975 -2.70459 -0.277062
1.64284 1.49494 -2.81278 -0.255703
1.61363 1.49259 -2.921 -0.234825
1.58334 1.49044 -3.02866 -0.215451
1.55199 1.48845 -3.13508 -0.198761
1.5196 1.48659 -3.23951 -0.18607
1.48619 1.4848 -3.34111 -0.178808
1.4518 1.48302 -3.43903 -0.178475
1.41647 1.48115 -3.53238 -0.186588
1.38027 1.4791 -3.62031 -0.204614
1.34325 1.47676 -3.70204 -0.233902
1.30548 1.47401 -3.7769 -0.275615
1.26704 1.4707 -3.84437 -0.330675
1.228 1.4667 -3.90405 -0.399721
1.18844 1.46187 -3.95575 -0.483097
1.14844 1.45607 -3.99939 -0.580855
1.10809 1.44914 -4.03502 -0.692783
1.06747 1.44095 -4.06279 -0.818443
1.02664 1.43138 -4.0829 -0.957224
0.985681 1.4203 -4.09555 -1.10839
0.944672 1.40759 -4.10095 -1.27111
0.90368 1.39314 -4.09925 -1.44453
0.862774 1.37686 -4.09055 -1.62776
0.822025 1.35866 -4.07489 -1.81994
0.781503 1.33846 -4.05222 -2.02021
0.741279 1.31618 -4.02244 -2.22776
0.701425 1.29177 -3.98538 -2.44178
0.662017 1.26515 -3.94082 -2.66152
0.623132 1.23629 -3.88848 -2.88626
0.584851 1.20513 -3.8281 -3.11532
0.547257 1.17165 -3.75937 -3.34804
0.510437 1.13582 -3.682 -3.58382
0.47448 1.0976 -3.59575 -3.82207
0.439475 1.05697 -3.50043 -4.06226
0.405516 1.01393 -3.3959 -4.30386
0.372695 0.968471 -3.28216 -4.54638
0.341101 0.920577 -3.15935 -4.78932
0.310824 0.870256 -3.02776 -5.03217
0.281944 0.817513 -2.88796 -5.27431
0.254536 0.762363 -2.74077 -5.51501
0.228662 0.70483 -2.58741 -5.75329
0.204367 0.644951 -2.42956 -5.98782
0.181672 0.582784 -2.26948 -6.21677
0.160571 0.518408 -2.11011 -6.43759
0.141019 0.451939 -1.95519 -6.6469
0.122925 0.383536 -1.80933 -6.8403
0.106146 0.313412 -1.67793 -7.01241
0.0904766 0.241841 -1.56696 -7.15704
0.0756518 0.169164 -1.48248 -7.26775
0.0613522 0.0957778 -1.42996 -7.33861
0.0472182 0.0221253 -1.41339 -7.36525
0.0328724 -0.0513321 -1.43458 -7.34574
0.0179449 -0.124142 -1.49274 -7.28102
0.00209853 -0.19589 -1.58464 -7.17475
-0.0149535 -0.266215 -1.70521 -7.0325
-0.0334374 -0.334823 -1.84838 -6.86078
-0.0535169 -0.401483 -2.00796 -6.66603
-0.0752985 -0.466022 -2.17815 -6.45394
-0.0988384 -0.528314 -2.35399 -6.22921
-0.124152 -0.588268 -2.53139 -5.9954
-0.151223 -0.64582 -2.70711 -5.75514
-0.18001 -0.700923 -2.8787 -5.51029
-0.210453 -0.753544 -3.04431 -5.26214
-0.24248 -0.80366 -3.20261 -5.0116
-0.276006 -0.851254 -3.35267 -4.75935
-0.310945 -0.896313 -3.49386 -4.50594
-0.347203 -0.938832 -3.62581 -4.2519
-0.384686 -0.978809 -3.74833 -3.99773
-0.4233 -1.01625 -3.86137 -3.74401
-0.46295 -1.05116 -3.965 -3.49134
-0.503544 -1.08357 -4.05938 -3.24045
-0.54499 -1.11349 -4.14468 -2.9921
-0.587202 -1.14096 -4.22112 -2.74718
-0.630091 -1.16603 -4.28891 -2.50665
-0.673573 -1.18874 -4.34821 -2.27155
-0.717564 -1.20917 -4.39916 -2.04304
-0.761982 -1.2274 -4.44178 -1.82236
-0.806742 -1.2435 -4.47601 -1.61085
-0.851759 -1.2576 -4.50169 -1.40994
-0.896945 -1.26982 -4.51854 -1.22113
-0.942206 -1.28028 -4.52616 -1.04596
-0.987447 -1.28913 -4.52409 -0.88598
-1.03257 -1.29656 -4.5118 -0.742664
-1.07745 -1.30273 -4.48879 -0.617328
-1.122 -1.30785 -4.45462 -0.511028
-1.16609 -1.31209 -4.40902 -0.424447
-1.20961 -1.31567 -4.35195 -0.357798
-1.25245 -1.31877 -4.28363 -0.310752
-1.29449 -1.3216 -4.20463 -0.282418
-1.33565 -1.32431 -4.11579 -0.27137
-1.37583 -1.32707 -4.0182 -0.275737
-1.41496 -1.33 -3.91315 -0.293324
-1.45298 -1.33322 -3.80204 -0.321764
-1.48985 -1.33681 -3.68624 -0.358657
-1.52552 -1.34082 -3.5671 -0.401698
-1.55997 -1.34531 -3.44581 -0.448767
-1.59321 -1.35029 -3.32346 -0.497991
-1.62522 -1.35577 -3.20093 -0.547768
-1.65601 -1.36174 -3.07895 -0.596774
-1.68559 -1.36818 -2.95812 -0.643943
-1.71398 -1.37506 -2.83888 -0.688445
-1.74119 -1.38236 -2.72156 -0.729657
-1.76726 -1.39003 -2.60641 -0.767126
-1.79219 -1.39803 -2.49358 -0.800546
-1.81603 -1.40633 -2.38317 -0.829727
-1.83878 -1.41488 -2.27524 -0.854573
-1.86048 -1.42363 -2.1698 -0.875061
-1.88114 -1.43254 -2.06684 -0.891229
-1.90081 -1.44157 -1.96633 -0.903158
-1.91949 -1.45068 -1.86822 -0.91096
-1.93721 -1.45983 -1.77245 -0.914777
-1.954 -1.46898 -1.67894 -0.914766
-1.96988 -1.47809 -1.58763 -0.911098
-1.98486 -1.48713 -1.49843 -0.903951
-1.99898 -1.49606 -1.41125 -0.89351
-2.01224 -1.50486 -1.32602 -0.879963
-2.02466 -1.5135 -1.24264 -0.863496
-2.03627 -1.52194 -1.16102 -0.844298
-2.04708 -1.53017 -1.08107 -0.822553
-2.05711 -1.53815 -1.0027 -0.798444
-2.06637 -1.54587 -0.925805 -0.77215
-2.07487 -1.55331 -0.850301 -0.743848
-2.08263 -1.56045 -0.77609 -0.71371
-2.08966 -1.56727 -0.703076 -0.681903
-2.09598 -1.57375 -0.631161 -0.648593
-2.10158 -1.57989 -0.560249 -0.613941
-2.10648 -1.58567 -0.490243 -0.578104
-2.11069 -1.59109 -0.421043 -0.541235
-2.11422 -1.59612 -0.352553 -0.503486
-2.11706 -1.60077 -0.284672 -0.465006
-2.11924 -1.60503 -0.217303 -0.425938
-2.12074 -1.60889 -0.150345 -0.386427
-2.12158 -1.61236 -0.0836992 -0.346613
-2.12175 -1.61543 -0.017266 -0.306637
-2.12126 -1.61809 0.0490545 -0.266635
-2.12011 -1.62036 0.115362 -0.226746
-2.11829 -1.62223 0.181757 -0.187105
-2.1158 -1.62371 0.248339 -0.147849
-2.11265 -1.6248 0.315208 -0.109112
-2.10883 -1.62551 0.382464 -0.0710311
-2.10433 -1.62585 0.450207 -0.033741
-2.09914 -1.62582 0.518536 0.00262181
-2.09326 -1.62544 0.58755 0.0379207
-2.08669 -1.62472 0.657349 0.0720186
-2.07941 -1.62368 0.72803 0.104778
-2.07141 -1.62231 0.799692 0.13606
-2.06269 -1.62066 0.872431 0.165727
-2.05323 -1.61872 0.946344 0.19364
-2.04301 -1.61652 1.02152 0.219663
-2.03203 -1.61409 1.09807 0.243659
-2.02027 -1.61143 1.17606 0.265495
-2.00771 -1.60858 1.25559 0.285042
-1.99435 -1.60556 1.33673 0.302174
-1.98015 -1.60239 1.41958 0.316776
-1.96511 -1.59911 1.5042 0.328741
-1.9492 -1.59573 1.59066 0.337977
-1.93241 -1.59228 1.679 0.34441
-1.91472 -1.5888 1.76926 0.347986
-1.8961 -1.58531 1.86148 0.348684
-1.87655 -1.58185 1.95565 0.346516
-1.85603 -1.57843 2.05176 0.341538
-1.83453 -1.5751 2.14975 0.333863
-1.81204 -1.57186 2.24953 0.323668
-1.78853 -1.56875 2.35096 0.311206
-1.76399 -1.56578 2.45387 0.296824
-1.73841 -1.56297 2.558 0.280972
-1.71178 -1.56033 2.66304 0.264218
-1.68409 -1.55785 2.7686 0.24726
-1.65535 -1.55554 2.87421 0.230934
-1.62556 -1.55338 2.97931 0.216215
-1.59473 -1.55134 3.08326 0.204217
-1.56287 -1.54938 3.18536 0.196171
-1.53002 -1.54744 3.28485 0.193407
-1.49621 -1.54547 3.38091 0.197312
-1.46149 -1.54338 3.47275 0.209278
-1.42589 -1.54107 3.5596 0.230652
-1.38948 -1.53845 3.64074 0.26267
-1.35233 -1.53538 3.71555 0.306402
-1.31449 -1.53175 3.78355 0.362706
-1.27605 -1.52743 3.84438 0.432191
-1.23707 -1.52228 3.89781 0.515207
-1.19763 -1.51616 3.94376 0.61185
-1.15781 -1.50894 3.98223 0.721979
-1.11768 -1.50049 4.01331 0.845254
-1.07731 -1.49068 4.03713 0.981175
-1.03677 -1.47939 4.05385 1.12912
-0.996131 -1.4665 4.0636 1.28838
-0.955466 -1.45192 4.06649 1.45822
-0.914841 -1.43554 4.06256 1.63784
-0.874323 -1.41728 4.05181 1.82648
-0.833981 -1.39704 4.03417 2.02336
-0.793886 -1.37477 4.00949 2.22772
-0.75411 -1.35038 3.97758 2.43883
-0.714728 -1.32382 3.9382 2.65599
-0.675818 -1.29503 3.89107 2.8785
-0.637459 -1.26398 3.83588 3.10571
-0.599736 -1.23061 3.7723 3.337
-0.562735 -1.19489 3.70004 3.57177
-0.526547 -1.15679 3.61881 3.80944
-0.491263 -1.1163 3.52839 4.04949
-0.456977 -1.07339 3.4286 4.29139
-0.423783 -1.02804 3.31941 4.53467
-0.391775 -0.980251 3.20088 4.77881
-0.361042 -0.930018 3.07326 5.02332
-0.331672 -0.877341 2.93704 5.26761
-0.303742 -0.822232 2.79297 5.51097
-0.27732 -0.764707 2.64217 5.75248
-0.252458 -0.704798 2.48622 5.99088
-0.229185 -0.642554 2.32727 6.22442
-0.207504 -0.578047 2.16813 6.4507
-0.187379 -0.511383 2.01245 6.66643
-0.168732 -0.442709 1.86475 6.86735
-0.151428 -0.372228 1.73042 7.04811
-0.135273 -0.300204 1.61552 7.20245
-0.120009 -0.226967 1.52637 7.32369
-0.105321 -0.152912 1.46883 7.40545
-0.0908459 -0.0784846 1.44747 7.44277
-0.0761991 -0.00415472 1.46468 7.43299
-0.0609968 0.0696097 1.52023 7.37644
-0.0448842 0.142373 1.61126 7.27636
-0.0275558 0.213755 1.73284 7.13815
-0.00876736 0.283439 1.87885 6.96839
0.0116611 0.351176 2.04285 6.77373
0.0338489 0.416778 2.21878 6.5602
0.0578624 0.480105 2.40135 6.33275
0.0837243 0.541057 2.58619 6.0952
0.111423 0.599561 2.76985 5.85035
0.14092 0.655563 2.94967 5.6002
0.172156 0.709024 3.12367 5.34611
0.20506 0.759915 3.29039 5.08907
0.239548 0.808213 3.44883 4.82979
0.275531 0.853901 3.59829 4.56886
0.312915 0.89697 3.73836 4.30684
0.351603 0.937412 3.86881 4.04429
0.391499 0.975231 3.9896 3.78182
0.432507 1.01043 4.10075 3.52014
0.474531 1.04303 4.20242 3.26002
0.517478 1.07306 4.29476 3.00237
0.561258 1.10054 4.37798 2.74819
0.605781 1.12552 4.45225 2.49858
0.650958 1.14807 4.51769 2.2548
0.696701 1.16825 4.57435 2.0182
0.742923 1.18616 4.62217 1.79029
0.789533 1.20188 4.66098 1.57267
0.836437 1.21555 4.69045 1.36711
0.883538 1.22731 4.71013 1.17543
0.930733 1.2373 4.71943 0.99953
0.97791 1.24572 4.71769 0.84127
1.02495 1.25274 4.70424 0.702389
1.07174 1.25858 4.67844 0.584372
1.11813 1.26347 4.63982 0.488301
1.16402 1.26761 4.58817 0.414722
1.20925 1.27125 4.52363 0.363525
1.25372 1.27459 4.44669 0.3339
1.2973 1.27783 4.35827 0.324352
1.3399 1.28116 4.25958 0.332797
1.38142 1.28473 4.15211 0.356718
1.42179 1.28866 4.03747 0.393351
1.46097 1.29306 3.9173 0.439878
1.4989 1.298 3.79316 0.49358
1.53556 1.30352 3.66646 0.551968
1.57095 1.30964 3.53845 0.612849
1.60505 1.31639 3.41015 0.674365
1.63787 1.32374 3.2824 0.734989
1.66943 1.33167 3.15586 0.793509
1.69974 1.34016 3.03102 0.848989
1.72882 1.34917 2.90825 0.900734
1.7567 1.35865 2.7878 0.948248
1.7834 1.36856 2.66985 0.991201
1.80895 1.37886 2.5545 1.02939
1.83336 1.38949 2.44181 1.06273
1.85668 1.4004 2.33179 1.0912
1.87893 1.41155 2.22444 1.11485
1.90012 1.42288 2.1197 1.13379
1.9203 1.43437 2.01755 1.14814
1.93948 1.44595 1.91792 1.15806
1.95769 1.45758 1.82073 1.16374
1.97494 1.46924 1.72592 1.16536
1.99128 1.48087 1.63342 1.16312
2.00671 1.49244 1.54312 1.15724
2.02126 1.50392 1.45497 1.14791
2.03495 1.51527 1.36886 1.13534
2.0478 1.52647 1.28471 1.11973
2.05982 1.53748 1.20243 1.1013
2.07104 1.54829 1.12193 1.08023
2.08147 1.55885 1.04312 1.05672
2.09113 1.56916 0.965909 1.03097
2.10003 1.57919 0.890201 1.00315
2.10819 1.58893 0.815901 0.973441
2.11562 1.59835 0.742914 0.942026
2.12233 1.60744 0.671144 0.909074
2.12834 1.61619 0.600493 0.874749
2.13364 1.62458 0.530862 0.839214
2.13827 1.63261 0.462153 0.802625
2.14221 1.64026 0.394267 0.765138
2.14548 1.64753 0.327103 0.726902
2.14809 1.65441 0.26056 0.688063
2.15003 1.66089 0.194538 0.648766
2.15132 1.66699 0.128936 0.609151
2.15196 1.67268 0.0636516 0.569358
2.15194 1.67797 -0.00141676 0.529522
2.15128 1.68287 -0.066371 0.489779
2.14997 1.68737 -0.131313 0.450262
2.148 1.69149 -0.196345 0.411101
2.14539 1.69521 -0.261568 0.372429
2.14212 1.69855 -0.327085 0.334374
2.13819 1.70152 -0.392996 0.297066
2.13359 1.70413 -0.459404 0.260633
2.12833 1.70638 -0.526409 0.225202
2.12239 1.70829 -0.594111 0.190901
2.11576 1.70987 -0.662609 0.157856
2.10844 1.71113 -0.732002 0.126192
2.10042 1.71209 -0.802388 0.0960329
2.09168 1.71277 -0.873861 0.0675004
2.08221 1.71317 -0.946516 0.0407137
2.07201 1.71333 -1.02044 0.0157887
2.06105 1.71326 -1.09573 -0.00716412
2.04933 1.71298 -1.17246 -0.0280403
2.03682 1.71251 -1.25072 -0.0467441
2.02351 1.71188 -1.33057 -0.0631904
2.00939 1.71111 -1.41207 -0.0773084
1.99444 1.71022 -1.49529 -0.0890445
1.97864 1.70923 -1.58025 -0.0983673
1.96197 1.70818 -1.66699 -0.105272
1.94441 1.70708 -1.75551 -0.109788
1.92595 1.70596 -1.84579 -0.111984
1.90658 1.70484 -1.93778 -0.111977
1.88626 1.70374 -2.03141 -0.10994
1.865 1.70268 -2.12656 -0.106113
1.84277 1.70167 -2.22307 -0.100812
1.81956 1.70073 -2.32073 -0.0944358
1.79537 1.69986 -2.41927 -0.08748
1.77018 1.69905 -2.51837 -0.0805393
1.74401 1.69831 -2.61763 -0.0743131
1.71684 1.69761 -2.71662 -0.0696048
1.68869 1.69694 -2.81482 -0.0673157
1.65957 1.69625 -2.91168 -0.0684325
1.62951 1.69551 -3.0066 -0.0740066
1.59852 1.69466 -3.09899 -0.0851271
1.56664 1.69363 -3.18821 -0.102887
1.5339 1.69235 -3.27367 -0.128343
1.50035 1.69073 -3.35484 -0.162481
1.46604 1.68866 -3.43122 -0.206173
1.43102 1.68606 -3.50241 -0.260151
1.39533 1.68281 -3.5681 -0.324983
1.35905 1.6788 -3.62807 -0.40106
1.32223 1.67392 -3.68217 -0.488601
1.28493 1.66804 -3.73035 -0.587657
1.2472 1.66106 -3.77259 -0.698133
1.20911 1.65286 -3.80892 -0.819808
1.17072 1.64334 -3.83937 -0.95236
1.13208 1.63238 -3.86398 -1.09539
1.09325 1.6199 -3.88277 -1.24844
1.0543 1.60579 -3.8957 -1.41102
1.01527 1.58996 -3.90272 -1.5826
0.976231 1.57234 -3.90369 -1.76266
0.937247 1.55283 -3.89845 -1.95065
0.898379 1.53137 -3.88677 -2.14603
0.859695 1.50789 -3.86837 -2.34825
0.821266 1.48232 -3.84293 -2.55678
0.783165 1.45461 -3.81009 -2.77109
0.74547 1.4247 -3.76947 -2.99064
0.708264 1.39255 -3.72067 -3.21493
0.671631 1.35812 -3.66328 -3.44345
0.635662 1.32136 -3.59692 -3.67573
0.60045 1.28225 -3.52122 -3.9113
0.566091 1.24075 -3.43587 -4.14975
0.532685 1.19684 -3.34063 -4.39067
0.500331 1.15051 -3.23537 -4.63367
0.46913 1.10172 -3.12005 -4.87839
0.439182 1.05048 -2.99483 -5.12443
0.410582 0.996764 -2.86007 -5.37138
0.383417 0.940577 -2.71642 -5.61868
0.357769 0.881921 -2.56487 -5.86558
0.3337 0.820811 -2.40689 -6.111
0.311254 0.757277 -2.24453 -6.35337
0.290448 0.691373 -2.08059 -6.5904
0.271261 0.623185 -1.91878 -6.81882
0.253622 0.552843 -1.76383 -7.03422
0.237407 0.480535 -1.62157 -7.23084
0.222419 0.406518 -1.4988 -7.40167
0.20839 0.331129 -1.40283 -7.53892
0.194983 0.25478 -1.34073 -7.63487
0.181801 0.177949 -1.31823 -7.68312
0.168414 0.101149 -1.33868 -7.67997
0.154391 0.0248965 -1.40224 -7.62525
0.139333 -0.0503275 -1.50587 -7.5224
0.122893 -0.124103 -1.64393 -7.3776
0.1048 -0.196088 -1.80935 -7.19845
0.084853 -0.266014 -1.99469 -6.99262
0.0629228 -0.333683 -2.19301 -6.76692
0.0389392 -0.398951 -2.39837 -6.52679
0.0128799 -0.461714 -2.60592 -6.27633
-0.0152392 -0.521898 -2.81192 -6.01836
-0.0453745 -0.579446 -3.01353 -5.75481
-0.0774612 -0.634315 -3.20867 -5.48689
-0.11142 -0.686469 -3.39586 -5.21543
-0.147161 -0.735879 -3.57408 -4.94098
-0.184587 -0.782519 -3.74265 -4.66401
-0.223599 -0.826369 -3.90119 -4.38495
-0.264094 -0.867412 -4.04953 -4.10433
-0.305971 -0.905639 -4.18765 -3.82273
-0.349128 -0.941048 -4.31567 -3.54089
-0.393465 -0.973645 -4.43378 -3.25967
-0.438887 -1.00345 -4.5422 -2.98011
-0.485299 -1.03048 -4.64116 -2.70338
-0.532608 -1.05479 -4.73086 -2.43086
-0.580721 -1.07643 -4.81138 -2.16411
-0.629548 -1.09548 -4.8827 -1.90491
-0.678995 -1.11203 -4.94461 -1.65527
-0.728961 -1.12621 -4.99668 -1.41745
-0.779344 -1.13815 -5.03828 -1.19394
-0.830029 -1.14802 -5.06851 -0.987434
-0.880892 -1.15603 -5.08631 -0.800747
-0.931797 -1.16239 -5.09046 -0.636685
-0.982595 -1.16737 -5.07976 -0.49784
-1.03313 -1.17124 -5.05318 -0.386337
-1.08323 -1.17427 -5.01002 -0.303561
-1.13273 -1.17677 -4.9501 -0.249922
-1.18147 -1.17902 -4.87388 -0.224702
-1.22929 -1.18128 -4.78244 -0.226049
-1.27607 -1.18379 -4.67747 -0.251124
-1.32168 -1.18675 -4.56105 -0.296369
-1.36603 -1.19033 -4.43546 -0.357847
-1.40906 -1.19465 -4.303 -0.431565
-1.45072 -1.19978 -4.16583 -0.513748
-1.49098 -1.20579 -4.02584 -0.601022
-1.52982 -1.2127 -3.88461 -0.690509
-1.56726 -1.2205 -3.74341 -0.779853
-1.60329 -1.22917 -3.6032 -0.867192
-1.63794 -1.23868 -3.46472 -0.951108
-1.67122 -1.24899 -3.32849 -1.03055
-1.70317 -1.26004 -3.19484 -1.1048
-1.73381 -1.27177 -3.06402 -1.17335
-1.76317 -1.28413 -2.93615 -1.23592
-1.79128 -1.29705 -2.8113 -1.29236
-1.81818 -1.31048 -2.68948 -1.34264
-1.84389 -1.32435 -2.57067 -1.38683
-1.86843 -1.3386 -2.45485 -1.42505
-1.89185 -1.35317 -2.34194 -1.45746
-1.91417 -1.36801 -2.2319 -1.48427
-1.93542 -1.38307 -2.12465 -1.5057
-1.95562 -1.39829 -2.02011 -1.522
-1.9748 -1.41362 -1.91822 -1.53342
-1.99299 -1.42903 -1.81888 -1.54021
-2.01021 -1.44445 -1.72204 -1.54263
-2.02649 -1.45986 -1.62759 -1.54093
-2.04184 -1.47522 -1.53547 -1.53538
-2.0563 -1.49048 -1.4456 -1.52621
-2.06988 -1.50562 -1.35788 -1.51368
-2.0826 -1.5206 -1.27224 -1.49801
-2.09449 -1.53539 -1.18858 -1.47945
-2.10555 -1.54997 -1.10683 -1.45821
-2.11582 -1.56432 -1.02688 -1.43452
-2.12531 -1.5784 -0.948649 -1.40857
-2.13403 -1.59221 -0.87204 -1.38059
-2.142 -1.60572 -0.796956 -1.35077
-2.14923 -1.61891 -0.723297 -1.31929
-2.15574 -1.63177 -0.650962 -1.28635
-2.16154 -1.64429 -0.579849 -1.25212
-2.16664 -1.65646 -0.509854 -1.21679
-2.17105 -1.66827 -0.44087 -1.18052
-2.17478 -1.6797 -0.372791 -1.14347
-2.17783 -1.69076 -0.305506 -1.10582
-2.18022 -1.70144 -0.238907 -1.06772
-2.18195 -1.71173 -0.172883 -1.02932
-2.18302 -1.72164 -0.107321 -0.990772
-2.18344 -1.73116 -0.0421098 -0.95223
-2.18321 -1.7403 0.0228636 -0.913836
-2.18234 -1.74906 0.0877124 -0.875736
-2.18081 -1.75744 0.15255 -0.838069
-2.17864 -1.76545 0.21749 -0.800974
-2.17581 -1.77309 0.282644 -0.764588
-2.17233 -1.78038 0.348127 -0.729046
-2.16819 -1.78733 0.41405 -0.69448
-2.16338 -1.79394 0.480525 -0.661019
-2.15791 -1.80023 0.547661 -0.628791
-2.15175 -1.80621 0.615567 -0.59792
-2.14491 -1.81189 0.68435 -0.568527
-2.13737 -1.8173 0.754114 -0.540726
-2.12912 -1.82244 0.824959 -0.514628
-2.12015 -1.82735 0.896982 -0.490335
-2.11044 -1.83203 0.970275 -0.467941
-2.09999 -1.8365 1.04492 -0.447529
-2.08878 -1.84079 1.121 -0.429168
-2.0768 -1.84492 1.19858 -0.41291
-2.06402 -1.84891 1.27771 -0.398786
-2.05044 -1.85278 1.35843 -0.386805
-2.03603 -1.85655 1.44077 -0.376941
-2.02078 -1.86024 1.52473 -0.369137
-2.00468 -1.86387 1.61029 -0.363293
-1.98771 -1.86746 1.6974 -0.359258
-1.96985 -1.87103 1.78597 -0.356829
-1.95109 -1.87459 1.87588 -0.355737
-1.93142 -1.87815 1.96697 -0.355647
-1.91083 -1.88171 2.05905 -0.356147
-1.88931 -1.88528 2.15185 -0.356747
-1.86686 -1.88884 2.24508 -0.356878
-1.84347 -1.8924 2.33841 -0.355892
-1.81916 -1.89593 2.43144 -0.353073
-1.79392 -1.89941 2.52378 -0.34764
-1.76777 -1.9028 2.61497 -0.338769
-1.74073 -1.90605 2.70458 -0.325613
-1.7128 -1.90913 2.79216 -0.30732
-1.68403 -1.91196 2.87728 -0.283064
-1.65444 -1.91448 2.95957 -0.252067
-1.62405 -1.91662 3.03867 -0.213622
-1.59291 -1.91829 3.1143 -0.167116
-1.56104 -1.91941 3.18623 -0.112038
-1.5285 -1.91989 3.25432 -0.0479897
-1.49532 -1.91963 3.31844 0.0253154
-1.46153 -1.91855 3.37856 0.108058
-1.42718 -1.91655 3.43465 0.20032
-1.39232 -1.91353 3.48673 0.302102
-1.35697 -1.9094 3.53481 0.413332
-1.32118 -1.90406 3.57892 0.533882
-1.28499 -1.89742 3.61906 0.663581
-1.24844 -1.8894 3.65519 0.80222
-1.21156 -1.8799 3.68726 0.949568
-1.17441 -1.86885 3.71517 1.10537
-1.13703 -1.85616 3.73875 1.26935
-1.09945 -1.84174 3.75779 1.44123
-1.06173 -1.82554 3.77205 1.62071
-1.02392 -1.80746 3.78119 1.80745
-0.986067 -1.78745 3.78485 2.00114
-0.948241 -1.76544 3.7826 2.20141
-0.910501 -1.74136 3.77398 2.40789
-0.872916 -1.71516 3.75848 2.62021
-0.835561 -1.68678 3.73554 2.83796
-0.798515 -1.65617 3.7046 3.06074
-0.761864 -1.62329 3.66506 3.28815
-0.725701 -1.58809 3.61631 3.51978
-0.690123 -1.55054 3.55777 3.75527
-0.655235 -1.51059 3.48885 3.99426
-0.621145 -1.46823 3.40898 4.23644
-0.587968 -1.42341 3.31767 4.48158
-0.555824 -1.37612 3.21446 4.72948
-0.524834 -1.32632 3.09898 4.98005
-0.495124 -1.27399 2.97097 5.23327
-0.466821 -1.21909 2.83032 5.48919
-0.44005 -1.16161 2.67708 5.74791
-0.414935 -1.10152 2.51154 6.00954
-0.391592 -1.03878 2.33432 6.27408
-0.370127 -0.973365 2.14648 6.54133
-0.35063 -0.905259 1.94972 6.81061
-0.333164 -0.834454 1.74656 7.08049
-0.317757 -0.760971 1.54074 7.34834
-0.304381 -0.684873 1.33753 7.60974
-0.29294 -0.606293 1.14416 7.85799
-0.28324 -0.525458 0.970011 8.08359
-0.274975 -0.442713 0.826408 8.27447
-0.267719 -0.358543 0.725624 8.417
-0.26093 -0.273558 0.678895 8.49844
-0.253992 -0.188458 0.69383 8.51007
-0.24627 -0.103958 0.772195 8.44993
-0.237177 -0.0207229 0.909298 8.32355
-0.226223 0.060698 1.09536 8.14209
-0.213042 0.139889 1.3181 7.91911
-0.19739 0.216564 1.56529 7.66747
-0.179126 0.290539 1.82633 7.39755
-0.158197 0.361706 2.09288 7.11666
-0.13461 0.43 2.35878 6.82941
-0.108413 0.495383 2.61968 6.53834
-0.0796871 0.557829 2.87257 6.24456
-0.0485327 0.617313 3.11544 5.94836
-0.0150628 0.673808 3.34698 5.64953
0.0206011 0.727285 3.56639 5.34774
0.0583335 0.777711 3.77324 5.04261
0.0980075 0.825051 3.9674 4.73392
0.139497 0.869267 4.14895 4.42159
0.182679 0.910324 4.31818 4.10576
0.227434 0.948192 4.47552 3.78678
0.273649 0.982844 4.62152 3.46521
0.321218 1.01426 4.75682 3.14182
0.370038 1.04244 4.88209 2.81758
0.420019 1.06738 4.99803 2.4937
0.471071 1.08909 5.10525 2.17159
0.523114 1.10762 5.20424 1.85296
0.576066 1.12302 5.29527 1.53983
0.62985 1.13537 5.37835 1.23461
0.68438 1.14477 5.45303 0.940247
0.739564 1.15137 5.5184 0.660234
0.795294 1.15536 5.57298 0.398731
0.851441 1.15696 5.61467 0.160527
0.907849 1.15647 5.64088 -0.0491113
0.964336 1.15422 5.6487 -0.224788
1.02069 1.15061 5.6353 -0.361567
1.07667 1.14605 5.59845 -0.455726
1.13204 1.141 5.537 -0.505535
1.18656 1.13588 5.45133 -0.511792
1.23999 1.1311 5.3434 -0.477912
1.29216 1.127 5.21648 -0.409489
1.3429 1.12387 5.07467 -0.313467
1.39213 1.1219 4.92226 -0.197203
1.43976 1.12122 4.76325 -0.0676685
1.48577 1.12191 4.60105 0.0690733
1.53015 1.12399 4.43834 0.20809
1.57292 1.12745 4.27708 0.345589
1.61411 1.13224 4.11862 0.478791
1.65375 1.13829 3.96383 0.605754
1.69188 1.14554 3.8132 0.725191
1.72855 1.15391 3.66698 0.83631
1.7638 1.16329 3.52524 0.93868
1.79768 1.17362 3.38792 1.03213
1.83023 1.18478 3.25492 1.11667
1.86149 1.19671 3.12609 1.19243
1.8915 1.2093 3.00127 1.25964
1.92031 1.22249 2.8803 1.31857
1.94794 1.23618 2.76302 1.36953
1.97443 1.25031 2.64929 1.41286
1.99982 1.2648 2.53896 1.44889
2.02414 1.27958 2.43192 1.47798
2.04742 1.29459 2.32806 1.50046
2.06969 1.30975 2.22728 1.51669
2.09099 1.32502 2.12949 1.52697
2.11133 1.34034 2.0346 1.53164
2.13076 1.35565 1.94254 1.53101
2.14929 1.3709 1.85323 1.52538
2.16696 1.38605 1.76661 1.51502
2.18378 1.40106 1.68261 1.50022
2.19979 1.41587 1.60116 1.48124
2.21502 1.43045 1.5222 1.45834
2.22947 1.44477 1.44566 1.43174
2.24319 1.45879 1.37148 1.40168
2.25618 1.47247 1.29958 1.36837
2.26848 1.48579 1.2299 1.33202
2.28011 1.49872 1.16236 1.29283
2.29107 1.51123 1.09689 1.25098
2.30141 1.52329 1.03342 1.20664
2.31113 1.53489 0.971856 1.16
2.32025 1.54601 0.912132 1.11119
2.32879 1.55661 0.854163 1.06038
2.33677 1.56669 0.797864 1.00772
2.3442 1.57622 0.74315 0.953327
2.3511 1.58519 0.689934 0.897344
2.35748 1.59359 0.638127 0.839894
2.36336 1.6014 0.58764 0.781095
2.36874 1.60861 0.538382 0.721063
2.37364 1.61521 0.490261 0.659905
2.37808 1.62119 0.443185 0.597729
2.38205 1.62654 0.397059 0.534634
2.38556 1.63124 0.351791 0.470719
2.38864 1.6353 0.307285 0.406079
2.39127 1.63871 0.263446 0.340806
2.39347 1.64146 0.220178 0.274989
2.39525 1.64355 0.177386 0.208717
2.3966 1.64497 0.134974 0.142075
2.39753 1.64572 0.0928434 0.0751486
2.39803 1.6458 0.0508993 0.00802116
2.39812 1.64521 0.00904422 -0.0592242
2.3978 1.64394 -0.032819 -0.126505
2.39705 1.64201 -0.0747877 -0.193737
2.39588 1.6394 -0.116959 -0.260839
2.39428 1.63612 -0.159431 -0.327727
2.39226 1.63218 -0.202301 -0.394315
2.38981 1.62757 -0.245666 -0.460518
2.38691 1.62231 -0.289623 -0.526249
2.38357 1.6164 -0.334271 -0.591417
2.37977 1.60984 -0.379707 -0.655932
2.37551 1.60264 -0.426026 -0.719698
2.37078 1.59481 -0.473326 -0.782619
2.36556 1.58637 -0.521703 -0.844593
2.35985 1.57731 -0.571251 -0.905516
2.35363 1.56766 -0.622065 -0.965279
2.34688 1.55742 -0.674238 -1.02377
2.3396 1.54661 -0.727863 -1.08087
2.33177 1.53525 -0.783031 -1.13645
2.32338 1.52335 -0.839831 -1.19039
2.31439 1.51092 -0.89835 -1.24255
2.30481 1.49799 -0.958674 -1.29279
2.2946 1.48458 -1.02089 -1.34096
2.28375 1.47071 -1.08507 -1.38689
2.27223 1.45641 -1.1513 -1.43043
2.26004 1.4417 -1.21965 -1.47139
2.24713 1.4266 -1.29021 -1.5096
2.2335 1.41115 -1.36303 -1.54485
2.21912 1.39538 -1.43819 -1.57694
2.20396 1.37932 -1.51575 -1.60566
2.18801 1.36302 -1.59578 -1.63077
2.17122 1.3465 -1.67833 -1.65204
2.15359 1.3298 -1.76346 -1.66921
2.13508 1.31298 -1.85124 -1.68202
2.11566 1.29608 -1.94172 -1.69019
2.09531 1.27915 -2.03495 -1.69342
2.074 1.26223 -2.13099 -1.69142
2.0517 1.2454 -2.22991 -1.68386
2.02838 1.22869 -2.33177 -1.67042
2.00402 1.21218 -2.43663 -1.65076
1.97857 1.19594 -2.54458 -1.62453
1.95201 1.18002 -2.65569 -1.59138
1.92431 1.16452 -2.77007 -1.55093
1.89544 1.14949 -2.88783 -1.50282
1.86534 1.13502 -3.00908 -1.44669
1.834 1.1212 -3.13396 -1.38219
1.80138 1.10811 -3.26263 -1.30897
1.76743 1.09584 -3.39523 -1.22673
1.73211 1.08449 -3.53194 -1.13523
1.69538 1.07415 -3.67291 -1.03427
1.65719 1.06491 -3.81829 -0.923785
1.61751 1.05687 -3.96815 -0.803874
1.57629 1.05012 -4.12249 -0.674859
1.53348 1.04475 -4.28117 -0.537391
1.48904 1.04082 -4.44381 -0.392574
1.44294 1.0384 -4.60971 -0.242127
1.39516 1.03751 -4.7777 -0.0885817
1.3457 1.03816 -4.946 0.0645031
1.29458 1.04028 -5.11208 0.212333
1.24186 1.04377 -5.27254 0.348756
1.18763 1.04843 -5.42313 0.466327
1.13204 1.054 -5.55901 0.556675
1.07529 1.06011 -5.67515 0.611263
1.01761 1.06634 -5.7671 0.622505
0.959297 1.07219 -5.83174 0.584988
0.900619 1.07715 -5.86786 0.496417
0.841855 1.08073 -5.87636 0.357924
0.783257 1.08247 -5.85984 0.173615
0.725037 1.08196 -5.82197 -0.0504179
0.66737 1.07889 -5.76671 -0.307241
0.610393 1.07299 -5.69765 -0.590026
0.554217 1.06406 -5.61769 -0.892644
0.498927 1.05197 -5.52891 -1.20993
0.444602 1.03659 -5.43256 -1.53767
0.39131 1.01786 -5.32921 -1.87256
0.339121 0.995743 -5.21889 -2.21193
0.288108 0.970206 -5.10123 -2.55371
0.238352 0.941244 -4.97562 -2.8962
0.18994 0.908864 -4.84127 -3.23804
0.142967 0.873083 -4.69731 -3.57811
0.0975375 0.833928 -4.5429 -3.91549
0.0537651 0.791433 -4.37724 -4.24949
0.0117686 0.745638 -4.19965 -4.57956
-0.0283275 0.696584 -4.00961 -4.90536
-0.0663951 0.644316 -3.80677 -5.22674
-0.102305 0.588879 -3.59103 -5.54371
-0.135931 0.530315 -3.3626 -5.85641
-0.167151 0.468665 -3.12199 -6.16506
-0.195853 0.403966 -2.87021 -6.46983
-0.221942 0.33626 -2.60882 -6.77066
-0.245343 0.26559 -2.34016 -7.06695
-0.26602 0.192018 -2.06764 -7.3572
-0.28398 0.115634 -1.79607 -7.63841
-0.299301 0.0365795 -1.53207 -7.90547
-0.312145 -0.0449264 -1.28444 -8.15059
-0.322787 -0.128556 -1.06418 -8.36298
-0.331626 -0.213851 -0.883861 -8.52952
-0.339186 -0.300217 -0.756024 -8.63657
-0.346092 -0.386949 -0.690551 -8.6732
-0.353011 -0.473296 -0.691902 -8.63464
-0.360586 -0.558537 -0.757554 -8.52417
-0.369372 -0.642061 -0.878623 -8.35235
-0.379796 -0.723399 -1.04237 -8.13382
-0.392148 -0.802236 -1.23522 -7.88366
-0.406598 -0.878383 -1.44495 -7.61471
-0.423216 -0.951748 -1.6618 -7.33655
-0.442001 -1.0223 -1.87854 -7.05556
-0.462902 -1.09006 -2.09014 -6.77554
-0.485834 -1.15504 -2.29319 -6.49851
-0.510689 -1.2173 -2.48552 -6.2253
-0.537347 -1.27686 -2.66576 -5.95607
-0.565678 -1.33376 -2.83314 -5.69063
-0.595551 -1.38805 -2.98726 -5.42865
-0.626831 -1.43975 -3.12802 -5.16982
-0.659386 -1.48889 -3.25551 -4.91386
-0.693086 -1.53549 -3.36995 -4.66064
-0.727803 -1.5796 -3.4717 -4.41012
-0.763415 -1.62122 -3.5612 -4.16239
-0.799804 -1.6604 -3.63895 -3.91763
-0.836859 -1.69716 -3.7055 -3.67612
-0.874474 -1.73154 -3.76146 -3.43823
-0.912548 -1.76358 -3.80744 -3.20434
-0.950989 -1.79333 -3.84406 -2.97491
-0.989709 -1.82084 -3.87196 -2.75039
-1.02863 -1.84615 -3.89176 -2.53125
-1.06767 -1.86933 -3.90404 -2.31796
-1.10676 -1.89044 -3.90938 -2.11097
-1.14584 -1.90954 -3.90831 -1.91072
-1.18486 -1.92672 -3.90129 -1.71762
-1.22374 -1.94204 -3.88877 -1.53206
-1.26246 -1.95559 -3.87112 -1.35441
-1.30094 -1.96744 -3.84867 -1.18501
-1.33916 -1.97768 -3.82167 -1.02417
-1.37706 -1.9864 -3.79033 -0.872199
-1.41461 -1.99369 -3.75481 -0.729353
-1.45176 -1.99965 -3.71522 -0.595878
-1.48848 -2.00437 -3.67161 -0.471984
-1.52472 -2.00795 -3.62404 -0.357842
-1.56044 -2.01049 -3.5725 -0.253577
-1.59561 -2.01208 -3.51701 -0.159254
-1.63019 -2.01283 -3.45758 -0.0748636
-1.66413 -2.01283 -3.39425 -0.000313552
-1.6974 -2.01218 -3.32707 0.0645897
-1.72996 -2.01098 -3.25618 0.12015
-1.76178 -2.00931 -3.18174 0.166787
-1.79282 -2.00726 -3.104 0.205039
-1.82305 -2.00491 -3.02327 0.235556
-1.85245 -2.00232 -2.93989 0.25909
-1.881 -1.99955 -2.8543 0.276468
-1.90867 -1.99667 -2.76694 0.288577
-1.93545 -1.9937 -2.67829 0.296331
-1.96134 -1.9907 -2.58882 0.300647
-1.98633 -1.98767 -2.499 0.302414
-2.01042 -1.98465 -2.40928 0.302477
-2.03362 -1.98163 -2.32006 0.301614
-2.05594 -1.97863 -2.23172 0.300527
-2.07738 -1.97563 -2.14456 0.299835
-2.09797 -1.97263 -2.05885 0.300068
-2.11772 -1.96961 -1.97481 0.301673
-2.13665 -1.96656 -1.8926 0.305015
-2.15477 -1.96346 -1.81236 0.310385
-2.17211 -1.96028 -1.73417 0.318007
-2.18869 -1.957 -1.65808 0.328046
-2.20453 -1.95359 -1.58411 0.340617
-2.21966 -1.95003 -1.51226 0.35579
-2.23408 -1.9463 -1.44251 0.373598
-2.24783 -1.94236 -1.37482 0.394046
-2.26092 -1.93819 -1.30912 0.417112
-2.27337 -1.93376 -1.24535 0.442754
-2.28521 -1.92905 -1.18344 0.470914
-2.29644 -1.92403 -1.12328 0.501523
-2.30709 -1.91869 -1.06479 0.534498
-2.31717 -1.91299 -1.00788 0.56975
-2.32669 -1.90692 -0.952428 0.607186
-2.33568 -1.90045 -0.898338 0.646705
-2.34413 -1.89357 -0.845496 0.688204
-2.35207 -1.88625 -0.793788 0.731578
-2.3595 -1.87849 -0.743099 0.776718
-2.36643 -1.87025 -0.69331 0.823517
-2.37288 -1.86153 -0.6443 0.871863
-2.37883 -1.85232 -0.595948 0.921647
-2.38432 -1.84259 -0.548129 0.972758
-2.38932 -1.83234 -0.500717 1.02508
-2.39386 -1.82155 -0.453586 1.07852
-2.39793 -1.81022 -0.406606 1.13294
-2.40152 -1.79834 -0.359648 1.18825
-2.40465 -1.7859 -0.312581 1.24432
-2.4073 -1.77289 -0.265273 1.30106
-2.40948 -1.7593 -0.217592 1.35834
-2.41117 -1.74514 -0.169405 1.41606
-2.41238 -1.7304 -0.120579 1.4741
-2.41309 -1.71508 -0.070981 1.53236
-2.41329 -1.69917 -0.0204793 1.59072
-2.41298 -1.68268 0.0310581 1.64906
-2.41214 -1.66561 0.0837618 1.70728
-2.41076 -1.64796 0.137761 1.76525
-2.40883 -1.62973 0.193183 1.82287
-2.40633 -1.61093 0.250153 1.88
-2.40324 -1.59156 0.308792 1.93652
-2.39955 -1.57164 0.369222 1.99232
-2.39524 -1.55117 0.431556 2.04725
-2.39028 -1.53015 0.495908 2.10118
-2.38465 -1.50861 0.562383 2.15397
-2.37834 -1.48656 0.631085 2.20547
-2.37132 -1.464 0.702109 2.25552
-2.36357 -1.44097 0.775547 2.30395
-2.35505 -1.41746 0.851481 2.35058
-2.34575 -1.39351 0.929988 2.39523
-2.33564 -1.36913 1.01114 2.4377
-2.32469 -1.34435 1.09498 2.47775
-2.31287 -1.3192 1.18158 2.51518
-2.30016 -1.2937 1.27097 2.54971
-2.28653 -1.26789 1.36319 2.5811
-2.27195 -1.2418 1.45825 2.60905
-2.25639 -1.21547 1.55615 2.63327
-2.23982 -1.18894 1.65691 2.65342
-2.22221 -1.16224 1.7605 2.66916
-2.20354 -1.13544 1.86691 2.68013
-2.18378 -1.10858 1.97609 2.68593
-2.1629 -1.08172 2.08801 2.68617
-2.14088 -1.05492 2.2026 2.6804
-2.11768 -1.02824 2.31982 2.66818
-2.09328 -1.00174 2.43959 2.64904
-2.06766 -0.97552 2.56186 2.62249
-2.0408 -0.94964 2.68656 2.58802
-2.01266 -0.924189 2.81363 2.54513
-1.98323 -0.899256 2.94303 2.49327
-1.95249 -0.874937 3.07472 2.43191
-1.9204 -0.851332 3.20872 2.36049
-1.88695 -0.828547 3.34504 2.27844
-1.85211 -0.806695 3.48376 2.18521
-1.81586 -0.785893 3.62499 2.0802
-1.77817 -0.766265 3.76891 1.96285
-1.73901 -0.747939 3.91579 1.83257
-1.69835 -0.731051 4.06594 1.68876
-1.65616 -0.715743 4.2198 1.53082
-1.61238 -0.702162 4.3779 1.35815
-1.56697 -0.69046 4.54086 1.17018
-1.51987 -0.680797 4.70944 0.966338
-1.47103 -0.673335 4.88445 0.746133
-1.42036 -0.668243 5.06678 0.509212
-1.36779 -0.665688 5.2573 0.255479
-1.31322 -0.665835 5.45674 -0.0147011
-1.25657 -0.668837 5.66546 -0.30017
-1.19774 -0.674822 5.88312 -0.59845
-1.13665 -0.683871 6.10814 -0.904965
-1.07328 -0.695991 6.33697 -1.21197
-1.00765 -0.711064 6.56316 -1.5073
-0.939887 -0.728797 6.77663 -1.77332
-0.87025 -0.748668 6.96364 -1.98707
-0.799167 -0.769896 7.10839 -2.12279
-0.727199 -0.791472 7.1968 -2.15766
-0.654986 -0.812263 7.22129 -2.07905
-0.583146 -0.831156 7.18396 -1.88929
-0.512191 -0.847199 7.0955 -1.60439
-0.442482 -0.859676 6.97091 -1.24767
-0.374235 -0.868104 6.82466 -0.842747
-0.307556 -0.872195 6.66792 -0.409088
-0.242478 -0.871803 6.50782 0.0391991
-0.178998 -0.866875 6.34804 0.492744
-0.1171 -0.857419 6.18978 0.945646
-0.0567737 -0.843476 6.03262 1.39428
0.00197824 -0.825112 5.8752 1.83639
0.0591346 -0.802407 5.71563 2.27053
0.114653 -0.77545 5.55185 2.69564
0.16847 -0.744341 5.38171 3.11092
0.220502 -0.709184 5.20321 3.5157
0.270647 -0.67009 5.01448 3.90944
0.318786 -0.627172 4.81389 4.29172
0.364787 -0.580549 4.60005 4.66233
0.408505 -0.530336 4.37187 5.02128
0.44979 -0.476648 4.12851 5.36887
0.488485 -0.41959 3.86945 5.70576
0.524429 -0.35926 3.59443 6.03297
0.557464 -0.295741 3.30348 6.3519
0.587433 -0.229098 2.99687 6.66432
0.614185 -0.159375 2.67522 6.9723
0.63758 -0.0865944 2.33948 7.27807
0.657491 -0.0107569 1.99114 7.58374
0.673816 0.068152 1.63247 7.89089
0.686486 0.15015 1.26702 8.19982
0.69549 0.235235 0.900387 8.50851
0.700902 0.323346 0.541228 8.81103
0.702927 0.414304 0.202503 9.0958
0.70195 0.507746 -0.0977479 9.34426
0.698577 0.603062 -0.337239 9.53157
0.693644 0.699377 -0.493369 9.63146
0.68814 0.795629 -0.550324 9.62525
0.68308 0.890737 -0.506057 9.51084
0.679341 0.983784 -0.373868 9.30469
0.677571 1.07413 -0.176981 9.03476
0.678168 1.16143 0.0596634 8.73011
0.68132 1.24557 0.315242 8.41379
0.68707 1.32658 0.57497 8.10083
0.695365 1.40457 0.82948 7.79945
0.706098 1.47971 1.07334 7.51317
0.719135 1.55213 1.30365 7.24266
0.734325 1.622 1.51905 6.98711
0.751516 1.68945 1.71905 6.745
0.770552 1.7546 1.90363 6.51459
0.791282 1.81754 2.07303 6.29418
0.813558 1.87836 2.22759 6.08222
0.837235 1.93714 2.36772 5.8774
0.862174 1.99392 2.49386 5.67863
0.888239 2.04877 2.60647 5.48501
0.915299 2.10173 2.70601 5.29591
0.943228 2.15284 2.79294 5.11084
0.971906 2.20214 2.86775 4.92948
1.00122 2.24965 2.93094 4.75167
1.03105 2.29543 2.98302 4.57734
1.06129 2.33949 3.02451 4.40653
1.09185 2.38188 3.05594 4.23936
1.12263 2.42264 3.07785 4.076
1.15354 2.46181 3.09079 3.91665
1.18449 2.49943 3.09531 3.76155
1.21541 2.53554 3.09194 3.61096
1.24622 2.57019 3.08121 3.46513
1.27686 2.60343 3.06365 3.3243
1.30725 2.63532 3.03977 3.18872
1.33736 2.6659 3.01004 3.0586
1.3671 2.69524 2.97494 2.93414
1.39645 2.7234 2.93491 2.8155
1.42536 2.75043 2.89036 2.70283
1.45377 2.77639 2.84169 2.59623
1.48167 2.80135 2.78926 2.4958
1.509 2.82536 2.73343 2.40157
1.53575 2.8485 2.6745 2.31359
1.56187 2.87082 2.61277 2.23184
1.58736 2.89238 2.5485 2.1563
1.61218 2.91325 2.48196 2.08691
1.63631 2.93349 2.41337 2.02361
1.65974 2.95315 2.34293 1.9663
1.68245 2.9723 2.27086 1.91486
1.70442 2.99099 2.19732 1.86918
1.72565 3.00928 2.12248 1.8291
1.74611 3.02723 2.0465 1.79447
1.76581 3.04488 1.96952 1.76513
1.78473 3.06229 1.89169 1.74089
1.80286 3.0795 1.81312 1.72157
1.8202 3.09657 1.73395 1.70698
1.83674 3.11354 1.65429 1.69691
1.85248 3.13045 1.57425 1.69115
1.86742 3.14735 1.49395 1.68951
1.88156 3.16426 1.41348 1.69178
1.89489 3.18124 1.33295 1.69772
1.90741 3.19831 1.25247 1.70714
1.91913 3.21551 1.17213 1.71982
1.93005 3.23287 1.09203 1.73555
1.94017 3.25041 1.01225 1.75411
1.9495 3.26816 0.932906 1.77531
1.95804 3.28615 0.854071 1.79893
1.9658 3.3044 0.775835 1.82478
1.97278 3.32293 0.698283 1.85267
1.979 3.34175 0.621494 1.88241
1.98446 3.36089 0.545546 1.91382
1.98916 3.38036 0.47051 1.94674
1.99312 3.40016 0.396456 1.98099
1.99636 3.42033 0.323446 2.01643
1.99887 3.44086 0.251538 2.0529
2.00068 3.46176 0.180787 2.09028
2.00179 3.48305 0.111238 2.12845
2.00222 3.50472 0.0429338 2.16728
2.00198 3.52679 -0.024091 2.20668
2.00109 3.54925 -0.0898071 2.24656
1.99954 3.57212 -0.154192 2.28683
1.99737 3.59539 -0.217228 2.32742
1.99458 3.61908 -0.278907 2.36828
1.99119 3.64317 -0.339224 2.40934
1.98721 3.66768 -0.398181 2.45058
1.98265 3.6926 -0.455787 2.49196
1.97753 3.71793 -0.512057 2.53346
1.97186 3.74368 -0.567011 2.57506
1.96565 3.76985 -0.620677 2.61675
1.95892 3.79643 -0.673087 2.65854
1.95168 3.82344 -0.724281 2.70042
1.94394 3.85086 -0.774305 2.74241
1.9357 3.87871 -0.823212 2.78451
1.92699 3.90697 -0.871062 2.82673
1.91781 3.93566 -0.917924 2.86909
1.90818 3.96478 -0.963875 2.9116
1.89809 3.99432 -1.00901 2.95425
1.88755 4.02429 -1.05341 2.99704
1.87658 4.05469 -1.09722 3.03997
1.86517 4.08552 -1.14055 3.08299
1.85334 4.11678 -1.18355 3.12607
1.84107 4.14848 -1.22641 3.16912
1.82838 4.1806 -1.26933 3.21206
1.81526 4.21314 -1.31254 3.25474
1.80169 4.24611 -1.35632 3.29699
1.78768 4.2795 -1.40099 3.33856
1.77321 4.31329 -1.4469 3.37918
1.75827 4.34748 -1.49448 3.41849
1.74283 4.38204 -1.5442 3.45609
1.72686 4.41695 -1.59658 3.4915
1.71034 4.45219 -1.65218 3.52419
1.69322 4.48773 -1.7116 3.55363
1.67547 4.52352 -1.77543 3.57928
1.65703 4.55953 -1.84422 3.60066
1.63784 4.5957 -1.91846 3.61744
1.61786 4.632 -1.99846 3.6295
1.59701 4.66837 -2.08435 3.63701
1.57525 4.70477 -2.17603 3.64051
1.55252 4.74118 -2.27309 3.64098
1.52877 4.77758 -2.37489 3.63978
1.50397 4.81397 -2.48056 3.63865
1.47808 4.85036 -2.58908 3.63957
1.45108 4.88681 -2.69944 3.64463
1.42298 4.92337 -2.81071 3.65588
1.39375 4.96012 -2.92217 3.67518
1.36342 4.99716 -3.03337 3.70416
1.33198 5.0346 -3.14417 3.74414
1.29943 5.07257 -3.25475 3.79615
1.26577 5.11118 -3.36563 3.86101
1.231 5.15057 -3.47756 3.93938
1.19508 5.19089 -3.59157 4.03188
1.15799 5.23228 -3.70888 4.13918
1.11969 5.2749 -3.83093 4.2621
1.08009 5.31892 -3.9594 4.40172
1.03913 5.36451 -4.09616 4.55947
0.996695 5.41188 -4.24343 4.73723
0.952658 5.46126 -4.40377 4.93751
0.906855 5.5129 -4.58021 5.16358
0.859091 5.56709 -4.77644 5.41966
0.809121 5.6242 -4.99695 5.71123
0.756648 5.68466 -5.2473 6.04534
0.701304 5.74897 -5.5344 6.431
0.642637 5.81776 -5.86676 6.87955
0.580092 5.89181 -6.25452 7.40466
0.513006 5.97202 -6.70854 8.02121
0.440635 6.05943 -7.23708 8.74054
0.362279 6.15499 -7.83564 9.55648
0.277654 6.2591 -8.46246 10.4112
0.187688 6.37047 -8.99664 11.1364
0.0954134 6.48485 -9.22746 11.4386
0.00540739 6.59588 -9.0006 11.1031
-0.0787886 6.69863 -8.4196 10.2741
-0.15607 6.79152 -7.72815 9.28951
-0.226903 6.87518 -7.08324 8.36578
-0.292238 6.95087 -6.53351 7.56911
-0.353017 7.01984 -6.07795 6.8974
-0.410036 7.08314 -5.70188 6.32998
-0.463934 7.1416 -5.38977 5.84525
-0.51522 7.19585 -5.12864 5.42521
-0.564303 7.24641 -4.90833 5.05588
-0.611514 7.29367 -4.72105 4.72654
-0.657122 7.33796 -4.56079 4.42905
-0.70135 7.37953 -4.42288 4.15718
-0.744387 7.4186 -4.30362 3.90614
-0.786387 7.45532 -4.20004 3.67225
-0.827484 7.48985 -4.10969 3.4527
-0.867789 7.5223 -4.03048 3.24534
-0.907395 7.55279 -3.96061 3.04862
-0.946379 7.5814 -3.89845 2.86144
-0.984805 7.60823 -3.84251 2.6831
-1.02272 7.63336 -3.79137 2.51327
-1.06016 7.65688 -3.74368 2.3519
-1.09714 7.67887 -3.69813 2.19919
-1.13367 7.69943 -3.65344 2.05557
-1.16975 7.71865 -3.60838 1.92159
-1.20537 7.73662 -3.56179 1.7979
-1.2405 7.75348 -3.5126 1.68515
-1.2751 7.76932 -3.45985 1.58395
-1.30912 7.78426 -3.40275 1.49478
-1.34253 7.79844 -3.34069 1.41793
-1.37526 7.81198 -3.27326 1.35346
-1.40727 7.82499 -3.2003 1.30115
-1.43849 7.83759 -3.12183 1.26051
-1.46887 7.8499 -3.03811 1.23078
-1.49836 7.86201 -2.94958 1.21095
-1.52693 7.87401 -2.85681 1.19983
-1.55454 7.88597 -2.76051 1.19608
-1.58115 7.89795 -2.66142 1.1983
-1.60675 7.91 -2.56033 1.20508
-1.63133 7.92215 -2.45799 1.21506
-1.65488 7.93442 -2.35512 1.22697
-1.67741 7.94682 -2.25233 1.23967
-1.69891 7.95934 -2.15019 1.25216
-1.7194 7.97198 -2.04914 1.26361
-1.7389 7.98471 -1.94952 1.27335
-1.75741 7.99752 -1.85161 1.28085
-1.77497 8.01038 -1.75556 1.28574
-1.79158 8.02326 -1.66148 1.28774
-1.80728 8.03612 -1.56939 1.28671
-1.82207 8.04895 -1.47927 1.28258
-1.83598 8.0617 -1.39106 1.27536
-1.84903 8.07435 -1.30466 1.2651
-1.86123 8.08687 -1.21995 1.25191
-1.87259 8.09923 -1.1368 1.23591
-1.88314 8.1114 -1.05507 1.21728
-1.89289 8.12337 -0.974593 1.19618
-1.90184 8.13509 -0.895235 1.17279
-1.91001 8.14657 -0.816843 1.1473
-1.9174 8.15777 -0.739273 1.11991
-1.92403 8.16867 -0.662387 1.0908
-1.92989 8.17928 -0.586055 1.06016
-1.93499 8.18956 -0.510151 1.02819
-1.93933 8.19951 -0.43456 0.995061
-1.94293 8.20912 -0.359172 0.960967
-1.94577 8.21838 -0.283884 0.926086
-1.94785 8.22728 -0.208601 0.890596
-1.94918 8.23583 -0.133233 0.854677
-1.94976 8.24402 -0.0576962 0.818504
-1.94958 8.25184 0.0180896 0.782255
-1.94864 8.2593 0.0941995 0.746107
-1.94693 8.2664 0.170706 0.710237
-1.94445 8.27315 0.247678 0.674825
-1.9412 8.27955 0.325184 0.640051
-1.93717 8.28561 0.403292 0.6061
-1.93235 8.29134 0.482067 0.573157
-1.92673 8.29676 0.561577 0.541414
-1.92031 8.30187 0.641892 0.511063
-1.91308 8.30669 0.723081 0.482304
-1.90503 8.31124 0.805217 0.455337
-1.89615 8.31555 0.888379 0.430373
-1.88642 8.31962 0.972645 0.407622
-1.87584 8.3235 1.0581 0.387304
-1.86439 8.32719 1.14484 0.369642
-1.85206 8.33074 1.23294 0.354865
-1.83884 8.33417 1.32252 0.343207
-1.8247 8.33752 1.41368 0.334908
-1.80963 8.34083 1.50652 0.330212
-1.79362 8.34412 1.60115 0.329364
-1.77665 8.34745 1.6977 0.332614
-1.75868 8.35085 1.79628 0.340212
-1.73971 8.35437 1.89701 0.352405
-1.71971 8.35807 2.00001 0.369435
-1.69866 8.36198 2.10539 0.391538
-1.67653 8.36617 2.21325 0.418934
-1.65329 8.37069 2.3237 0.451827
-1.62892 8.37559 2.43682 0.490396
-1.60339 8.38094 2.55266 0.534787
-1.57668 8.38679 2.67127 0.585105
-1.54876 8.39321 2.79265 0.641403
-1.51959 8.40024 2.91678 0.703671
-1.48915 8.40796 3.04356 0.771825
-1.45742 8.41642 3.17286 0.845691
-1.42438 8.42567 3.3045 0.924992
-1.39 8.43576 3.4382 1.00933
-1.35426 8.44674 3.57362 1.09819
-1.31716 8.45865 3.71032 1.19088
-1.27868 8.47152 3.84778 1.28659
-1.23883 8.48536 3.98537 1.38432
-1.1976 8.50019 4.12239 1.4829
-1.15502 8.516 4.258 1.58099
-1.11111 8.53277 4.39129 1.67708
-1.0659 8.55047 4.52125 1.76949
-1.01943 8.56903 4.64679 1.85641
-0.971761 8.58839 4.76675 1.93588
-0.922962 8.60845 4.87991 2.00585
-0.873112 8.62909 4.98501 2.06422
-0.822304 8.65018 5.08079 2.10886
-0.770644 8.67155 5.166 2.13766
-0.71825 8.69304 5.23941 2.14861
-0.665251 8.71444 5.29989 2.13984
-0.611787 8.73554 5.34641 2.10969
-0.558006 8.7561 5.3781 2.05677
-0.504063 8.7759 5.39427 1.98008
-0.450119 8.79469 5.39447 1.87901
-0.396333 8.81223 5.37855 1.75346
-0.342867 8.82827 5.34665 1.60383
-0.289874 8.84258 5.29926 1.43112
-0.237502 8.85495 5.23725 1.23687
-0.185883 8.86518 5.16181 1.02315
-0.135138 8.8731 5.07449 0.79251
-0.0853674 8.87858 4.97711 0.547855
-0.0366503 8.88151 4.87171 0.292335
0.0109544 8.8818 4.76047 0.0291924
0.0574106 8.87941 4.64561 -0.238385
0.102704 8.87434 4.52934 -0.507408
0.146841 8.86659 4.41373 -0.775205
0.189848 8.85619 4.30067 -1.03951
0.231767 8.84321 4.19186 -1.29853
0.272654 8.8277 4.08874 -1.55095
0.312579 8.80974 3.9925 -1.79593
0.35162 8.78941 3.90413 -2.03309
0.389864 8.76678 3.82437 -2.26244
0.427402 8.74194 3.75384 -2.48437
0.464332 8.71494 3.69301 -2.69954
0.500755 8.68586 3.64225 -2.90888
0.536774 8.65472 3.6019 -3.11352
0.572497 8.62157 3.57227 -3.31479
0.608034 8.58643 3.55369 -3.51417
0.643499 8.5493 3.54657 -3.71331
0.679013 8.51016 3.55136 -3.914
0.714699 8.46898 3.56866 -4.11821
0.750691 8.42569 3.59919 -4.32809
0.78713 8.38023 3.64384 -4.54601
0.824166 8.33249 3.70366 -4.77455
0.861965 8.28232 3.77988 -5.01652
0.900704 8.22957 3.87388 -5.2749
0.940574 8.17405 3.98701 -5.55272
0.981778 8.11552 4.1204 -5.85273
1.02452 8.05375 4.2744 -6.17668
1.069 7.98851 4.44759 -6.52403
1.11535 7.91962 4.63504 -6.88955
1.1636 7.84702 4.82557 -7.25963
1.21359 7.77094 4.99842 -7.60765
1.2648 7.69203 5.12151 -7.89155
1.31636 7.61143 5.15618 -8.06033
1.36709 7.53068 5.0724 -8.07494
1.41576 7.45134 4.86726 -7.93358
1.46144 7.37458 4.56832 -7.67595
1.50361 7.30098 4.21694 -7.35992
1.5421 7.23063 3.84889 -7.03491
1.57697 7.16332 3.48649 -6.73137
1.60837 7.09868 3.14026 -6.46346
1.6365 7.03633 2.81333 -6.2352
1.66155 6.97588 2.50501 -6.04547
1.68368 6.91697 2.21297 -5.89103
1.70303 6.85929 1.93437 -5.768
1.71969 6.80256 1.66641 -5.67258
1.73376 6.74655 1.40651 -5.60129
1.74528 6.69104 1.15243 -5.55105
1.7543 6.63585 0.902242 -5.51918
1.76085 6.58081 0.654319 -5.50331
1.76492 6.5258 0.407321 -5.5013
1.76652 6.47069 0.160161 -5.51123
1.76564 6.41538 -0.0880116 -5.5313
1.76226 6.35978 -0.337823 -5.55979
1.75637 6.30383 -0.589688 -5.59503
1.74793 6.24747 -0.843812 -5.63535
1.73693 6.19068 -1.10019 -5.67905
1.72334 6.13344 -1.35864 -5.72438
1.70715 6.07574 -1.61874 -5.76956
1.68835 6.01762 -1.8799 -5.81271
1.66694 5.9591 -2.14134 -5.85192
1.64292 5.90025 -2.4021 -5.8852
1.61631 5.84114 -2.66107 -5.91054
1.58714 5.78188 -2.91698 -5.9259
1.55545 5.72259 -3.16848 -5.92926
1.52131 5.6634 -3.41411 -5.91866
1.48479 5.60448 -3.65238 -5.8922
1.44597 5.546 -3.88179 -5.84812
1.40496 5.48815 -4.10086 -5.78479
1.36188 5.43114 -4.30817 -5.7008
1.31686 5.37519 -4.50243 -5.59494
1.27003 5.32053 -4.68245 -5.46625
1.22156 5.26739 -4.84723 -5.31406
1.1716 5.21601 -4.99595 -5.13797
1.12032 5.16663 -5.12799 -4.93789
1.06789 5.11949 -5.24301 -4.71405
1.01448 5.07482 -5.34087 -4.467
0.960263 5.03284 -5.42175 -4.19762
0.905403 4.99377 -5.48608 -3.90711
0.850057 4.9578 -5.53458 -3.59696
0.794374 4.92511 -5.56828 -3.26895
0.73849 4.89586 -5.58844 -2.92507
0.682523 4.87019 -5.59663 -2.5675
0.626577 4.8482 -5.59461 -2.19852
0.570734 4.83 -5.58435 -1.82044
0.515054 4.81564 -5.56798 -1.43547
0.459577 4.80519 -5.54774 -1.04568
0.404317 4.79866 -5.52592 -0.65288
0.349269 4.79607 -5.50488 -0.25852
0.294399 4.79744 -5.48695 0.136355
0.239654 4.80275 -5.47448 0.531185
0.184956 4.81201 -5.4698 0.925946
0.130204 4.82522 -5.47527 1.32119
0.0752707 4.8424 -5.49329 1.7181
0.0200071 4.86359 -5.52635 2.11849
-0.0357643 4.88884 -5.57715 2.52489
-0.0922501 4.91824 -5.64857 2.94058
-0.149689 4.95194 -5.74387 3.36959
-0.208355 4.9901 -5.8666 3.81671
-0.268561 5.03298 -6.02063 4.28731
-0.330659 5.08085 -6.20981 4.7869
-0.395031 5.13405 -6.43715 5.31988
-0.462059 5.19291 -6.70287 5.88676
-0.532063 5.2577 -7.00034 6.47847
-0.60515 5.32836 -7.30871 7.06603
-0.680981 5.40423 -7.5831 7.58689
-0.758493 5.48363 -7.75125 7.94041
-0.835865 5.56384 -7.73713 8.0213
-0.911013 5.6418 -7.51485 7.79557
-0.982377 5.71519 -7.13638 7.33904
-1.04927 5.78297 -6.68939 6.77761
-1.11169 5.84506 -6.24225 6.20971
-1.16998 5.90192 -5.82914 5.68538
-1.22459 5.95413 -5.46053 5.22104
-1.27595 6.0023 -5.13553 4.81685
-1.32444 6.04696 -4.84908 4.46686
-1.37039 6.0886 -4.59524 4.16374
-1.41407 6.12761 -4.36845 3.90053
-1.45571 6.16432 -4.16395 3.6713
-1.49549 6.19903 -3.97774 3.4711
-1.53356 6.23199 -3.80653 3.29595
-1.57003 6.26342 -3.64762 3.1426
-1.60502 6.2935 -3.49878 3.00846
-1.6386 6.32242 -3.35813 2.89142
-1.67084 6.35031 -3.22412 2.78976
-1.7018 6.37733 -3.09544 2.70209
-1.73151 6.40361 -2.97094 2.62726
-1.76 6.42925 -2.84968 2.56432
-1.78731 6.45437 -2.73081 2.51247
-1.81345 6.47908 -2.61362 2.47103
-1.83842 6.50348 -2.49746 2.43941
-1.86224 6.52765 -2.3818 2.4171
-1.8849 6.55169 -2.26616 2.40362
-1.9064 6.57567 -2.15014 2.39856
-1.92674 6.59969 -2.03338 2.40147
-1.94589 6.62381 -1.9156 2.41195
-1.96386 6.6481 -1.79659 2.42958
-1.98062 6.67264 -1.67618 2.45391
-1.99616 6.69749 -1.55425 2.48448
-2.01047 6.72269 -1.43078 2.52077
-2.02353 6.74832 -1.30576 2.56226
-2.03532 6.7744 -1.1793 2.60835
-2.04584 6.80098 -1.05152 2.65842
-2.05506 6.8281 -0.922635 2.71177
-2.06299 6.85578 -0.792897 2.76771
-2.06962 6.88403 -0.66262 2.82546
-2.07494 6.91288 -0.532162 2.88425
-2.07896 6.94231 -0.40192 2.94329
-2.08168 6.97233 -0.272316 3.00177
-2.08312 7.00292 -0.143785 3.05892
-2.08329 7.03405 -0.016764 3.11399
-2.0822 7.06572 0.108325 3.16628
-2.07989 7.09787 0.231088 3.21517
-2.07638 7.13047 0.351174 3.26011
-2.0717 7.16348 0.468287 3.30066
-2.06588 7.19684 0.582192 3.33648
-2.05895 7.23052 0.692726 3.36735
-2.05095 7.26445 0.799801 3.39316
-2.04192 7.29859 0.903402 3.4139
-2.03188 7.33288 1.00359 3.42968
-2.02088 7.36729 1.10047 3.44072
-2.00893 7.40176 1.19425 3.44727
-1.99608 7.43626 1.28514 3.44972
-1.98235 7.47074 1.37342 3.44845
-1.96775 7.50518 1.45939 3.44394
-1.95232 7.53955 1.54337 3.43665
-1.93606 7.57382 1.62568 3.42709
-1.919 7.60798 1.70667 3.41576
-1.90113 7.64201 1.78667 3.40316
-1.88247 7.67591 1.86599 3.38979
-1.86302 7.70967 1.94494 3.37613
-1.84278 7.7433 2.0238 3.36263
-1.82175 7.77679 2.10285 3.34973
-1.79993 7.81017 2.18233 3.33784
-1.77731 7.84345 2.26245 3.32736
-1.75387 7.87663 2.34341 3.31864
-1.72962 7.90975 2.42538 3.31204
-1.70453 7.94283 2.50852 3.30785
-1.6786 7.97589 2.59295 3.30637
-1.65182 8.00897 2.67876 3.30786
-1.62416 8.0421 2.76604 3.31258
-1.59561 8.07531 2.85483 3.32072
-1.56616 8.10863 2.94518 3.33249
-1.53579 8.14211 3.03708 3.34806
-1.50448 8.17579 3.13053 3.36758
-1.47223 8.2097 3.2255 3.39117
-1.43901 8.24389 3.32191 3.41891
-1.40481 8.2784 3.41971 3.4509
-1.36962 8.31327 3.51877 3.48716
-1.33343 8.34855 3.61898 3.52773
-1.29623 8.38427 3.72019 3.57258
-1.25801 8.42049 3.82222 3.62167
-1.21876 8.45724 3.92489 3.67494
-1.17848 8.49456 4.02795 3.73228
-1.13717 8.5325 4.13119 3.79357
-1.09482 8.57108 4.23433 3.85864
-1.05145 8.61036 4.33708 3.92729
-1.00706 8.65035 4.43915 3.99932
-0.961659 8.69109 4.5402 4.07448
-0.91526 8.73262 4.63989 4.15249
-0.867882 8.77495 4.73787 4.23307
-0.819544 8.81811 4.83377 4.3159
-0.770272 8.86211 4.92722 4.40067
-0.720093 8.90699 5.01783 4.48705
-0.669041 8.95273 5.10523 4.5747
-0.617151 8.99937 5.18903 4.66328
-0.564462 9.04689 5.26886 4.75248
-0.511019 9.09531 5.34436 4.84197
-0.456867 9.14462 5.41518 4.93146
-0.402057 9.19483 5.48099 5.02067
-0.346642 9.24592 5.54148 5.10935
-0.290679 9.2979 5.59637 5.1973
-0.234225 9.35074 5.64539 5.28432
-0.177342 9.40444 5.68831 5.37027
-0.120092 9.45899 5.72494 5.45505
-0.0625414 9.51438 5.75508 5.53857
-0.00475533 9.57059 5.77861 5.6208
0.0531986 9.6276 5.79539 5.70173
0.111252 9.68542 5.80532 5.78138
0.169335 9.74402 5.80832 5.85979
0.227378 9.80339 5.80433 5.93701
0.285311 9.86352 5.79327 6.01309
0.343062 9.9244 5.77509 6.08809
0.400559 9.98602 5.74971 6.16202
0.457729 10.0484 5.71704 6.23488
0.514499 10.1114 5.67697 6.3066
0.570793 10.1752 5.62935 6.37709
0.626533 10.2397 5.57398 6.44613
0.681639 10.3048 5.51063 6.51345
0.736029 10.3706 5.43898 6.57867
0.789615 10.437 5.35868 6.64129
0.842308 10.504 5.26931 6.70071
0.894012 10.5716 5.17039 6.75621
0.944626 10.6396 5.0614 6.80695
0.994044 10.7082 4.94178 6.85201
1.04215 10.7771 4.81096 6.89038
1.08884 10.8463 4.66839 6.92101
1.13397 10.9157 4.51358 6.94287
1.17743 10.9853 4.34614 6.95496
1.21909 11.0548 4.1658 6.95637
1.25882 11.1243 3.97247 6.9464
1.29648 11.1935 3.76631 6.92453
1.33196 11.2624 3.54768 6.89055
1.36513 11.3309 3.31725 6.84455
1.39589 11.3987 3.07592 6.78699
1.42414 11.4659 2.82485 6.71864
1.44979 11.5323 2.56541 6.64066
1.47278 11.5979 2.29913 6.55447
1.49306 11.6625 2.02762 6.46178
1.51058 11.7261 1.75255 6.36445
1.52534 11.7888 1.4755 6.2645
1.53732 11.8504 1.19797 6.16401
1.54653 11.9111 0.921286 6.06502
1.553 11.9708 0.646556 5.96957
1.55674 12.0296 0.374645 5.8796
1.55781 12.0875 0.106154 5.79693
1.55622 12.1448 -0.158589 5.72332
1.55202 12.2014 -0.419536 5.66039
1.54526 12.2575 -0.676909 5.60972
1.53594 12.3132 -0.931202 5.57285
1.52411 12.3687 -1.18317 5.55131
1.50977 12.4242 -1.43384 5.54672
1.49293 12.4798 -1.68451 5.56079
1.47356 12.5357 -1.93677 5.59545
1.45164 12.5923 -2.19252 5.6529
1.4271 12.6496 -2.45401 5.73573
1.39986 12.7081 -2.72389 5.84697
1.3698 12.768 -3.00524 5.99026
1.33679 12.8297 -3.30162 6.16984
1.30062 12.8936 -3.61697 6.39056
1.26106 12.9602 -3.95544 6.65758
1.21786 13.0299 -4.32072 6.97555
1.17071 13.1034 -4.71455 7.34653
1.11938 13.1811 -5.13355 7.7656
1.06374 13.2632 -5.56324 8.21258
1.00405 13.3496 -5.96932 8.6397
0.941134 13.4392 -6.29152 8.96291
0.876573 13.53 -6.45611 9.07897
0.812382 13.6193 -6.41914 8.92533
0.750324 13.7046 -6.20582 8.53477
0.691407 13.7847 -5.89172 8.00926
0.635905 13.8592 -5.55015 7.4474
0.583651 13.9282 -5.22541 6.9078
0.534289 13.9924 -4.93621 6.41419
0.48742 14.0521 -4.68689 5.97092
0.442665 14.1078 -4.47549 5.57401
0.399685 14.16 -4.29795 5.21683
0.358186 14.2089 -4.14993 4.89252
0.317911 14.2549 -4.02747 4.59487
0.278639 14.2981 -3.9272 4.31855
0.240176 14.3387 -3.84634 4.05905
0.20235 14.3768 -3.78259 3.81264
0.165009 14.4125 -3.73408 3.57617
0.128017 14.446 -3.69926 3.34702
0.0912486 14.4772 -3.67683 3.12298
0.0545917 14.5063 -3.66569 2.90221
0.017943 14.5331 -3.66487 2.68319
-0.0187919 14.5577 -3.6735 2.46467
-0.0556994 14.5802 -3.69075 2.24565
-0.0928576 14.6005 -3.71582 2.02541
-0.130336 14.6185 -3.74789 1.80345
-0.168198 14.6343 -3.78611 1.57955
-0.206493 14.6478 -3.82957 1.35372
-0.245266 14.6591 -3.87731 1.12623
-0.284549 14.6681 -3.92828 0.89759
-0.324363 14.6747 -3.98134 0.668571
-0.364716 14.6791 -4.03532 0.440147
-0.405606 14.6813 -4.08898 0.213487
-0.447016 14.6812 -4.14105 -0.0100856
-0.488919 14.6789 -4.19028 -0.229149
-0.531273 14.6745 -4.23544 -0.442235
-0.574027 14.668 -4.2754 -0.647889
-0.617119 14.6595 -4.30912 -0.844735
-0.660476 14.6492 -4.3357 -1.03153
-0.70402 14.6372 -4.35441 -1.20719
-0.747667 14.6234 -4.3647 -1.37089
-0.791329 14.6082 -4.36621 -1.522
-0.834916 14.5916 -4.35874 -1.66017
-0.878339 14.5738 -4.34228 -1.78526
-0.921509 14.5548 -4.31699 -1.89741
-0.964341 14.5348 -4.28315 -1.99693
-1.00675 14.514 -4.24116 -2.08432
-1.04867 14.4924 -4.1915 -2.16023
-1.09001 14.4701 -4.13474 -2.22542
-1.13073 14.4473 -4.07147 -2.28073
-1.17075 14.4241 -4.00231 -2.32705
-1.21003 14.4004 -3.92789 -2.36529
-1.24852 14.3764 -3.84885 -2.39636
-1.28618 14.3522 -3.76578 -2.42116
-1.32297 14.3278 -3.67926 -2.44055
-1.35887 14.3033 -3.58983 -2.45532
-1.39385 14.2786 -3.49799 -2.46624
-1.42789 14.2539 -3.40422 -2.47399
-1.46098 14.2291 -3.30891 -2.47919
-1.4931 14.2042 -3.21245 -2.48239
-1.52426 14.1794 -3.11517 -2.48409
-1.55443 14.1546 -3.01735 -2.4847
-1.58362 14.1297 -2.91923 -2.48457
-1.61183 14.1049 -2.82102 -2.484
-1.63906 14.08 -2.72288 -2.48322
-1.66531 14.0552 -2.62495 -2.4824
-1.69058 14.0304 -2.52731 -2.48168
-1.71488 14.0056 -2.43003 -2.48112
-1.73822 13.9808 -2.33316 -2.48077
-1.76058 13.956 -2.23669 -2.48061
-1.78199 13.9312 -2.14061 -2.48059
-1.80244 13.9064 -2.04488 -2.48065
-1.82193 13.8816 -1.94943 -2.48067
-1.84047 13.8568 -1.8542 -2.48052
-1.85806 13.832 -1.75907 -2.48003
-1.8747 13.8072 -1.66394 -2.47904
-1.89039 13.7824 -1.56869 -2.47735
-1.90512 13.7576 -1.47318 -2.47476
-1.91889 13.7329 -1.37728 -2.47106
-1.9317 13.7083 -1.28084 -2.46602
-1.94354 13.6837 -1.18372 -2.45946
-1.9544 13.6592 -1.08577 -2.45114
-1.96427 13.6348 -0.986869 -2.4409
-1.97314 13.6105 -0.886886 -2.42854
-1.98099 13.5863 -0.785712 -2.41393
-1.98783 13.5624 -0.683255 -2.39694
-1.99362 13.5386 -0.579442 -2.37748
-1.99836 13.515 -0.474227 -2.35552
-2.00204 13.4917 -0.36759 -2.33105
-2.00463 13.4687 -0.259539 -2.30412
-2.00613 13.4459 -0.150114 -2.27484
-2.00653 13.4235 -0.0393861 -2.24335
-2.0058 13.4014 0.0725451 -2.20988
-2.00395 13.3797 0.185549 -2.17469
-2.00095 13.3583 0.299469 -2.13809
-1.99681 13.3373 0.414127 -2.10046
-1.99152 13.3166 0.529323 -2.0622
-1.98507 13.2964 0.644846 -2.02377
-1.97746 13.2765 0.760476 -1.98564
-1.96871 13.2571 0.875991 -1.94832
-1.95879 13.2379 0.991173 -1.91233
-1.94774 13.2192 1.10581 -1.87819
-1.93554 13.2007 1.21972 -1.84644
-1.92221 13.1825 1.33271 -1.8176
-1.90776 13.1646 1.44466 -1.79218
-1.89221 13.1469 1.55542 -1.77069
-1.87556 13.1294 1.66493 -1.75358
-1.85783 13.1119 1.77313 -1.74132
-1.83903 13.0946 1.88 -1.73433
-1.81917 13.0773 1.98558 -1.73301
-1.79827 13.0599 2.08994 -1.73773
-1.77634 13.0424 2.19318 -1.74886
-1.75339 13.0247 2.29546 -1.76673
-1.72942 13.0068 2.39698 -1.79166
-1.70444 12.9886 2.498 -1.82398
-1.67845 12.9699 2.59879 -1.864
-1.65145 12.9508 2.69972 -1.91204
-1.62344 12.9311 2.80119 -1.96847
-1.5944 12.9108 2.90365 -2.03366
-1.56433 12.8897 3.00764 -2.10803
-1.53319 12.8678 3.11375 -2.19209
-1.50096 12.8449 3.22268 -2.28641
-1.46761 12.821 3.33521 -2.39167
-1.43309 12.7959 3.45223 -2.50869
-1.39734 12.7695 3.57478 -2.63845
-1.3603 12.7417 3.70407 -2.78214
-1.32189 12.7123 3.84148 -2.94119
-1.282 12.6811 3.98863 -3.11737
-1.24053 12.648 4.14744 -3.31279
-1.19732 12.6127 4.32015 -3.53002
-1.15223 12.575 4.50939 -3.77211
-1.10505 12.5346 4.71819 -4.04267
-1.05555 12.4911 4.94999 -4.3458
-1.00346 12.4442 5.20846 -4.68587
-0.948493 12.3936 5.49707 -5.06683
-0.890314 12.3387 5.81795 -5.49064
-0.828618 12.2791 6.16955 -5.95392
-0.763197 12.2147 6.54216 -6.4416
-0.694089 12.1455 6.91073 -6.91682
-0.621812 12.0724 7.22778 -7.31091
-0.547542 11.9972 7.42694 -7.52856
-0.473022 11.9223 7.45197 -7.48876
-0.400031 11.8504 7.2991 -7.18466
-0.329799 11.7835 7.02322 -6.69253
-0.26283 11.7224 6.69689 -6.11401
-0.199099 11.6671 6.37314 -5.52389
-0.138312 11.6175 6.07871 -4.96021
-0.0800865 11.5731 5.82253 -4.43618
-0.0240397 11.5336 5.60468 -3.95252
0.0301771 11.4986 5.42168 -3.50495
0.0828676 11.4677 5.26905 -3.0878
0.134291 11.4407 5.14239 -2.6955
0.184669 11.4175 5.03772 -2.32318
0.234185 11.3978 4.95159 -1.96677
0.282994 11.3816 4.881 -1.62296
0.331228 11.3687 4.82334 -1.28917
0.378991 11.3591 4.77631 -0.963409
0.426369 11.3526 4.73784 -0.644211
0.47343 11.3493 4.70606 -0.330567
0.520222 11.3491 4.67922 -0.02186
0.566779 11.3519 4.65567 0.282183
0.613118 11.3578 4.63387 0.581539
0.659241 11.3665 4.61234 0.875929
0.705137 11.3782 4.58965 1.16486
0.750782 11.3926 4.56445 1.44767
0.796137 11.4099 4.53548 1.72354
0.841152 11.4298 4.50152 1.99158
0.885767 11.4523 4.46149 2.25082
0.92991 11.4773 4.41437 2.50028
0.973503 11.5047 4.35928 2.73896
1.01646 11.5344 4.29546 2.96594
1.05868 11.5662 4.22227 3.18036
1.10007 11.6 4.13924 3.38144
1.14053 11.6357 4.04601 3.56853
1.17996 11.6731 3.94239 3.74112
1.21824 11.7121 3.82834 3.89884
1.25528 11.7525 3.70394 4.04148
1.29097 11.7942 3.56943 4.16901
1.32523 11.837 3.42516 4.28153
1.35794 11.8808 3.27161 4.37933
1.38904 11.9254 3.10937 4.46286
1.41843 11.9707 2.9391 4.53271
1.44604 12.0166 2.76154 4.58963
1.47182 12.063 2.5775 4.63448
1.49569 12.1096 2.38779 4.66823
1.51763 12.1566 2.19326 4.69196
1.53757 12.2036 1.99474 4.70682
1.55551 12.2508 1.79305 4.71401
1.57139 12.2979 1.58894 4.71479
1.58523 12.345 1.38312 4.71044
1.59699 12.3921 1.1762 4.70224
1.60668 12.439 0.968719 4.69149
1.61429 12.4858 0.761118 4.67947
1.61982 12.5324 0.553721 4.66745
1.62329 12.579 0.346742 4.65668
1.62469 12.6255 0.140276 4.64841
1.62404 12.6719 -0.0657072 4.64389
1.62132 12.7184 -0.271361 4.64435
1.61655 12.7649 -0.476971 4.65106
1.60972 12.8115 -0.682954 4.6653
1.60083 12.8584 -0.889866 4.68843
1.58984 12.9056 -1.09841 4.72185
1.57675 12.9533 -1.30942 4.76707
1.56151 13.0016 -1.5239 4.82572
1.54408 13.0506 -1.74299 4.89954
1.5244 13.1005 -1.96796 4.99038
1.5024 13.1515 -2.20019 5.10019
1.47799 13.2038 -2.44105 5.23088
1.45107 13.2576 -2.69177 5.38413
1.42154 13.3132 -2.9531 5.56095
1.38929 13.3708 -3.22478 5.76093
1.35424 13.4306 -3.50462 5.981
1.31637 13.4928 -3.78717 6.21349
1.27575 13.5572 -4.062 6.44378
1.23263 13.6237 -4.3124 6.64841
1.18747 13.6917 -4.51617 6.79604
1.14096 13.7602 -4.65061 6.85437
1.09394 13.8282 -4.70149 6.80253
1.04724 13.8946 -4.67076 6.64184
1.00148 13.9586 -4.57599 6.39505
0.957058 14.0195 -4.44192 6.09479
0.914145 14.0773 -4.29133 5.77102
0.872739 14.1317 -4.14058 5.44491
0.832745 14.183 -3.9994 5.12869
0.794019 14.2313 -3.87265 4.82799
0.756397 14.2767 -3.76213 4.54442
0.719717 14.3195 -3.66799 4.27737
0.683822 14.3597 -3.58951 4.02514
0.648566 14.3976 -3.52565 3.78566
0.613813 14.4332 -3.47526 3.55674
0.579441 14.4665 -3.43724 3.3363
0.545335 14.4978 -3.41056 3.1224
0.511392 14.5269 -3.39432 2.91329
0.477515 14.554 -3.38771 2.70738
0.443615 14.579 -3.39002 2.50326
0.409608 14.602 -3.40061 2.29968
0.375419 14.6229 -3.41891 2.09551
0.340975 14.6418 -3.44439 1.88977
0.30621 14.6587 -3.47654 1.68161
0.271061 14.6734 -3.51487 1.47029
0.235472 14.6859 -3.55889 1.2552
0.199392 14.6963 -3.60808 1.03585
0.162773 14.7044 -3.66191 0.811889
0.125575 14.7102 -3.71979 0.583097
0.0877637 14.7137 -3.7811 0.349394
0.049312 14.7148 -3.84517 0.110843
0.0101995 14.7135 -3.91125 -0.132343
-0.0295859 14.7097 -3.97854 -0.379801
-0.0700478 14.7034 -4.04619 -0.631023
-0.111181 14.6945 -4.11329 -0.885362
-0.152969 14.6831 -4.17888 -1.14204
-0.195389 14.6691 -4.24197 -1.40016
-0.238405 14.6525 -4.30157 -1.65873
-0.281971 14.6334 -4.35664 -1.9167
-0.326033 14.6116 -4.4062 -2.17293
-0.370526 14.5874 -4.44926 -2.42629
-0.415375 14.5606 -4.48488 -2.67563
-0.460496 14.5314 -4.51219 -2.91981
-0.5058 14.4998 -4.53036 -3.15774
-0.551187 14.466 -4.53865 -3.38837
-0.59655 14.4298 -4.53638 -3.61072
-0.64178 14.3916 -4.52297 -3.82388
-0.686759 14.3513 -4.49791 -4.02702
-0.731367 14.3091 -4.46075 -4.21936
-0.775478 14.2651 -4.41116 -4.40024
-0.818967 14.2195 -4.34886 -4.56903
-0.861704 14.1722 -4.27365 -4.7252
-0.903558 14.1235 -4.18542 -4.8683
-0.944399 14.0735 -4.08414 -4.99797
-0.984098 14.0224 -3.96988 -5.11393
-1.02253 13.9702 -3.84278 -5.216
-1.05956 13.9172 -3.70313 -5.30414
-1.09507 13.8634 -3.55128 -5.37842
-1.12895 13.809 -3.38773 -5.43906
-1.16108 13.7542 -3.21309 -5.48644
-1.19136 13.6989 -3.02808 -5.5211
-1.21969 13.6435 -2.83351 -5.54376
-1.246 13.588 -2.6303 -5.55527
-1.27019 13.5324 -2.41945 -5.55669
-1.29221 13.4769 -2.20198 -5.54918
-1.312 13.4216 -1.97896 -5.53404
-1.32952 13.3664 -1.75144 -5.51269
-1.34472 13.3116 -1.52043 -5.4866
-1.35759 13.257 -1.28688 -5.45733
-1.3681 13.2027 -1.05164 -5.42644
-1.37626 13.1488 -0.815451 -5.39553
-1.38205 13.0951 -0.578904 -5.36618
-1.38547 13.0417 -0.342438 -5.33997
-1.38654 12.9885 -0.106321 -5.31847
-1.38524 12.9355 0.129361 -5.30323
-1.3816 12.8825 0.364711 -5.29583
-1.37559 12.8296 0.600032 -5.29785
-1.36724 12.7764 0.835836 -5.31095
-1.35651 12.7231 1.07285 -5.33685
-1.34339 12.6693 1.31205 -5.37741
-1.32784 12.615 1.55465 -5.43469
-1.30982 12.5598 1.80213 -5.51097
-1.28926 12.5038 2.0563 -5.60884
-1.26606 12.4464 2.31925 -5.73122
-1.24013 12.3876 2.59343 -5.88146
-1.21131 12.327 2.88153 -6.06324
-1.17945 12.2642 3.1864 -6.28041
-1.14434 12.1988 3.51061 -6.53655
-1.10579 12.1305 3.85567 -6.83377
-1.06358 12.0588 4.22031 -7.1705
-1.01761 11.9834 4.59746 -7.53716
-0.967916 11.9043 4.96941 -7.90953
-0.91489 11.8219 5.3026 -8.24131
-0.859413 11.7373 5.54772 -8.46409
-0.802863 11.6522 5.65497 -8.50828
-0.746825 11.5687 5.60378 -8.34419
-0.692623 11.4887 5.42023 -8.00602
-0.641031 11.413 5.15922 -7.56736
-0.592303 11.342 4.87278 -7.09754
-0.54636 11.2756 4.59428 -6.64029
-0.502962 11.2135 4.33978 -6.21582
-0.461816 11.1552 4.11459 -5.82992
-0.42263 11.1004 3.91866 -5.48135
-0.385132 11.0487 3.74975 -5.16608
-0.349083 10.9999 3.60494 -4.87935
-0.314269 10.9537 3.48133 -4.61655
-0.280506 10.91 3.37633 -4.37355
-0.247629 10.8685 3.2877 -4.14681
-0.215494 10.8292 3.21354 -3.93327
-0.183971 10.7919 3.15228 -3.73037
-0.152945 10.7565 3.10258 -3.53593
-0.122312 10.7231 3.06331 -3.34809
-0.0919766 10.6914 3.03354 -3.16529
-0.0618522 10.6615 3.01244 -2.98617
-0.0318593 10.6334 2.99929 -2.80962
-0.00192481 10.6071 2.99345 -2.63469
0.0280183 10.5825 2.99431 -2.46057
0.0580314 10.5596 3.00131 -2.28666
0.0881704 10.5385 3.0139 -2.11246
0.118486 10.5191 3.03152 -1.93762
0.149022 10.5015 3.0536 -1.76196
0.179817 10.4857 3.07955 -1.58541
0.210904 10.4716 3.10874 -1.40806
0.24231 10.4593 3.1405 -1.23013
0.274051 10.4488 3.17414 -1.05197
0.30614 10.44 3.20891 -0.874058
0.33858 10.433 3.24405 -0.696995
0.371368 10.4278 3.27876 -0.521467
0.404491 10.4243 3.31226 -0.348244
0.437928 10.4226 3.34374 -0.178148
0.471652 10.4224 3.37244 -0.0120274
0.505629 10.4239 3.39761 0.149272
0.539814 10.427 3.41859 0.304935
0.574162 10.4315 3.43475 0.454204
0.608618 10.4375 3.44559 0.596405
0.643125 10.4448 3.45067 0.730966
0.677621 10.4534 3.44965 0.857436
0.712044 10.4631 3.44231 0.975489
0.746329 10.474 3.42852 1.08493
0.780412 10.4858 3.40825 1.1857
0.814227 10.4986 3.38156 1.27785
0.847713 10.5122 3.34858 1.36157
0.880808 10.5266 3.30952 1.43711
0.913455 10.5416 3.26463 1.50484
0.945597 10.5573 3.21423 1.56517
0.977184 10.5735 3.15866 1.61859
1.00817 10.5901 3.09827 1.66561
1.0385 10.6072 3.03344 1.70675
1.06815 10.6246 2.96454 1.74256
1.09707 10.6424 2.89195 1.77357
1.12523 10.6604 2.81603 1.8003
1.1526 10.6786 2.73713 1.82326
1.17915 10.697 2.65558 1.84291
1.20487 10.7156 2.57169 1.85969
1.22973 10.7344 2.48573 1.87402
1.25371 10.7532 2.39798 1.88624
1.27679 10.7722 2.30865 1.89669
1.29897 10.7913 2.21796 1.90565
1.32023 10.8104 2.12608 1.91336
1.34057 10.8296 2.03317 1.92003
1.35996 10.8489 1.93937 1.92583
1.37841 10.8682 1.84478 1.93089
1.3959 10.8875 1.74949 1.93531
1.41244 10.9069 1.65355 1.93916
1.42801 10.9263 1.55704 1.9425
1.44261 10.9458 1.45996 1.94533
1.45623 10.9653 1.36235 1.94766
1.46887 10.9848 1.2642 1.94948
1.48053 11.0043 1.16551 1.95075
1.49119 11.0238 1.06627 1.95144
1.50086 11.0433 0.96646 1.95149
1.50952 11.0628 0.866053 1.95086
1.51717 11.0823 0.765027 1.94951
1.5238 11.1018 0.663363 1.94739
1.52941 11.1212 0.561044 1.94449
1.53399 11.1406 0.458061 1.94079
1.53754 11.16 0.354414 1.9363
1.54004 11.1793 0.250117 1.93106
1.54149 11.1985 0.145195 1.92512
1.54189 11.2177 0.0396915 1.91859
1.54122 11.2368 -0.0663345 1.91158
1.53949 11.2559 -0.172807 1.90426
1.5367 11.2749 -0.279631 1.89682
1.53283 11.2938 -0.386698 1.88951
1.52789 11.3126 -0.493883 1.88259
1.52188 11.3313 -0.601048 1.87636
1.5148 11.3501 -0.708048 1.87116
1.50665 11.3687 -0.814731 1.86734
1.49744 11.3874 -0.920946 1.86528
1.48718 11.406 -1.02654 1.86537
1.47586 11.4247 -1.13139 1.86802
1.46351 11.4435 -1.23535 1.87361
1.45013 11.4623 -1.33834 1.88256
1.43573 11.4812 -1.44026 1.89526
1.42031 11.5004 -1.54108 1.91207
1.40391 11.5197 -1.64076 1.93337
1.38651 11.5393 -1.73935 1.95949
1.36814 11.5592 -1.83689 1.99075
1.34881 11.5795 -1.9335 2.02747
1.32852 11.6002 -2.02931 2.06994
1.30727 11.6213 -2.12454 2.11843
1.28508 11.6431 -2.21942 2.17323
1.26193 11.6654 -2.31425 2.2346
1.23784 11.6885 -2.40938 2.30285
1.21279 11.7122 -2.50521 2.3783
1.18677 11.7368 -2.60221 2.46129
1.15976 11.7624 -2.70091 2.55222
1.13174 11.7889 -2.8019 2.65159
1.10268 11.8165 -2.90587 2.75994
1.07254 11.8453 -3.01359 2.87796
1.04128 11.8753 -3.12595 3.00646
1.00884 11.9068 -3.24397 3.14645
0.975156 11.9398 -3.36881 3.29913
0.940138 11.9744 -3.50183 3.46597
0.903692 12.0109 -3.64461 3.64877
0.865701 12.0494 -3.79903 3.84971
0.826029 12.0901 -3.96727 4.07144
0.784509 12.1333 -4.15191 4.31715
0.74095 12.1792 -4.35595 4.59065
0.695121 12.2282 -4.58286 4.89634
0.646757 12.2806 -4.8364 5.23911
0.595554 12.3368 -5.12034 5.62379
0.54118 12.3974 -5.43743 6.05386
0.483306 12.4626 -5.78737 6.52846
0.421681 12.533 -6.16246 7.03643
0.356279 12.6085 -6.54026 7.54596
0.287533 12.6884 -6.87453 7.99194
0.216589 12.7711 -7.09447 8.2748
0.145281 12.8541 -7.13074 8.29707
0.0756241 12.9344 -6.96572 8.0337
0.00909654 13.01 -6.65275 7.55884
-0.0536427 13.0799 -6.27392 6.98678
-0.112566 13.1439 -5.89229 6.40524
-0.167966 13.2025 -5.54006 5.85901
-0.220247 13.2562 -5.22807 5.36324
-0.269813 13.3054 -4.95659 4.91839
-0.31703 13.3505 -4.72175 4.51929
-0.362217 13.3921 -4.51865 4.15928
-0.405642 13.4305 -4.34252 3.83198
-0.447534 13.4658 -4.18919 3.53181
-0.488085 13.4983 -4.0551 3.25413
-0.527458 13.5283 -3.9373 2.99511
-0.565791 13.5558 -3.83331 2.75167
-0.603202 13.581 -3.74108 2.52132
-0.63979 13.604 -3.65883 2.30207
-0.675641 13.6249 -3.58508 2.09233
-0.710826 13.6438 -3.51852 1.89083
-0.745406 13.6608 -3.45801 1.6966
-0.779432 13.6759 -3.40255 1.50889
-0.812944 13.6892 -3.35121 1.32714
-0.845976 13.7007 -3.30318 1.15096
-0.878552 13.7105 -3.25768 0.980079
-0.910693 13.7186 -3.21402 0.814366
-0.942408 13.7252 -3.17155 0.653762
-0.973705 13.7302 -3.12967 0.49829
-1.00458 13.7336 -3.08783 0.348029
-1.03504 13.7357 -3.04552 0.203098
-1.06506 13.7363 -3.00227 0.0636471
-1.09464 13.7356 -2.95768 -0.0701617
-1.12375 13.7336 -2.91136 -0.198162
-1.15238 13.7304 -2.863 -0.320197
-1.1805 13.7261 -2.81231 -0.436121
-1.2081 13.7206 -2.75906 -0.545816
-1.23513 13.7141 -2.70307 -0.649188
-1.26157 13.7066 -2.64419 -0.746178
-1.28739 13.6983 -2.58231 -0.836758
-1.31256 13.6891 -2.51739 -0.920935
-1.33706 13.6791 -2.44939 -0.99875
-1.36084 13.6684 -2.37832 -1.07028
-1.38388 13.657 -2.30421 -1.13562
-1.40615 13.6451 -2.22712 -1.19491
-1.42763 13.6326 -2.14713 -1.2483
-1.44827 13.6196 -2.06434 -1.29597
-1.46806 13.6062 -1.97886 -1.33812
-1.48697 13.5925 -1.89081 -1.37495
-1.50497 13.5784 -1.80034 -1.40669
-1.52205 13.5641 -1.70757 -1.43356
-1.53817 13.5495 -1.61264 -1.45582
-1.55333 13.5348 -1.51571 -1.47371
-1.5675 13.5199 -1.41692 -1.48747
-1.58066 13.5049 -1.31642 -1.49738
-1.59281 13.4899 -1.21435 -1.50369
-1.60391 13.4748 -1.11087 -1.50667
-1.61398 13.4598 -1.00611 -1.5066
-1.62298 13.4447 -0.90023 -1.50375
-1.63091 13.4298 -0.793363 -1.49839
-1.63777 13.4148 -0.685653 -1.49083
-1.64354 13.4 -0.577239 -1.48134
-1.64822 13.3853 -0.46826 -1.47023
-1.65181 13.3708 -0.358849 -1.4578
-1.6543 13.3563 -0.24914 -1.44435
-1.6557 13.342 -0.139261 -1.4302
-1.65599 13.3279 -0.0293379 -1.41567
-1.65518 13.3138 0.0805095 -1.40108
-1.65328 13.3 0.190165 -1.38676
-1.65029 13.2862 0.299521 -1.37302
-1.6462 13.2726 0.408474 -1.36022
-1.64103 13.2592 0.51693 -1.34866
-1.63478 13.2458 0.624805 -1.3387
-1.62746 13.2325 0.732026 -1.33064
-1.61908 13.2192 0.83853 -1.32483
-1.60964 13.206 0.944269 -1.32159
-1.59914 13.1928 1.04921 -1.32122
-1.58761 13.1795 1.15333 -1.32406
-1.57505 13.1662 1.25663 -1.3304
-1.56145 13.1528 1.35913 -1.34056
-1.54685 13.1393 1.46086 -1.35482
-1.53123 13.1256 1.56189 -1.37348
-1.5146 13.1116 1.6623 -1.39684
-1.49698 13.0973 1.76221 -1.42518
-1.47836 13.0827 1.86173 -1.45879
-1.45875 13.0678 1.96106 -1.49796
-1.43815 13.0523 2.06038 -1.54299
-1.41655 13.0364 2.15992 -1.59419
-1.39395 13.0199 2.25998 -1.6519
-1.37034 13.0027 2.36086 -1.71646
-1.34571 12.9848 2.46293 -1.78825
-1.32005 12.9661 2.56661 -1.86772
-1.29332 12.9466 2.67238 -1.95534
-1.26551 12.9261 2.78081 -2.05167
-1.23659 12.9045 2.89251 -2.15734
-1.20651 12.8818 3.00823 -2.27309
-1.17522 12.8578 3.12879 -2.3998
-1.14267 12.8324 3.25516 -2.53849
-1.10878 12.8055 3.38846 -2.69036
-1.07348 12.7769 3.52997 -2.85686
-1.03667 12.7465 3.68118 -3.03965
-0.998234 12.7141 3.8438 -3.2407
-0.958036 12.6795 4.01976 -3.46228
-0.915924 12.6424 4.21122 -3.70692
-0.871719 12.6027 4.4205 -3.97731
-0.82522 12.5599 4.64984 -4.27602
-0.77621 12.5138 4.901 -4.60486
-0.724467 12.4642 5.17434 -4.96359
-0.669795 12.4107 5.46717 -5.34758
-0.612086 12.3533 5.7709 -5.74384
-0.551414 12.292 6.06719 -6.1255
-0.488168 12.2276 6.32465 -6.44725
-0.423155 12.1611 6.50123 -6.64879
-0.35757 12.0943 6.55855 -6.67497
-0.292728 12.0293 6.48417 -6.50734
-0.229712 11.9675 6.30161 -6.17827
-0.169158 11.91 6.05538 -5.75004
-0.111281 11.8572 5.7877 -5.28196
-0.056016 11.809 5.52654 -4.81365
-0.0031553 11.7654 5.28607 -4.36548
0.0475589 11.7259 5.07142 -3.94512
0.0963873 11.6904 4.88284 -3.55352
0.143572 11.6585 4.71843 -3.18856
0.189327 11.63 4.57551 -2.84702
0.233839 11.6048 4.45127 -2.52556
0.27727 11.5826 4.34306 -2.2211
0.319755 11.5632 4.24849 -1.93095
0.36141 11.5467 4.16547 -1.65288
0.402331 11.5329 4.09211 -1.38508
0.442598 11.5216 4.02677 -1.12608
0.482278 11.5129 3.96797 -0.874755
0.521422 11.5066 3.91437 -0.630263
0.560069 11.5026 3.86476 -0.391997
0.59825 11.501 3.81804 -0.159562
0.635981 11.5017 3.77317 0.0672602
0.673274 11.5046 3.7292 0.288538
0.710126 11.5096 3.68526 0.504213
0.746531 11.5168 3.6405 0.714124
0.782473 11.526 3.59418 0.91803
0.817929 11.5371 3.54557 1.11563
0.852869 11.5502 3.49405 1.30657
0.887259 11.5651 3.43903 1.49049
0.921059 11.5818 3.37999 1.66701
0.954224 11.6001 3.31649 1.83576
0.986706 11.6201 3.24814 1.99639
1.01845 11.6416 3.17463 2.14859
1.04941 11.6645 3.09573 2.29208
1.07952 11.6887 3.01126 2.42665
1.10873 11.7143 2.92114 2.55215
1.13699 11.741 2.82532 2.66847
1.16422 11.7687 2.72384 2.77561
1.19039 11.7974 2.61681 2.87361
1.21544 11.8271 2.50436 2.96261
1.2393 11.8575 2.38672 3.04279
1.26195 11.8886 2.26413 3.11443
1.28331 11.9204 2.13687 3.17787
1.30337 11.9528 2.00527 3.23351
1.32206 11.9856 1.86968 3.28182
1.33937 12.0188 1.73045 3.32331
1.35525 12.0524 1.58795 3.35854
1.36967 12.0863 1.44257 3.38812
1.38262 12.1204 1.29465 3.41271
1.39407 12.1547 1.14456 3.43296
1.40399 12.1892 0.992612 3.44959
1.41238 12.2239 0.839118 3.4633
1.41923 12.2586 0.684343 3.47484
1.42451 12.2935 0.528516 3.48494
1.42823 12.3284 0.371821 3.49437
1.43037 12.3634 0.214394 3.50387
1.43094 12.3986 0.0563173 3.51423
1.42991 12.4338 -0.102382 3.52621
1.4273 12.4693 -0.261739 3.54061
1.42308 12.5048 -0.421852 3.55823
1.41725 12.5406 -0.582886 3.5799
1.4098 12.5767 -0.74508 3.60647
1.40071 12.6131 -0.908751 3.63883
1.38997 12.6499 -1.0743 3.67792
1.37754 12.6871 -1.2422 3.72475
1.36341 12.7249 -1.41304 3.78037
1.34754 12.7634 -1.5875 3.84595
1.32988 12.8026 -1.76635 3.92273
1.31037 12.8427 -1.95047 4.01204
1.28896 12.8839 -2.14083 4.11531
1.26558 12.9262 -2.33846 4.23401
1.24013 12.9699 -2.54438 4.36958
1.21254 13.0151 -2.75952 4.52326
1.18269 13.0621 -2.98447 4.69583
1.1505 13.111 -3.21913 4.88709
1.11588 13.1619 -3.46218 5.09507
1.07878 13.2151 -3.71015 5.31478
1.03922 13.2704 -3.95635 5.53669
0.997319 13.3279 -4.18971 5.74504
0.953374 13.3871 -4.3945 5.91749
0.907852 13.4473 -4.55223 6.0276
0.861387 13.5079 -4.64649 6.05173
0.814691 13.5676 -4.66963 5.97821
0.768424 13.6258 -4.62662 5.81288
0.723095 13.6815 -4.53297 5.57621
0.679012 13.7345 -4.40823 5.29433
0.636312 13.7844 -4.27001 4.99076
0.595002 13.8312 -4.13106 4.68243
0.555009 13.875 -3.99931 4.37965
0.516219 13.9159 -3.87891 4.08766
0.478503 13.954 -3.77162 3.80844
0.441726 13.9894 -3.67774 3.54206
0.405758 14.0223 -3.5968 3.28761
0.370478 14.0527 -3.52797 3.04369
0.335776 14.0808 -3.47027 2.80878
0.301549 14.1066 -3.42268 2.58136
0.267706 14.1302 -3.38424 2.36003
0.234166 14.1516 -3.35402 2.14349
0.200854 14.1709 -3.33117 1.93063
0.167706 14.1881 -3.31489 1.72046
0.134661 14.2033 -3.30443 1.51213
0.10167 14.2163 -3.2991 1.30495
0.0686881 14.2273 -3.29822 1.09832
0.0356768 14.2362 -3.30113 0.891799
0.00260465 14.2431 -3.30721 0.685039
-0.0305535 14.2478 -3.31582 0.477808
-0.0638167 14.2505 -3.32632 0.269978
-0.0971974 14.2512 -3.33807 0.061524
-0.130702 14.2497 -3.35044 -0.147484
-0.16433 14.2461 -3.36277 -0.356882
-0.198073 14.2405 -3.37438 -0.566421
-0.231919 14.2327 -3.38461 -0.775768
-0.265847 14.2229 -3.39279 -0.984519
-0.29983 14.2109 -3.39822 -1.1922
-0.333832 14.1969 -3.40024 -1.39828
-0.367814 14.1809 -3.39816 -1.60219
-0.401727 14.1629 -3.39135 -1.8033
-0.435519 14.1429 -3.37918 -2.00099
-0.469129 14.1209 -3.36103 -2.19458
-0.502493 14.0971 -3.33634 -2.38345
-0.535539 14.0714 -3.3046 -2.56693
-0.568192 14.044 -3.26534 -2.74442
-0.600373 14.0148 -3.21814 -2.91532
-0.632 13.984 -3.16267 -3.07912
-0.662986 13.9517 -3.09863 -3.23534
-0.693245 13.9179 -3.02583 -3.38358
-0.722686 13.8826 -2.94414 -3.52351
-0.751221 13.8461 -2.85351 -3.65491
-0.778761 13.8083 -2.75395 -3.77763
-0.805217 13.7694 -2.64559 -3.89164
-0.830502 13.7294 -2.52858 -3.99702
-0.854534 13.6885 -2.40319 -4.09394
-0.877232 13.6466 -2.26972 -4.1827
-0.898517 13.604 -2.12855 -4.2637
-0.918318 13.5606 -1.98007 -4.33746
-0.936565 13.5166 -1.82474 -4.40458
-0.953196 13.4719 -1.66303 -4.46578
-0.96815 13.4267 -1.49541 -4.52188
-0.981373 13.381 -1.32234 -4.57377
-0.992816 13.3347 -1.14427 -4.62241
-1.00243 13.2881 -0.961597 -4.66888
-1.01018 13.2409 -0.774673 -4.71428
-1.01602 13.1933 -0.583776 -4.75981
-1.01991 13.1452 -0.389097 -4.80672
-1.02181 13.0967 -0.190726 -4.85635
-1.0217 13.0476 0.0113604 -4.91011
-1.01953 12.9979 0.217321 -4.96949
-1.01525 12.9475 0.427462 -5.03609
-1.00883 12.8964 0.642252 -5.11165
-1.00021 12.8444 0.862341 -5.19804
-0.989321 12.7915 1.08857 -5.29733
-0.976101 12.7373 1.32201 -5.41177
-0.960462 12.6819 1.56391 -5.54386
-0.942305 12.6249 1.81572 -5.69627
-0.921515 12.5662 2.07904 -5.87184
-0.89796 12.5055 2.35542 -6.07339
-0.8715 12.4425 2.64608 -6.30326
-0.841987 12.3768 2.95129 -6.56256
-0.809294 12.3083 3.26925 -6.84961
-0.773352 12.2368 3.59421 -7.15738
-0.734215 12.1621 3.91372 -7.46965
-0.692158 12.0845 4.20571 -7.75693
-0.647777 12.0047 4.43805 -7.9756
-0.602028 11.924 4.57498 -8.07673
-0.556102 11.8437 4.59257 -8.02708
-0.511166 11.7654 4.49356 -7.82959
-0.468098 11.6902 4.30681 -7.52249
-0.427387 11.6186 4.07113 -7.15718
-0.389193 11.5508 3.81937 -6.77667
-0.353467 11.4868 3.5726 -6.40787
-0.320051 11.4261 3.34165 -6.06393
-0.288743 11.3686 3.13075 -5.74927
-0.259338 11.314 2.94057 -5.46372
-0.231637 11.2619 2.77003 -5.20498
-0.205463 11.2122 2.61744 -4.97004
-0.180654 11.1647 2.4809 -4.7558
-0.157068 11.1191 2.35863 -4.55937
-0.134578 11.0753 2.24901 -4.37821
-0.113071 11.0332 2.15065 -4.21008
-0.092448 10.9927 2.06231 -4.05306
-0.0726184 10.9536 1.98296 -3.9055
-0.0535012 10.916 1.91171 -3.766
-0.0350233 10.8796 1.8478 -3.63335
-0.0171176 10.8446 1.79057 -3.5065
0.000277041 10.8107 1.73946 -3.38457
0.0172168 10.778 1.69398 -3.26677
0.0337537 10.7465 1.65369 -3.15244
0.0499358 10.7161 1.61821 -3.04101
0.0658078 10.6868 1.5872 -2.93197
0.0814111 10.6585 1.56033 -2.82489
0.0967844 10.6314 1.53733 -2.71941
0.111963 10.6052 1.51791 -2.61522
0.126982 10.5801 1.50181 -2.51206
0.141869 10.556 1.48878 -2.40971
0.156655 10.5329 1.47857 -2.30803
0.171365 10.5108 1.47094 -2.20687
0.186021 10.4898 1.46563 -2.10616
0.200645 10.4697 1.4624 -2.00587
0.215255 10.4507 1.46099 -1.90597
0.229866 10.4326 1.46114 -1.80651
0.244492 10.4155 1.46259 -1.70753
0.259143 10.3994 1.46507 -1.60913
0.273826 10.3843 1.46831 -1.51143
0.288546 10.3702 1.47204 -1.41456
0.303306 10.357 1.47598 -1.31867
0.318105 10.3447 1.47987 -1.22394
0.332939 10.3334 1.48344 -1.13056
0.347804 10.323 1.48642 -1.03871
0.362689 10.3136 1.48857 -0.948584
0.377586 10.305 1.48965 -0.860368
0.39248 10.2972 1.48943 -0.774246
0.407357 10.2903 1.48772 -0.690389
0.4222 10.2842 1.48432 -0.608953
0.436991 10.2789 1.47906 -0.530076
0.451709 10.2744 1.47181 -0.453877
0.466333 10.2706 1.46243 -0.380452
0.480842 10.2675 1.45084 -0.309874
0.495211 10.2651 1.43694 -0.24219
0.509418 10.2633 1.4207 -0.177425
0.523439 10.2621 1.40207 -0.115579
0.537249 10.2616 1.38105 -0.0566289
0.550826 10.2616 1.35764 -0.000529888
0.564144 10.2621 1.33187 0.0527824
0.577182 10.2631 1.30378 0.10339
0.589916 10.2646 1.27342 0.151393
0.602325 10.2666 1.24087 0.196901
0.614387 10.269 1.2062 0.24004
0.626082 10.2718 1.16949 0.280941
0.63739 10.275 1.13085 0.319746
0.648294 10.2786 1.09038 0.356599
0.658776 10.2825 1.04817 0.39165
0.668819 10.2867 1.00433 0.42505
0.678409 10.2913 0.958988 0.456952
0.687531 10.2962 0.912237 0.487507
0.696173 10.3013 0.864193 0.516864
0.704323 10.3068 0.814968 0.545172
0.71197 10.3125 0.76467 0.572575
0.719104 10.3185 0.713407 0.599217
0.725717 10.3248 0.661287 0.625235
0.731801 10.3313 0.608413 0.650764
0.73735 10.338 0.554888 0.675936
0.742358 10.345 0.500812 0.70088
0.746821 10.3523 0.446283 0.72572
0.750735 10.3598 0.391397 0.750579
0.754097 10.3676 0.336246 0.775575
0.756906 10.3756 0.280921 0.800827
0.759161 10.3838 0.225511 0.826449
0.760862 10.3924 0.170102 0.852554
0.76201 10.4012 0.114777 0.879254
0.762606 10.4102 0.0596175 0.906658
0.762653 10.4196 0.00470039 0.934874
0.762154 10.4292 -0.0498993 0.96401
0.761113 10.4392 -0.10411 0.994171
0.759535 10.4494 -0.157866 1.02546
0.757423 10.46 -0.211104 1.05798
0.754786 10.4709 -0.263766 1.09182
0.751628 10.4822 -0.315802 1.12708
0.747956 10.4938 -0.367167 1.16385
0.743778 10.5058 -0.417824 1.20221
0.7391 10.5183 -0.467745 1.24225
0.733931 10.5311 -0.516911 1.28404
0.728278 10.5444 -0.565315 1.32763
0.722149 10.5581 -0.612959 1.37309
0.71555 10.5723 -0.659858 1.42046
0.70849 10.587 -0.706042 1.46979
0.700974 10.6022 -0.751552 1.52109
0.69301 10.618 -0.796444 1.5744
0.684602 10.6343 -0.840788 1.62972
0.675755 10.6511 -0.88467 1.68705
0.666473 10.6686 -0.928188 1.7464
0.656759 10.6867 -0.971455 1.80775
0.646613 10.7054 -1.0146 1.87109
0.636035 10.7247 -1.05776 1.93642
0.625024 10.7448 -1.10108 2.00371
0.613577 10.7655 -1.14474 2.07298
0.601688 10.787 -1.1889 2.14422
0.589351 10.8091 -1.23374 2.21744
0.576556 10.8321 -1.27948 2.29268
0.563293 10.8558 -1.32629 2.36999
0.549549 10.8803 -1.37442 2.44943
0.535308 10.9056 -1.42407 2.53112
0.520553 10.9317 -1.47548 2.61517
0.505264 10.9587 -1.52891 2.70175
0.489418 10.9866 -1.58461 2.79106
0.472989 11.0155 -1.64289 2.88336
0.455949 11.0453 -1.70403 2.97895
0.438265 11.076 -1.76838 3.07817
0.419902 11.1079 -1.8363 3.18146
0.40082 11.1408 -1.9082 3.28931
0.380975 11.1748 -1.98453 3.4023
0.360317 11.21 -2.0658 3.52113
0.338791 11.2465 -2.1526 3.64658
0.316335 11.2843 -2.2456 3.77961
0.292879 11.3235 -2.34555 3.92129
0.268346 11.3642 -2.45337 4.07292
0.242645 11.4066 -2.57006 4.236
0.215677 11.4507 -2.69685 4.41229
0.187325 11.4967 -2.83513 4.60386
0.15746 11.5448 -2.98649 4.81307
0.125933 11.5953 -3.15276 5.04267
0.0925734 11.6482 -3.33594 5.29567
0.0571927 11.704 -3.53807 5.57528
0.0195827 11.7628 -3.761 5.88446
-0.0204744 11.8251 -4.00571 6.22518
-0.063186 11.891 -4.27116 6.59675
-0.108707 11.961 -4.55206 6.9928
-0.15706 12.0349 -4.83535 7.39643
-0.208018 12.1127 -5.09575 7.774
-0.260952 12.1934 -5.29348 8.07194
-0.314765 12.2757 -5.38124 8.22623
-0.368019 12.3576 -5.32541 8.19156
-0.419309 12.4373 -5.12904 7.97305
-0.467625 12.5136 -4.83156 7.62535
-0.512464 12.5857 -4.48389 7.21826
-0.553724 12.6538 -4.12599 6.80594
-0.591532 12.718 -3.78079 6.41891
-0.626113 12.7787 -3.45817 6.06981
-0.657719 12.8363 -3.16053 5.76121
-0.686586 12.8912 -2.88671 5.49089
-0.712927 12.9438 -2.63414 5.25493
-0.736926 12.9943 -2.39995 5.04901
-0.75874 13.0429 -2.18139 4.86907
-0.778501 13.0901 -1.97603 4.71153
-0.796319 13.1358 -1.78179 4.57327
-0.812288 13.1803 -1.5969 4.45165
-0.826487 13.2237 -1.41992 4.3444
-0.838983 13.2662 -1.24963 4.24959
-0.849834 13.3079 -1.08506 4.16554
-0.859088 13.3488 -0.925395 4.09079
-0.866788 13.389 -0.770003 4.02407
-0.872971 13.4287 -0.618372 3.96423
-0.877673 13.4678 -0.470109 3.91025
-0.880922 13.5064 -0.324922 3.86118
-0.882748 13.5446 -0.182603 3.81616
-0.883178 13.5823 -0.043024 3.7744
-0.882239 13.6197 0.0938806 3.73515
-0.879958 13.6566 0.228118 3.69769
-0.876362 13.6933 0.359646 3.66137
-0.871478 13.7295 0.48838 3.62556
-0.865336 13.7654 0.614203 3.58965
-0.857966 13.8009 0.736965 3.5531
-0.849401 13.8361 0.856499 3.51535
-0.839675 13.8708 0.972617 3.47593
-0.828824 13.9052 1.08512 3.43438
-0.816886 13.9391 1.19382 3.39025
-0.803901 13.9725 1.29849 3.34318
-0.789911 14.0055 1.39896 3.29281
-0.774961 14.0378 1.49501 3.23884
-0.759096 14.0697 1.58649 3.18099
-0.742364 14.1008 1.67323 3.11905
-0.724813 14.1314 1.75507 3.05281
-0.706494 14.1612 1.8319 2.98214
-0.687458 14.1903 1.90361 2.90692
-0.667757 14.2185 1.97011 2.82708
-0.647443 14.246 2.03135 2.74258
-0.62657 14.2725 2.08729 2.65343
-0.605191 14.2981 2.13792 2.55965
-0.583359 14.3227 2.18324 2.46131
-0.561126 14.3463 2.2233 2.35849
-0.538544 14.3688 2.25815 2.25132
-0.515666 14.3902 2.28788 2.13994
-0.49254 14.4104 2.31259 2.02451
-0.469215 14.4295 2.33242 1.90525
-0.44574 14.4473 2.34751 1.78235
-0.42216 14.4639 2.35805 1.65606
-0.398518 14.4791 2.36423 1.52663
-0.374855 14.4931 2.36627 1.39433
-0.351211 14.5057 2.36441 1.25944
-0.327622 14.5169 2.35891 1.12226
-0.304121 14.5267 2.35005 0.983097
-0.28074 14.5352 2.33811 0.842253
-0.257506 14.5422 2.32341 0.70004
-0.234443 14.5477 2.30627 0.556765
-0.211573 14.5519 2.287 0.41273
-0.188914 14.5545 2.26594 0.268225
-0.16648 14.5558 2.24343 0.123527
-0.144282 14.5556 2.21981 -0.0211042
-0.122327 14.5539 2.19542 -0.165431
-0.100621 14.5508 2.1706 -0.309242
-0.0791646 14.5463 2.14567 -0.45235
-0.0579549 14.5403 2.12097 -0.594602
-0.0369869 14.533 2.0968 -0.735875
-0.0162521 14.5242 2.07348 -0.876082
0.00426105 14.5141 2.05131 -1.01517
0.0245669 14.5025 2.03058 -1.15312
0.0446825 14.4896 2.01157 -1.28996
0.064628 14.4754 1.99455 -1.42575
0.0844258 14.4598 1.97978 -1.56059
0.104101 14.4428 1.96753 -1.6946
0.123682 14.4246 1.95805 -1.82798
0.143198 14.4049 1.9516 -1.96094
0.162682 14.384 1.94843 -2.09373
0.18217 14.3617 1.94879 -2.22665
0.201699 14.3381 1.95296 -2.36006
0.221312 14.3132 1.96121 -2.49433
0.24105 14.2869 1.97382 -2.62991
0.260961 14.2592 1.9911 -2.76728
0.281095 14.2302 2.01338 -2.907
0.301505 14.1997 2.04102 -3.04967
0.322248 14.1677 2.07438 -3.19595
0.343387 14.1342 2.11388 -3.34657
0.364987 14.0992 2.15997 -3.50235
0.387118 14.0626 2.21309 -3.66413
0.409855 14.0242 2.27373 -3.83282
0.433279 13.9842 2.34235 -4.00935
0.457472 13.9422 2.41937 -4.19462
0.482523 13.8983 2.50507 -4.3894
0.508518 13.8524 2.59952 -4.59421
0.535542 13.8043 2.70234 -4.80904
0.563666 13.7539 2.81245 -5.03298
0.592943 13.7013 2.92764 -5.26367
0.623383 13.6463 3.04402 -5.49651
0.654936 13.5891 3.15536 -5.72382
0.687463 13.5298 3.25262 -5.9341
0.720703 13.4686 3.32399 -6.11215
0.754265 13.4062 3.35627 -6.24083
0.787642 13.3432 3.33772 -6.30502
0.820262 13.2802 3.26194 -6.29681
0.851566 13.218 3.13046 -6.219
0.88109 13.1572 2.95231 -6.08444
0.908497 13.0981 2.74078 -5.91146
0.933591 13.0409 2.50936 -5.71837
0.956282 12.9857 2.26911 -5.51991
0.97656 12.9324 2.02778 -5.32615
0.994461 12.881 1.79014 -5.14298
1.01005 12.8313 1.55874 -4.97324
1.0234 12.7831 1.33467 -4.81776
1.03458 12.7363 1.11813 -4.67617
1.04367 12.6908 0.908848 -4.54743
1.05073 12.6465 0.706308 -4.43021
1.05583 12.6033 0.509928 -4.32303
1.05902 12.5611 0.319124 -4.2244
1.06035 12.5197 0.133369 -4.13288
1.05987 12.4793 -0.0477933 -4.0471
1.05763 12.4396 -0.224736 -3.96578
1.05365 12.4007 -0.397751 -3.8877
1.04798 12.3626 -0.567049 -3.81175
1.04065 12.3253 -0.73277 -3.73686
1.0317 12.2886 -0.89499 -3.66206
1.02116 12.2528 -1.05373 -3.58641
1.00907 12.2177 -1.20895 -3.50905
0.995469 12.1834 -1.3606 -3.42919
0.980383 12.1499 -1.50856 -3.34607
0.963856 12.1173 -1.65272 -3.25902
0.945927 12.0857 -1.79295 -3.16741
0.926636 12.055 -1.9291 -3.07068
0.906025 12.0253 -2.06105 -2.96831
0.884138 11.9967 -2.18866 -2.85989
0.86102 11.9692 -2.31185 -2.74502
0.836715 11.943 -2.43053 -2.62342
0.811268 11.918 -2.54467 -2.49483
0.784725 11.8944 -2.65427 -2.35907
0.757132 11.8723 -2.75938 -2.21604
0.728531 11.8516 -2.8601 -2.06567
0.698965 11.8326 -2.95661 -1.90797
0.668473 11.8151 -3.04911 -1.74296
0.637095 11.7994 -3.13788 -1.57073
0.604862 11.7855 -3.22329 -1.39138
0.571804 11.7735 -3.30573 -1.20503
0.537948 11.7633 -3.38569 -1.01182
0.50331 11.7552 -3.46372 -0.81185
0.467906 11.7492 -3.54041 -0.605221
0.431742 11.7452 -3.61646 -0.391986
0.394816 11.7435 -3.6926 -0.17215
0.357119 11.7441 -3.76964 0.0543473
0.318635 11.7469 -3.84844 0.287644
0.279335 11.7522 -3.92994 0.52796
0.239184 11.76 -4.01511 0.775601
0.198135 11.7703 -4.10497 1.03095
0.156129 11.7832 -4.20055 1.29442
0.1131 11.7989 -4.30287 1.56645
0.0689723 11.8174 -4.41282 1.84734
0.0236614 11.8387 -4.53109 2.13711
-0.0229178 11.8631 -4.65791 2.43518
-0.0708454 11.8905 -4.79277 2.73994
-0.120184 11.921 -4.93387 3.04801
-0.170959 11.9545 -5.07748 3.35334
-0.22313 11.991 -5.21712 3.64599
-0.276559 12.0301 -5.34285 3.9113
-0.330972 12.0714 -5.44137 4.12995
-0.385949 12.1142 -5.49764 4.28041
-0.440935 12.1576 -5.49864 4.34428
-0.495317 12.2008 -5.43814 4.31307
-0.548513 12.2427 -5.31965 4.19241
-0.600066 12.2827 -5.15526 4.00026
-0.649676 12.3203 -4.961 3.76041
-0.697196 12.3552 -4.75208 3.49553
-0.742598 12.3875 -4.54018 3.22323
-0.785927 12.417 -4.33284 2.95529
-0.827269 12.444 -4.13428 2.69862
-0.866733 12.4686 -3.94634 2.45669
-0.904427 12.4909 -3.76943 2.23084
-0.940458 12.5111 -3.60312 2.02112
-0.974924 12.5294 -3.4466 1.82695
-1.00791 12.5458 -3.29885 1.64741
-1.0395 12.5607 -3.15886 1.48148
-1.06976 12.5739 -3.02563 1.32815
-1.09874 12.5858 -2.89826 1.18645
-1.1265 12.5964 -2.77593 1.0555
-1.15308 12.6057 -2.6579 0.93451
-1.17851 12.6139 -2.54353 0.822757
-1.20284 12.6211 -2.43227 0.719604
-1.22607 12.6274 -2.32362 0.624477
-1.24824 12.6327 -2.21715 0.53686
-1.26937 12.6373 -2.11251 0.456285
-1.28946 12.6411 -2.00937 0.382323
-1.30854 12.6443 -1.90747 0.314577
-1.3266 12.6468 -1.80656 0.252677
-1.34367 12.6488 -1.70646 0.196276
-1.35974 12.6502 -1.60699 0.145041
-1.37482 12.6512 -1.50802 0.0986531
-1.38891 12.6518 -1.40943 0.0568045
-1.40202 12.652 -1.31112 0.0191939
-1.41415 12.6518 -1.21301 -0.0144745
-1.4253 12.6514 -1.11505 -0.0444924
-1.43548 12.6507 -1.01717 -0.0711487
-1.44467 12.6497 -0.919337 -0.0947307
-1.45288 12.6486 -0.821526 -0.115525
-1.46012 12.6472 -0.723714 -0.133816
-1.46638 12.6457 -0.625885 -0.149892
-1.47166 12.6441 -0.52803 -0.164037
-1.47596 12.6423 -0.430143 -0.176537
-1.47928 12.6404 -0.332223 -0.187679
-1.48163 12.6385 -0.234269 -0.197751
-1.48299 12.6364 -0.136284 -0.207039
-1.48337 12.6342 -0.0382696 -0.215831
-1.48277 12.632 0.0597726 -0.224416
-1.4812 12.6297 0.157842 -0.233081
-1.47864 12.6272 0.255939 -0.242115
-1.4751 12.6247 0.354067 -0.251807
-1.47057 12.6221 0.452233 -0.262447
-1.46507 12.6193 0.550449 -0.274322
-1.45858 12.6165 0.648731 -0.287725
-1.45111 12.6134 0.747099 -0.302944
-1.44266 12.6102 0.845584 -0.320272
-1.43321 12.6068 0.944221 -0.340001
-1.42278 12.6032 1.04306 -0.362427
-1.41136 12.5993 1.14215 -0.387846
-1.39895 12.5952 1.24156 -0.41656
-1.38553 12.5907 1.34138 -0.448872
-1.37112 12.5858 1.44169 -0.485094
-1.35569 12.5806 1.54263 -0.525543
-1.33925 12.5749 1.64431 -0.570546
-1.32178 12.5687 1.7469 -0.620441
-1.30327 12.5619 1.85057 -0.675578
-1.28372 12.5545 1.95554 -0.736327
-1.2631 12.5465 2.06204 -0.803076
-1.24139 12.5378 2.17036 -0.876236
-1.21858 12.5282 2.2808 -0.956247
-1.19465 12.5178 2.39372 -1.04358
-1.16955 12.5064 2.50954 -1.13875
-1.14326 12.4939 2.62869 -1.2423
-1.11575 12.4804 2.7517 -1.35481
-1.08696 12.4656 2.87913 -1.47692
-1.05684 12.4495 3.01159 -1.60928
-1.02534 12.432 3.14972 -1.75255
-0.9924 12.4129 3.2942 -1.90739
-0.957944 12.3922 3.44566 -2.07434
-0.921898 12.3697 3.60462 -2.25374
-0.884184 12.3452 3.77141 -2.44557
-0.844725 12.3187 3.9459 -2.64911
-0.803452 12.2901 4.12725 -2.86258
-0.760317 12.2593 4.31349 -3.08247
-0.715308 12.2262 4.50094 -3.30281
-0.668471 12.1911 4.68368 -3.51434
-0.61994 12.154 4.85309 -3.70396
-0.569958 12.1155 4.99823 -3.85522
-0.518885 12.076 5.10724 -3.95039
-0.467184 12.0362 5.17018 -3.97453
-0.415361 11.997 5.18227 -3.92018
-0.363903 11.9591 5.14578 -3.79005
-0.313211 11.9232 5.0692 -3.59596
-0.263568 11.8896 4.96433 -3.35465
-0.215138 11.8588 4.84294 -3.08308
-0.167992 11.8308 4.71466 -2.7954
-0.122129 11.8058 4.5863 -2.50185
-0.0775083 11.7837 4.46206 -2.20911
-0.0340665 11.7645 4.34418 -1.92113
0.00826924 11.7481 4.23357 -1.63998
0.0495717 11.7345 4.13025 -1.36653
0.0899091 11.7235 4.03374 -1.101
0.129342 11.715 3.94329 -0.843181
0.167922 11.7091 3.858 -0.592737
0.205691 11.7056 3.77693 -0.349265
0.242683 11.7045 3.69913 -0.112384
0.278919 11.7057 3.62366 0.118235
0.314416 11.7091 3.54966 0.342847
0.349178 11.7147 3.47627 0.561634
0.383206 11.7225 3.40271 0.774706
0.416488 11.7323 3.32827 0.98211
0.449011 11.7441 3.25225 1.18384
0.480751 11.7579 3.17406 1.37985
0.511683 11.7736 3.09312 1.57007
0.541772 11.7912 3.00893 1.75441
0.570982 11.8105 2.92106 1.93276
0.599274 11.8315 2.82911 2.10506
0.626601 11.8542 2.73276 2.27123
0.652918 11.8786 2.63173 2.43125
0.678177 11.9044 2.52581 2.58512
0.702325 11.9317 2.41484 2.73289
0.725312 11.9605 2.29872 2.87469
0.747086 11.9906 2.17736 3.01069
0.767593 12.022 2.05077 3.14113
0.786783 12.0547 1.91893 3.26633
0.804602 12.0885 1.7819 3.38669
0.820999 12.1236 1.63975 3.50267
0.835925 12.1597 1.49253 3.61482
0.849328 12.1969 1.34034 3.72377
0.861161 12.2352 1.18325 3.83022
0.871374 12.2746 1.02132 3.93496
0.87992 12.315 0.854583 4.03886
0.88675 12.3564 0.683043 4.14286
0.891817 12.3989 0.506667 4.24798
0.89507 12.4424 0.325377 4.35531
0.896461 12.4871 0.139051 4.46601
0.895936 12.5329 -0.0524757 4.5813
0.893442 12.5799 -0.249392 4.70242
0.888923 12.6283 -0.451885 4.83061
0.882323 12.6779 -0.660089 4.96701
0.873583 12.729 -0.873998 5.11258
0.862649 12.7817 -1.09332 5.26787
0.849477 12.8361 -1.31728 5.43277
0.834034 12.8921 -1.54427 5.60604
0.816319 12.95 -1.77145 5.78471
0.796378 13.0096 -1.99418 5.96335
0.774322 13.0709 -2.20556 6.13338
0.750359 13.1338 -2.39625 6.28271
0.724809 13.1977 -2.55504 6.39657
0.698102 13.2623 -2.67071 6.45993
0.670752 13.3269 -2.73498 6.46146
0.643298 13.3909 -2.74537 6.39748
0.616235 13.4536 -2.70634 6.27347
0.589957 13.5147 -2.62782 6.10215
0.564736 13.5737 -2.52207 5.89919
0.540729 13.6305 -2.40073 5.67938
0.517997 13.685 -2.27315 5.45429
0.496538 13.7373 -2.14592 5.23188
0.476306 13.7875 -2.02325 5.01695
0.45723 13.8356 -1.90758 4.812
0.439228 13.8818 -1.80013 4.61799
0.422215 13.9261 -1.70134 4.43494
0.406103 13.9688 -1.61119 4.26234
0.390809 14.0097 -1.52942 4.0994
0.376253 14.0492 -1.45561 3.94521
0.36236 14.0872 -1.3893 3.79886
0.34906 14.1238 -1.33003 3.65944
0.336286 14.159 -1.27734 3.52613
0.323978 14.193 -1.2308 3.39815
0.312078 14.2258 -1.19002 3.27479
0.300532 14.2573 -1.15463 3.15542
0.289289 14.2877 -1.12429 3.03947
0.278302 14.317 -1.09871 2.92642
0.267526 14.3451 -1.07761 2.81582
0.256918 14.3722 -1.06074 2.70723
0.24644 14.3982 -1.04786 2.6003
0.236052 14.4232 -1.03876 2.49468
0.22572 14.4471 -1.03323 2.39006
0.215409 14.4699 -1.0311 2.28618
0.205087 14.4918 -1.03217 2.18277
0.194724 14.5126 -1.03627 2.07963
0.184292 14.5323 -1.04324 1.97655
0.173763 14.5511 -1.05292 1.87334
0.163111 14.5688 -1.06514 1.76985
0.152314 14.5854 -1.07975 1.66593
0.141348 14.601 -1.0966 1.56145
0.130193 14.6156 -1.11552 1.45632
0.118829 14.6291 -1.13635 1.35043
0.10724 14.6415 -1.15894 1.2437
0.0954086 14.6529 -1.18312 1.13608
0.0833213 14.6632 -1.20873 1.02751
0.0709655 14.6723 -1.23558 0.917964
0.0583304 14.6804 -1.26352 0.807423
0.0454069 14.6874 -1.29235 0.695882
0.0321879 14.6932 -1.32189 0.583353
0.0186683 14.6979 -1.35196 0.469859
0.00484467 14.7015 -1.38236 0.35544
-0.00928431 14.7039 -1.4129 0.240148
-0.0237179 14.7051 -1.44336 0.124049
-0.0384535 14.7052 -1.47355 0.00721956
-0.053486 14.7041 -1.50326 -0.110248
-0.0688087 14.7018 -1.53226 -0.228252
-0.0844123 14.6983 -1.56036 -0.346679
-0.100286 14.6937 -1.58732 -0.465405
-0.116415 14.6878 -1.61294 -0.584298
-0.132785 14.6808 -1.63699 -0.703216
-0.149377 14.6726 -1.65926 -0.82201
-0.166173 14.6632 -1.67952 -0.940523
-0.183148 14.6526 -1.69757 -1.0586
-0.20028 14.6408 -1.71318 -1.17606
-0.217542 14.6279 -1.72616 -1.29275
-0.234905 14.6138 -1.73629 -1.40849
-0.252338 14.5986 -1.74336 -1.52311
-0.26981 14.5822 -1.7472 -1.63644
-0.287286 14.5647 -1.7476 -1.7483
-0.30473 14.5462 -1.74439 -1.85853
-0.322104 14.5265 -1.7374 -1.96696
-0.339369 14.5057 -1.72645 -2.07343
-0.356483 14.484 -1.71139 -2.1778
-0.373404 14.4612 -1.69209 -2.27992
-0.390088 14.4374 -1.66841 -2.37965
-0.40649 14.4126 -1.64023 -2.47688
-0.422565 14.3869 -1.60745 -2.57151
-0.438264 14.3603 -1.56998 -2.66345
-0.453542 14.3327 -1.52775 -2.75263
-0.468349 14.3043 -1.48069 -2.83901
-0.482636 14.2751 -1.42877 -2.92257
-0.496356 14.2451 -1.37198 -3.00331
-0.509459 14.2143 -1.3103 -3.08129
-0.521897 14.1827 -1.24375 -3.15656
-0.53362 14.1504 -1.17236 -3.22924
-0.544582 14.1174 -1.09619 -3.29946
-0.554735 14.0837 -1.01528 -3.3674
-0.564032 14.0494 -0.929718 -3.43328
-0.572428 14.0144 -0.839585 -3.49736
-0.579878 13.9788 -0.744972 -3.55994
-0.586337 13.9426 -0.645969 -3.62137
-0.591764 13.9058 -0.542668 -3.68203
-0.596116 13.8684 -0.43515 -3.74236
-0.59935 13.8303 -0.323486 -3.80283
-0.601428 13.7917 -0.207727 -3.86396
-0.602307 13.7524 -0.0878985 -3.92635
-0.601947 13.7125 0.0360075 -3.9906
-0.600306 13.672 0.16404 -4.05742
-0.597343 13.6307 0.296296 -4.12755
-0.593014 13.5887 0.432935 -4.20181
-0.587272 13.5459 0.574183 -4.2811
-0.580069 13.5022 0.720351 -4.36643
-0.57135 13.4576 0.87184 -4.45891
-0.561059 13.412 1.02916 -4.55976
-0.549129 13.3653 1.19296 -4.67039
-0.535489 13.3174 1.364 -4.79235
-0.520057 13.2681 1.54322 -4.92742
-0.50274 13.2173 1.73172 -5.07759
-0.483432 13.1649 1.93078 -5.24509
-0.462014 13.1106 2.14179 -5.43237
-0.438351 13.0541 2.36626 -5.64202
-0.412295 12.9954 2.6056 -5.87657
-0.383687 12.934 2.86078 -6.13807
-0.35237 12.8697 3.13174 -6.4272
-0.318208 12.8023 3.41619 -6.74177
-0.281131 12.7316 3.70774 -7.07403
-0.2412 12.6575 3.99309 -7.4069
-0.198707 12.5804 4.24928 -7.71002
-0.154272 12.501 4.44347 -7.93933
-0.108873 12.4205 4.5399 -8.04649
-0.0637187 12.3405 4.51546 -8.0002
-0.019977 12.2625 4.37417 -7.80589
0.02148 12.1874 4.1457 -7.50361
0.0601695 12.116 3.86895 -7.14547
0.0959338 12.0482 3.57643 -6.7744
0.128821 11.9841 3.28876 -6.417
0.158986 11.9232 3.01644 -6.08614
0.186621 11.8653 2.76347 -5.78604
0.211924 11.8102 2.53033 -5.51637
0.235082 11.7574 2.31586 -5.27474
0.256265 11.7069 2.11829 -5.05807
0.275622 11.6582 1.9357 -4.86321
0.293285 11.6113 1.76629 -4.68723
0.30937 11.5661 1.60843 -4.52753
0.323977 11.5223 1.46074 -4.38184
0.337197 11.4798 1.32202 -4.24821
0.34911 11.4385 1.19128 -4.12494
0.359787 11.3984 1.06766 -4.0106
0.369291 11.3594 0.950479 -3.90392
0.377683 11.3213 0.839142 -3.80382
0.385015 11.2842 0.733169 -3.70934
0.391336 11.2481 0.632162 -3.61967
0.396694 11.2127 0.535789 -3.53406
0.401132 11.1782 0.443781 -3.45187
0.404691 11.1445 0.355917 -3.37253
0.407411 11.1115 0.272015 -3.29552
0.409331 11.0793 0.191928 -3.22038
0.410486 11.0478 0.115538 -3.14671
0.410913 11.0171 0.0427461 -3.07414
0.410648 10.9871 -0.0265262 -3.00234
0.409725 10.9578 -0.0923449 -2.93103
0.408177 10.9292 -0.154765 -2.85993
0.406039 10.9013 -0.213835 -2.78883
0.403343 10.8741 -0.269597 -2.71751
0.400122 10.8476 -0.322092 -2.64581
0.396408 10.8219 -0.37136 -2.57357
0.392234 10.7969 -0.41744 -2.50065
0.38763 10.7726 -0.460375 -2.42695
0.382628 10.7491 -0.500208 -2.35238
0.377258 10.7263 -0.536989 -2.27687
0.37155 10.7043 -0.570769 -2.20035
0.365534 10.6831 -0.601605 -2.12278
0.359239 10.6627 -0.629557 -2.04415
0.352692 10.643 -0.65469 -1.96442
0.345921 10.6242 -0.677073 -1.8836
0.338953 10.6062 -0.696781 -1.80169
0.331814 10.589 -0.713891 -1.7187
0.32453 10.5726 -0.728483 -1.63465
0.317123 10.5571 -0.740644 -1.54957
0.309618 10.5425 -0.75046 -1.46348
0.302038 10.5287 -0.758024 -1.37644
0.294404 10.5159 -0.763428 -1.28846
0.286736 10.5039 -0.766768 -1.1996
0.279055 10.4928 -0.768145 -1.1099
0.271378 10.4826 -0.767658 -1.01942
0.263724 10.4733 -0.76541 -0.928185
0.256109 10.4649 -0.761507 -0.836262
0.248549 10.4575 -0.756056 -0.743699
0.241057 10.451 -0.749166 -0.650546
0.233647 10.4454 -0.740949 -0.556858
0.226332 10.4408 -0.731519 -0.462688
0.219122 10.4371 -0.720991 -0.368089
0.212027 10.4344 -0.709483 -0.273116
0.205056 10.4326 -0.697115 -0.177822
0.198216 10.4318 -0.684011 -0.0822627
0.191513 10.4319 -0.670293 0.0135092
0.184952 10.433 -0.65609 0.10944
0.178537 10.4351 -0.641531 0.205476
0.17227 10.4381 -0.626746 0.301565
0.166151 10.442 -0.611869 0.397657
0.160181 10.447 -0.597035 0.493702
0.154357 10.4529 -0.58238 0.589652
0.148676 10.4597 -0.568042 0.685462
0.143135 10.4675 -0.554161 0.781089
0.137726 10.4763 -0.540878 0.876494
0.132443 10.486 -0.528333 0.971641
0.127276 10.4967 -0.516668 1.0665
0.122216 10.5083 -0.506025 1.16104
0.11725 10.5209 -0.496547 1.25525
0.112366 10.5343 -0.488374 1.34911
0.10755 10.5488 -0.481649 1.44261
0.102785 10.5641 -0.47651 1.53576
0.0980539 10.5804 -0.473099 1.62856
0.0933384 10.5976 -0.471554 1.72104
0.0886182 10.6158 -0.472013 1.81321
0.0838721 10.6348 -0.474611 1.90514
0.0790773 10.6548 -0.479487 1.99686
0.0742095 10.6757 -0.486774 2.08845
0.0692434 10.6975 -0.496609 2.17998
0.0641521 10.7202 -0.509128 2.27156
0.0589075 10.7438 -0.524467 2.3633
0.0534798 10.7684 -0.542764 2.45533
0.0478382 10.7938 -0.564162 2.54781
0.0419501 10.8203 -0.588806 2.64092
0.0357817 10.8476 -0.616848 2.73486
0.0292972 10.8759 -0.648446 2.82985
0.0224595 10.9052 -0.683769 2.92617
0.0152295 10.9354 -0.722998 3.02409
0.00756627 10.9666 -0.766326 3.12396
-0.000573399 10.9989 -0.813967 3.22615
-0.00923495 11.0322 -0.866155 3.33108
-0.0184665 11.0666 -0.923151 3.43922
-0.0283189 11.1021 -0.985245 3.55112
-0.0388465 11.1388 -1.05276 3.66736
-0.0501072 11.1767 -1.12607 3.78862
-0.0621629 11.2158 -1.20557 3.91568
-0.0750802 11.2563 -1.29173 4.04938
-0.0889308 11.2982 -1.38506 4.19068
-0.103792 11.3416 -1.48613 4.34062
-0.119747 11.3866 -1.59553 4.50037
-0.136886 11.4334 -1.71389 4.67113
-0.155304 11.4819 -1.84182 4.85418
-0.175103 11.5324 -1.97984 5.05068
-0.196385 11.585 -2.12821 5.26159
-0.219252 11.6399 -2.28673 5.48729
-0.243796 11.6972 -2.45437 5.72713
-0.270082 11.757 -2.62864 5.97861
-0.29813 11.8193 -2.80479 6.23625
-0.327878 11.8842 -2.97474 6.49017
-0.35914 11.9515 -3.12625 6.72482
-0.391569 12.0207 -3.24291 6.91899
-0.424632 12.0911 -3.30631 7.0487
-0.457642 12.1621 -3.30097 7.09378
-0.489846 12.2325 -3.22041 7.04612
-0.52055 12.3017 -3.07041 6.91397
-0.549217 12.3689 -2.86664 6.71864
-0.575501 12.4337 -2.62847 6.48599
-0.599234 12.4961 -2.37326 6.23877
-0.620371 12.556 -2.11369 5.99314
-0.638948 12.6136 -1.85772 5.75876
-0.655045 12.669 -1.60967 5.54035
-0.668759 12.7224 -1.37146 5.33945
-0.680195 12.774 -1.14361 5.15575
-0.689454 12.8239 -0.925868 4.98797
-0.696631 12.8722 -0.717641 4.83439
-0.701813 12.9191 -0.518206 4.69317
-0.705081 12.9648 -0.326842 4.56248
-0.70651 13.0092 -0.142889 4.4406
-0.706168 13.0524 0.0342203 4.32593
-0.704118 13.0946 0.204954 4.21699
-0.700421 13.1357 0.369685 4.11245
-0.695134 13.1758 0.528696 4.01112
-0.688312 13.215 0.682192 3.91189
-0.680009 13.2531 0.830309 3.81377
-0.670278 13.2903 0.973129 3.71588
-0.659171 13.3264 1.11068 3.61742
-0.646741 13.3616 1.24298 3.51766
-0.633042 13.3958 1.36998 3.41598
-0.618125 13.4289 1.49165 3.31181
-0.602046 13.4609 1.60794 3.20468
-0.584858 13.4919 1.7188 3.09416
-0.566616 13.5217 1.82419 2.97994
-0.547375 13.5503 1.92409 2.86172
-0.52719 13.5777 2.01847 2.73931
-0.506117 13.6038 2.10737 2.61258
-0.484208 13.6286 2.19083 2.48144
-0.461519 13.6521 2.26893 2.34587
-0.438101 13.6741 2.34177 2.2059
-0.414006 13.6948 2.40951 2.06162
-0.389283 13.7139 2.47232 1.91315
-0.363979 13.7315 2.53043 1.76065
-0.338138 13.7475 2.5841 1.6043
-0.311801 13.762 2.63361 1.44431
-0.285009 13.7748 2.67929 1.28092
-0.257794 13.7859 2.72149 1.11436
-0.230188 13.7954 2.76059 0.94486
-0.202218 13.8031 2.797 0.772645
-0.173906 13.8091 2.83114 0.597926
-0.145272 13.8133 2.86348 0.42089
-0.116327 13.8157 2.89447 0.241694
-0.0870809 13.8163 2.9246 0.0604589
-0.0575373 13.8151 2.95437 -0.122737
-0.0276945 13.812 2.98428 -0.307861
0.00245416 13.8071 3.01487 -0.494933
0.0329206 13.8002 3.04665 -0.684026
0.0637223 13.7915 3.08017 -0.87527
0.0948819 13.7808 3.11596 -1.06885
0.126428 13.7681 3.15458 -1.265
0.158393 13.7535 3.19656 -1.464
0.190817 13.7368 3.24241 -1.66615
0.223744 13.7181 3.29263 -1.87178
0.25722 13.6973 3.34763 -2.08114
0.291297 13.6744 3.40774 -2.29441
0.326028 13.6492 3.47309 -2.51157
0.361464 13.6219 3.54355 -2.73228
0.39765 13.5924 3.61858 -2.95563
0.43462 13.5606 3.69699 -3.17994
0.472387 13.5265 3.77676 -3.40233
0.510934 13.4904 3.85468 -3.61838
0.550195 13.4521 3.92611 -3.82173
0.590044 13.4121 3.98491 -4.00398
0.630281 13.3705 4.0237 -4.1551
0.670629 13.3279 4.03479 -4.26468
0.710746 13.2847 4.01168 -4.32415
0.750255 13.2414 3.95087 -4.3291
0.788784 13.1986 3.85298 -4.28106
0.826012 13.1567 3.72275 -4.18724
0.861688 13.1161 3.56764 -4.05866
0.895648 13.077 3.39595 -3.90744
0.9278 13.0396 3.21524 -3.74459
0.958115 13.0038 3.03147 -3.5788
0.986603 12.9696 2.84883 -3.4162
1.0133 12.937 2.66997 -3.26072
1.03827 12.9059 2.49636 -3.11455
1.06155 12.8761 2.32864 -2.97872
1.08322 12.8476 2.16695 -2.85348
1.10333 12.8202 2.01108 -2.73858
1.12194 12.7938 1.86065 -2.63351
1.13909 12.7685 1.71521 -2.5376
1.15483 12.744 1.57426 -2.45011
1.16921 12.7203 1.43733 -2.37031
1.18225 12.6973 1.30395 -2.29746
1.19398 12.675 1.17372 -2.23086
1.20445 12.6533 1.04626 -2.16983
1.21366 12.6321 0.921231 -2.11376
1.22164 12.6115 0.798334 -2.06203
1.22842 12.5914 0.677314 -2.01408
1.234 12.5717 0.557952 -1.96938
1.2384 12.5524 0.440056 -1.92742
1.24163 12.5335 0.323469 -1.8877
1.24371 12.515 0.208058 -1.84978
1.24465 12.4969 0.0937169 -1.8132
1.24445 12.4791 -0.0196395 -1.77753
1.24313 12.4617 -0.132076 -1.74235
1.24069 12.4446 -0.24364 -1.70726
1.23715 12.4279 -0.354363 -1.67186
1.23251 12.4115 -0.464263 -1.63577
1.22677 12.3956 -0.573346 -1.59863
1.21996 12.38 -0.681609 -1.56005
1.21207 12.3648 -0.78904 -1.5197
1.20311 12.35 -0.895623 -1.47723
1.1931 12.3357 -1.00134 -1.43231
1.18204 12.3218 -1.10616 -1.3846
1.16994 12.3085 -1.21008 -1.33381
1.15681 12.2957 -1.31307 -1.27962
1.14265 12.2835 -1.41512 -1.22175
1.12749 12.2719 -1.51622 -1.15992
1.11133 12.2609 -1.61639 -1.09386
1.09417 12.2507 -1.71564 -1.02332
1.07603 12.2412 -1.81401 -0.948042
1.05692 12.2325 -1.91154 -0.867805
1.03683 12.2247 -2.00833 -0.78238
1.01579 12.2178 -2.10445 -0.691549
0.993788 12.2119 -2.20005 -0.5951
0.970835 12.2069 -2.29528 -0.492824
0.946932 12.2031 -2.39033 -0.384509
0.922078 12.2004 -2.48542 -0.269942
0.89627 12.1989 -2.58083 -0.148897
0.869501 12.1987 -2.67686 -0.0211374
0.841762 12.1998 -2.77387 0.113597
0.81304 12.2024 -2.87227 0.255592
0.783314 12.2064 -2.97252 0.405166
0.752563 12.212 -3.07515 0.562676
0.720756 12.2193 -3.18072 0.728521
0.687857 12.2284 -3.28987 0.903144
0.653824 12.2392 -3.4033 1.08703
0.618607 12.252 -3.52174 1.28068
0.582147 12.2669 -3.64593 1.4846
0.544381 12.2839 -3.77661 1.69924
0.505237 12.3031 -3.91444 1.92486
0.464638 12.3247 -4.05984 2.16143
0.42251 12.3488 -4.21286 2.40829
0.378781 12.3755 -4.37287 2.6638
0.3334 12.4047 -4.53814 2.92472
0.286347 12.4366 -4.70526 3.18541
0.237662 12.4709 -4.86849 3.4369
0.187469 12.5076 -5.01926 3.66623
0.136007 12.5462 -5.1462 3.85651
0.0836433 12.5861 -5.23641 3.98882
0.0308596 12.6265 -5.27837 4.04628
-0.0217963 12.6667 -5.26559 4.01945
-0.0737896 12.7058 -5.19933 3.91008
-0.124672 12.7431 -5.08825 3.73068
-0.174125 12.7781 -4.94527 3.50003
-0.221962 12.8105 -4.78369 3.23767
-0.268107 12.8401 -4.6145 2.95998
-0.312562 12.8669 -4.44549 2.67885
-0.355376 12.8909 -4.28143 2.40192
-0.396625 12.9122 -4.12485 2.13362
-0.436392 12.931 -3.97672 1.87619
-0.474763 12.9473 -3.83712 1.63049
-0.511819 12.9613 -3.70556 1.39659
-0.547631 12.973 -3.58127 1.17412
-0.582265 12.9826 -3.4634 0.962517
-0.615776 12.9902 -3.35104 0.761162
-0.648209 12.9959 -3.24332 0.569429
-0.679603 12.9998 -3.13943 0.386739
-0.709989 13.0019 -3.03862 0.212573
-0.739391 13.0024 -2.94021 0.0464751
-0.767827 13.0013 -2.84358 -0.11195
-0.795309 12.9987 -2.74821 -0.263045
-0.821845 12.9946 -2.65359 -0.407104
-0.847438 12.9891 -2.55931 -0.544386
-0.872088 12.9824 -2.46501 -0.675121
-0.895792 12.9744 -2.37036 -0.799518
-0.918543 12.9652 -2.27509 -0.917773
-0.940333 12.9549 -2.17897 -1.03007
-0.961151 12.9435 -2.08182 -1.13661
-0.980986 12.9312 -1.98348 -1.23757
-0.999824 12.9178 -1.88382 -1.33315
-1.01765 12.9036 -1.78277 -1.42357
-1.03445 12.8885 -1.68024 -1.50904
-1.05022 12.8726 -1.57621 -1.5898
-1.06492 12.856 -1.47064 -1.6661
-1.07856 12.8386 -1.36353 -1.73822
-1.09111 12.8205 -1.25489 -1.80646
-1.10255 12.8018 -1.14473 -1.8711
-1.11288 12.7825 -1.03307 -1.9325
-1.12208 12.7626 -0.919949 -1.99098
-1.13014 12.7421 -0.80538 -2.04693
-1.13703 12.7211 -0.689392 -2.10071
-1.14275 12.6996 -0.572001 -2.15273
-1.14728 12.6775 -0.453217 -2.2034
-1.15061 12.655 -0.333037 -2.25317
-1.15273 12.632 -0.211442 -2.30249
-1.15361 12.6084 -0.0883995 -2.35181
-1.15325 12.5844 0.0361472 -2.40164
-1.15163 12.5599 0.162275 -2.45248
-1.14873 12.5349 0.290086 -2.50486
-1.14453 12.5093 0.419709 -2.55933
-1.13902 12.4831 0.551303 -2.61645
-1.13217 12.4563 0.685057 -2.67682
-1.12396 12.4289 0.821188 -2.74105
-1.11436 12.4008 0.959945 -2.80977
-1.10334 12.372 1.1016 -2.88363
-1.09088 12.3424 1.24645 -2.96327
-1.07693 12.3119 1.39478 -3.04933
-1.06146 12.2804 1.54689 -3.14239
-1.04443 12.248 1.70301 -3.24294
-1.0258 12.2145 1.86326 -3.35133
-1.00552 12.1798 2.02763 -3.46762
-0.983562 12.1439 2.19578 -3.59144
-0.959892 12.1067 2.36694 -3.7218
-0.934495 12.0681 2.53973 -3.85676
-0.907376 12.0282 2.71187 -3.99315
-0.878577 11.9869 2.87996 -4.12617
-0.848183 11.9444 3.03935 -4.24921
-0.816341 11.9009 3.18423 -4.35396
-0.78326 11.8566 3.30807 -4.43106
-0.749214 11.8119 3.40465 -4.47149
-0.71452 11.7672 3.46941 -4.46845
-0.679513 11.723 3.50066 -4.41908
-0.644512 11.6797 3.5001 -4.32527
-0.609788 11.6378 3.47239 -4.19298
-0.575549 11.5975 3.42393 -4.03062
-0.541934 11.559 3.36146 -3.84712
-0.509024 11.5225 3.29099 -3.65051
-0.476851 11.4881 3.21737 -3.44717
-0.44541 11.4556 3.14408 -3.24173
-0.414675 11.4253 3.07348 -3.03726
-0.384605 11.3969 3.00701 -2.83565
-0.355151 11.3705 2.94544 -2.63788
-0.32626 11.3461 2.8891 -2.44438
-0.29788 11.3235 2.838 -2.25517
-0.26996 11.3028 2.79197 -2.07006
-0.242453 11.2839 2.7507 -1.88871
-0.215315 11.2668 2.71382 -1.71074
-0.188506 11.2515 2.68093 -1.53574
-0.16199 11.2378 2.6516 -1.36334
-0.135735 11.2259 2.62541 -1.19316
-0.109716 11.2157 2.60192 -1.02488
-0.0839091 11.2071 2.58071 -0.858226
-0.0582956 11.2002 2.56135 -0.692961
-0.0328613 11.1949 2.54343 -0.528899
-0.0075959 11.1912 2.52654 -0.3659
0.0175069 11.1892 2.51028 -0.203868
0.0424493 11.1887 2.49424 -0.0427517
0.0672298 11.1899 2.47804 0.117463
0.0918426 11.1927 2.46129 0.276752
0.116279 11.197 2.44359 0.435056
0.140524 11.203 2.42458 0.592285
0.164563 11.2104 2.40388 0.74832
0.188374 11.2195 2.38112 0.903022
0.211934 11.23 2.35596 1.05623
0.235214 11.2421 2.32804 1.20776
0.258185 11.2557 2.29703 1.35744
0.280811 11.2707 2.26263 1.50507
0.303056 11.2872 2.22453 1.65046
0.324881 11.3052 2.18245 1.79342
0.346242 11.3245 2.13613 1.93378
0.367095 11.3452 2.08533 2.07136
0.387394 11.3673 2.02985 2.20604
0.407089 11.3907 1.96949 2.33769
0.42613 11.4153 1.9041 2.46623
0.444465 11.4412 1.83354 2.59162
0.462042 11.4684 1.7577 2.71385
0.478807 11.4967 1.67651 2.83295
0.494706 11.5262 1.58989 2.94902
0.509684 11.5568 1.49783 3.0622
0.523687 11.5885 1.4003 3.17269
0.53666 11.6214 1.29729 3.28073
0.548548 11.6552 1.18882 3.38666
0.559297 11.6901 1.0749 3.49085
0.568853 11.7261 0.955532 3.59377
0.57716 11.763 0.830733 3.69594
0.584165 11.801 0.70049 3.79795
0.589813 11.84 0.564772 3.90049
0.594048 11.8801 0.423517 4.00431
0.596814 11.9212 0.276623 4.11026
0.598054 11.9634 0.123944 4.21927
0.597706 12.0067 -0.0347237 4.33239
0.59571 12.0512 -0.199643 4.45073
0.591998 12.0969 -0.37114 4.57554
0.586502 12.144 -0.549601 4.70815
0.579148 12.1925 -0.735462 4.84995
0.569856 12.2425 -0.929174 5.00239
0.558545 12.2942 -1.13115 5.16688
0.545128 12.3477 -1.34164 5.34464
0.529523 12.403 -1.56057 5.53649
0.51165 12.4604 -1.78724 5.7424
0.491452 12.5201 -2.0198 5.96087
0.468906 12.5819 -2.25463 6.18799
0.444052 12.6461 -2.48537 6.41617
0.417031 12.7124 -2.7021 6.63287
0.388122 12.7806 -2.89088 6.82002
0.357773 12.8502 -3.03498 6.95555
0.326589 12.9204 -3.11837 7.01805
0.295277 12.9903 -3.13115 6.99416
0.264538 13.0591 -3.07393 6.88448
0.234959 13.1262 -2.9579 6.70367
0.206955 13.1909 -2.80036 6.47435
0.180765 13.2531 -2.619 6.2194
0.156484 13.3127 -2.42815 5.95702
0.134107 13.3697 -2.23767 5.69933
0.113572 13.4242 -2.05352 5.45324
0.0947834 13.4764 -1.87886 5.22199
0.0776332 13.5265 -1.71502 5.0065
0.0620104 13.5746 -1.56228 4.80639
0.047807 13.6208 -1.42034 4.62061
0.0349208 13.6653 -1.28862 4.44782
0.0232564 13.7081 -1.16644 4.28661
0.0127255 13.7495 -1.05309 4.13563
0.00324639 13.7894 -0.947907 3.9936
-0.00525627 13.828 -0.850265 3.85936
-0.0128524 13.8653 -0.759616 3.73188
-0.0196071 13.9014 -0.675468 3.61026
-0.025581 13.9364 -0.59739 3.49367
-0.030831 13.9702 -0.525002 3.38141
-0.0354107 14.0029 -0.457969 3.27284
-0.0393707 14.0346 -0.395998 3.16742
-0.042759 14.0652 -0.338828 3.06466
-0.0456212 14.0949 -0.286227 2.96413
-0.0480011 14.1235 -0.237987 2.86546
-0.0499403 14.1512 -0.193918 2.76832
-0.0514788 14.1779 -0.153847 2.67241
-0.0526549 14.2037 -0.117614 2.5775
-0.0535056 14.2285 -0.0850665 2.48335
-0.0540662 14.2524 -0.0560628 2.38977
-0.0543709 14.2754 -0.0304653 2.29661
-0.0544523 14.2974 -0.0081411 2.20371
-0.0543419 14.3185 0.0110399 2.11095
-0.0540698 14.3387 0.0272058 2.01823
-0.053665 14.358 0.040484 1.92547
-0.053155 14.3763 0.0510013 1.83259
-0.0525661 14.3937 0.0588849 1.73953
-0.0519235 14.4102 0.0642628 1.64624
-0.0512508 14.4257 0.0672636 1.55269
-0.0505707 14.4403 0.0680174 1.45885
-0.0499041 14.4539 0.0666552 1.36471
-0.049271 14.4666 0.0633096 1.27025
-0.0486899 14.4784 0.0581144 1.17547
-0.0481778 14.4892 0.0512047 1.08037
-0.0477507 14.499 0.0427168 0.984952
-0.0474228 14.5079 0.0327882 0.889235
-0.0472072 14.5159 0.0215576 0.79323
-0.0471156 14.5228 0.00916431 0.696956
-0.0471581 14.5288 -0.00425109 0.600435
-0.0473435 14.5339 -0.0185475 0.503689
-0.0476794 14.5379 -0.033583 0.406745
-0.0481715 14.541 -0.0492152 0.309631
-0.0488245 14.5432 -0.0653011 0.212375
-0.0496415 14.5443 -0.0816974 0.115009
-0.0506241 14.5445 -0.0982604 0.0175628
-0.0517726 14.5437 -0.114846 -0.0799304
-0.0530857 14.5419 -0.131311 -0.177438
-0.0545608 14.5392 -0.147509 -0.274926
-0.0561938 14.5354 -0.163298 -0.372362
-0.0579791 14.5307 -0.178533 -0.469711
-0.0599098 14.5251 -0.19307 -0.566941
-0.0619774 14.5184 -0.206765 -0.664018
-0.0641722 14.5108 -0.219475 -0.760911
-0.0664828 14.5023 -0.231057 -0.857588
-0.0688964 14.4927 -0.241368 -0.954021
-0.0713991 14.4822 -0.250268 -1.05018
-0.0739753 14.4707 -0.257615 -1.14604
-0.076608 14.4583 -0.26327 -1.24159
-0.0792789 14.445 -0.267096 -1.33679
-0.0819685 14.4306 -0.268956 -1.43164
-0.0846556 14.4154 -0.268714 -1.52613
-0.087318 14.3992 -0.266237 -1.62026
-0.0899319 14.382 -0.261395 -1.71402
-0.0924725 14.364 -0.254057 -1.80743
-0.0949135 14.345 -0.244097 -1.9005
-0.0972274 14.325 -0.231389 -1.99327
-0.0993855 14.3042 -0.215811 -2.08578
-0.101358 14.2824 -0.197241 -2.17807
-0.103113 14.2597 -0.175559 -2.27022
-0.10462 14.2361 -0.150647 -2.36232
-0.105844 14.2115 -0.122387 -2.45445
-0.10675 14.1861 -0.0906593 -2.54674
-0.107304 14.1597 -0.055346 -2.63933
-0.107467 14.1323 -0.0163248 -2.73238
-0.107202 14.1041 0.0265297 -2.82609
-0.106468 14.0749 0.0733486 -2.92068
-0.105226 14.0447 0.12427 -3.01639
-0.103431 14.0136 0.179443 -3.11352
-0.101041 13.9814 0.239029 -3.2124
-0.0980089 13.9483 0.303204 -3.31339
-0.0942872 13.9141 0.372166 -3.41692
-0.0898259 13.8789 0.446134 -3.52346
-0.0845723 13.8426 0.525357 -3.63355
-0.0784712 13.8051 0.610115 -3.74779
-0.0714639 13.7664 0.700726 -3.86687
-0.0634884 13.7265 0.797549 -3.99154
-0.0544785 13.6853 0.900988 -4.12266
-0.0443636 13.6427 1.01149 -4.26117
-0.0330682 13.5986 1.12955 -4.40809
-0.0205114 13.5529 1.25568 -4.56454
-0.00660735 13.5056 1.3904 -4.73169
0.00873457 13.4565 1.53419 -4.91067
0.0256084 13.4055 1.68739 -5.10251
0.0441087 13.3524 1.85003 -5.30792
0.064325 13.2972 2.02162 -5.52695
0.0863323 13.2396 2.20073 -5.75848
0.110176 13.1796 2.38438 -5.99938
0.135849 13.1171 2.56729 -6.2435
0.163258 13.0523 2.74094 -6.48032
0.192188 12.9854 2.89299 -6.69416
0.222265 12.9167 3.00772 -6.86469
0.252951 12.847 3.06854 -6.97025
0.283578 12.7771 3.06268 -6.99418
0.31344 12.7078 2.98625 -6.93164
0.341902 12.6399 2.84619 -6.79221
0.368478 12.5739 2.65756 -6.59605
0.392858 12.5102 2.43798 -6.36642
0.414888 12.449 2.20301 -6.12344
0.434528 12.3902 1.96406 -5.88142
0.451812 12.3337 1.72839 -5.64904
0.466813 12.2794 1.50008 -5.43064
0.479623 12.2271 1.28105 -5.22778
0.490343 12.1767 1.07196 -5.04033
0.49907 12.128 0.872725 -4.86727
0.505899 12.081 0.682912 -4.70715
0.510919 12.0354 0.50194 -4.55837
0.514211 11.9912 0.329202 -4.41936
0.515852 11.9483 0.164123 -4.2886
0.515914 11.9067 0.00619565 -4.16469
0.514464 11.8662 -0.145017 -4.04635
0.511565 11.8269 -0.289877 -3.93244
0.507278 11.7887 -0.428674 -3.8219
0.501662 11.7515 -0.561638 -3.71382
0.494772 11.7154 -0.688947 -3.60736
0.486665 11.6804 -0.810734 -3.50179
0.477394 11.6465 -0.927095 -3.39646
0.467013 11.6135 -1.0381 -3.29079
0.455575 11.5817 -1.14381 -3.18428
0.443132 11.5509 -1.24425 -3.07651
0.429738 11.5213 -1.33947 -2.9671
0.415443 11.4927 -1.42949 -2.85576
0.400299 11.4653 -1.51436 -2.74225
0.384358 11.439 -1.59411 -2.62636
0.36767 11.4139 -1.66882 -2.50797
0.350284 11.3901 -1.73856 -2.38698
0.33225 11.3674 -1.80342 -2.26336
0.313615 11.3461 -1.86351 -2.13708
0.294425 11.326 -1.91897 -2.0082
0.274726 11.3072 -1.96995 -1.87677
0.25456 11.2898 -2.01663 -1.74289
0.233967 11.2737 -2.05921 -1.60668
0.212988 11.259 -2.09791 -1.46828
0.191659 11.2458 -2.13295 -1.32784
0.170013 11.2339 -2.1646 -1.18553
0.148082 11.2235 -2.19313 -1.04151
0.125893 11.2145 -2.21881 -0.895953
0.103474 11.207 -2.24196 -0.749026
0.0808452 11.201 -2.26286 -0.600887
0.0580267 11.1965 -2.28185 -0.451683
0.0350344 11.1935 -2.29924 -0.301542
0.0118807 11.192 -2.31536 -0.150577
-0.0114249 11.192 -2.33056 0.0011238
-0.0348765 11.1935 -2.34516 0.153496
-0.0584716 11.1966 -2.35951 0.306505
-0.082211 11.2012 -2.37394 0.460141
-0.106099 11.2074 -2.3888 0.61443
-0.130143 11.215 -2.40443 0.769427
-0.154355 11.2243 -2.42116 0.925221
-0.178748 11.2351 -2.43934 1.08193
-0.203341 11.2475 -2.45929 1.23971
-0.228155 11.2615 -2.48134 1.39873
-0.253213 11.2771 -2.50581 1.55919
-0.278543 11.2943 -2.53301 1.72131
-0.304175 11.3132 -2.5632 1.88531
-0.330141 11.3337 -2.59663 2.05138
-0.356476 11.3559 -2.63348 2.21968
-0.383214 11.3798 -2.67386 2.3903
-0.410392 11.4054 -2.71776 2.56318
-0.438042 11.4328 -2.76497 2.73806
-0.466192 11.4619 -2.81506 2.91437
-0.494865 11.4928 -2.86724 3.09112
-0.524067 11.5255 -2.92028 3.2667
-0.553791 11.5599 -2.97234 3.43875
-0.584 11.5959 -3.02088 3.60393
-0.614625 11.6335 -3.06257 3.75788
-0.645559 11.6725 -3.09332 3.89525
-0.676644 11.7126 -3.10858 4.01002
-0.707682 11.7535 -3.10376 4.09626
-0.738432 11.795 -3.07505 4.14906
-0.768634 11.8367 -3.02016 4.1657
-0.798023 11.8781 -2.93894 4.14639
-0.826358 11.9191 -2.83342 4.09435
-0.853432 11.9592 -2.7074 4.0152
-0.879088 11.9984 -2.56562 3.9158
-0.903217 12.0364 -2.41294 3.80306
-0.925754 12.0733 -2.2537 3.68314
-0.946668 12.1089 -2.0914 3.56094
-0.965955 12.1433 -1.92865 3.44005
-0.983627 12.1765 -1.76723 3.32291
-0.99971 12.2086 -1.60829 3.21098
-1.01423 12.2397 -1.45246 3.10504
-1.02724 12.2697 -1.30006 3.00535
-1.03875 12.2988 -1.15113 2.91183
-1.0488 12.3271 -1.00562 2.82419
-1.05744 12.3545 -0.863359 2.74198
-1.06468 12.3811 -0.724136 2.66468
-1.07055 12.4071 -0.587731 2.59174
-1.07509 12.4323 -0.45392 2.52258
-1.07832 12.4568 -0.322491 2.45662
-1.08025 12.4808 -0.193249 2.3933
-1.08091 12.5041 -0.0660193 2.33206
-1.08032 12.5268 0.059349 2.27237
-1.07849 12.549 0.182987 2.21371
-1.07544 12.5705 0.305004 2.15559
-1.07118 12.5915 0.425492 2.09753
-1.06574 12.6119 0.544523 2.03907
-1.05912 12.6317 0.662157 1.97977
-1.05133 12.6509 0.778441 1.91922
-1.0424 12.6694 0.893411 1.857
-1.03233 12.6874 1.0071 1.79272
-1.02113 12.7046 1.11953 1.72603
-1.00882 12.7212 1.23072 1.65655
-0.995418 12.737 1.3407 1.58396
-0.980923 12.7521 1.44951 1.50794
-0.965351 12.7664 1.55717 1.42817
-0.948714 12.7798 1.66373 1.34437
-0.931021 12.7924 1.76925 1.25626
-0.912283 12.804 1.8738 1.16357
-0.892508 12.8147 1.97748 1.06607
-0.871704 12.8243 2.08041 0.963513
-0.849877 12.8329 2.18272 0.855667
-0.827031 12.8403 2.28458 0.742314
-0.803169 12.8465 2.38618 0.623237
-0.778292 12.8515 2.48776 0.498225
-0.752396 12.8552 2.58958 0.367064
-0.725476 12.8575 2.69194 0.229541
-0.697525 12.8584 2.79517 0.0854386
-0.668528 12.8577 2.89964 -0.0654631
-0.638471 12.8555 3.00576 -0.223383
-0.607331 12.8516 3.11395 -0.388533
-0.575084 12.846 3.22466 -0.561102
-0.541701 12.8386 3.33833 -0.741236
-0.507147 12.8293 3.45538 -0.928995
-0.471386 12.818 3.57613 -1.12429
-0.434378 12.8048 3.70078 -1.3268
-0.396086 12.7894 3.82928 -1.53582
-0.356473 12.7719 3.96121 -1.75005
-0.315518 12.7522 4.09555 -1.96736
-0.273213 12.7304 4.23046 -2.18441
-0.229583 12.7064 4.363 -2.39628
-0.184695 12.6805 4.48886 -2.5961
-0.138672 12.6527 4.60226 -2.77496
-0.0917102 12.6235 4.6962 -2.92224
-0.0440779 12.5932 4.76323 -3.02683
0.00389076 12.5624 4.79686 -3.07909
0.0518224 12.5317 4.79317 -3.0732
0.0993423 12.5016 4.75199 -3.00893
0.146113 12.4727 4.67707 -2.89178
0.191863 12.4454 4.57502 -2.73151
0.236399 12.42 4.45359 -2.53971
0.279601 12.3967 4.32016 -2.32754
0.321409 12.3757 4.18083 -2.10442
0.36181 12.3569 4.04007 -1.87747
0.400818 12.3404 3.90086 -1.6517
0.438468 12.3261 3.76497 -1.43041
0.474801 12.3139 3.63329 -1.21557
0.509862 12.3038 3.50612 -1.0083
0.543696 12.2957 3.38337 -0.809137
0.576343 12.2895 3.26473 -0.618226
0.607841 12.2852 3.14975 -0.435508
0.63822 12.2826 3.03794 -0.260795
0.667508 12.2816 2.92878 -0.093834
0.695726 12.2823 2.82178 0.0656534
0.72289 12.2845 2.71646 0.217952
0.749014 12.2881 2.61237 0.363341
0.774105 12.2931 2.50913 0.502088
0.798169 12.2995 2.40638 0.634452
0.821207 12.3071 2.3038 0.760679
0.843218 12.3159 2.20111 0.881009
0.864199 12.3258 2.09807 0.995677
0.884144 12.3369 1.99448 1.10492
0.903045 12.349 1.89017 1.20897
0.920895 12.3621 1.78499 1.30808
0.937683 12.3761 1.67883 1.40249
0.953399 12.391 1.57157 1.49247
0.968031 12.4068 1.46316 1.57828
0.981566 12.4234 1.35353 1.66023
0.993992 12.4408 1.24263 1.73859
1.0053 12.4589 1.13042 1.81371
1.01547 12.4778 1.01688 1.8859
1.02449 12.4973 0.901979 1.95551
1.03234 12.5176 0.785691 2.02293
1.03902 12.5385 0.667991 2.08852
1.04451 12.56 0.548848 2.15268
1.04879 12.5821 0.428224 2.21585
1.05185 12.6049 0.306072 2.27845
1.05368 12.6283 0.182333 2.34093
1.05425 12.6524 0.0569361 2.40375
1.05354 12.677 -0.0702059 2.46741
1.05155 12.7024 -0.199194 2.53239
1.04825 12.7284 -0.330143 2.5992
1.04362 12.755 -0.463181 2.66835
1.03763 12.7824 -0.598445 2.74033
1.03027 12.8106 -0.736073 2.81566
1.02151 12.8396 -0.876194 2.89479
1.01132 12.8693 -1.01891 2.97813
0.99968 12.9 -1.16427 3.06601
0.986557 12.9316 -1.31225 3.15861
0.971931 12.9641 -1.46267 3.25591
0.955779 12.9977 -1.61517 3.35757
0.938088 13.0323 -1.76908 3.46285
0.918855 13.068 -1.92335 3.5704
0.898091 13.1048 -2.07641 3.67814
0.87583 13.1427 -2.22606 3.78308
0.852136 13.1815 -2.3694 3.88121
0.827107 13.2211 -2.50288 3.96753
0.800882 13.2615 -2.62248 4.03636
0.773641 13.3023 -2.72415 4.08188
0.745597 13.3433 -2.80439 4.09901
0.716987 13.3842 -2.86096 4.08431
0.688054 13.4245 -2.89336 4.03673
0.659024 13.4641 -2.90297 3.95781
0.630096 13.5026 -2.89276 3.85125
0.60143 13.5398 -2.86665 3.72213
0.573141 13.5756 -2.8289 3.57597
0.545306 13.6098 -2.78348 3.41797
0.517968 13.6423 -2.73378 3.25253
0.491143 13.6731 -2.68249 3.08311
0.464828 13.7023 -2.63157 2.91225
0.439004 13.7297 -2.58239 2.74171
0.413645 13.7554 -2.53586 2.5726
0.388721 13.7795 -2.49248 2.40558
0.364195 13.8019 -2.45253 2.24095
0.340035 13.8227 -2.41606 2.07881
0.316204 13.8418 -2.38303 1.9191
0.292672 13.8595 -2.35326 1.76166
0.269406 13.8755 -2.32655 1.60629
0.24638 13.8901 -2.30266 1.45276
0.223566 13.9031 -2.28131 1.30082
0.200944 13.9146 -2.26221 1.15027
0.178494 13.9246 -2.24506 1.00089
0.156198 13.9331 -2.22956 0.852495
0.134044 13.9401 -2.21541 0.704924
0.112021 13.9457 -2.2023 0.558045
0.0901217 13.9498 -2.18993 0.411753
0.068342 13.9525 -2.17797 0.265972
0.0466806 13.9537 -2.16614 0.120653
0.0251393 13.9535 -2.15413 -0.0242268
0.00372312 13.9518 -2.14162 -0.168664
-0.01756 13.9487 -2.12831 -0.312632
-0.038699 13.9441 -2.11391 -0.456082
-0.05968 13.9381 -2.0981 -0.598944
-0.080486 13.9307 -2.08059 -0.741132
-0.101097 13.9219 -2.0611 -0.882544
-0.12149 13.9116 -2.03932 -1.02306
-0.14164 13.9 -2.01499 -1.16257
-0.161518 13.887 -1.98781 -1.30093
-0.181094 13.8726 -1.95754 -1.43802
-0.200333 13.8569 -1.92391 -1.5737
-0.2192 13.8398 -1.88669 -1.70784
-0.237656 13.8214 -1.84565 -1.84032
-0.255662 13.8017 -1.80057 -1.97105
-0.273174 13.7807 -1.75126 -2.09993
-0.29015 13.7584 -1.69754 -2.2269
-0.306542 13.7349 -1.63925 -2.3519
-0.322305 13.7102 -1.57624 -2.47494
-0.337388 13.6842 -1.50838 -2.59604
-0.351744 13.657 -1.43556 -2.71524
-0.365321 13.6287 -1.35768 -2.83266
-0.378068 13.5992 -1.27467 -2.94843
-0.389932 13.5686 -1.18645 -3.06276
-0.400862 13.5368 -1.09295 -3.1759
-0.410803 13.504 -0.994118 -3.28813
-0.419702 13.47 -0.889895 -3.39984
-0.427504 13.4349 -0.780216 -3.51145
-0.434154 13.3986 -0.665008 -3.62346
-0.439596 13.3613 -0.544184 -3.73643
-0.443772 13.3227 -0.417635 -3.85101
-0.446624 13.2831 -0.285226 -3.96792
-0.448092 13.2422 -0.14679 -4.08797
-0.448113 13.2001 -0.00212582 -4.21205
-0.446623 13.1567 0.149005 -4.34113
-0.443555 13.1119 0.306873 -4.47626
-0.438837 13.0657 0.471772 -4.61855
-0.432397 13.018 0.643989 -4.76915
-0.424159 12.9687 0.823765 -4.92915
-0.414047 12.9177 1.01121 -5.09955
-0.401985 12.8649 1.20619 -5.28099
-0.387905 12.8102 1.40807 -5.47356
-0.37175 12.7534 1.61545 -5.67631
-0.353494 12.6946 1.82565 -5.88662
-0.333152 12.6336 2.03415 -6.09938
-0.310813 12.5705 2.23388 -6.30603
-0.286665 12.5056 2.41479 -6.4939
-0.261024 12.4391 2.56413 -6.64655
-0.234342 12.3716 2.66818 -6.74597
-0.207187 12.3039 2.71553 -6.77713
-0.180177 12.2365 2.70105 -6.73313
-0.153896 12.1704 2.62806 -6.61831
-0.128824 12.1059 2.50724 -6.44662
-0.105294 12.0435 2.35292 -6.23664
-0.0835035 11.9835 2.17909 -6.00631
-0.0635328 11.9258 1.99707 -5.76977
-0.045385 11.8704 1.81478 -5.53662
-0.0290126 11.8173 1.63723 -5.31249
-0.0143403 11.7663 1.46723 -5.10021
-0.00127894 11.7173 1.30614 -4.90074
0.0102652 11.6701 1.15442 -4.71392
0.0203854 11.6247 1.01202 -4.53903
0.0291716 11.581 0.878619 -4.37502
0.0367092 11.5388 0.753761 -4.22078
0.0430787 11.498 0.63695 -4.07516
0.0483557 11.4586 0.527693 -3.93711
0.0526109 11.4206 0.425528 -3.80563
0.0559112 11.3838 0.330031 -3.67982
0.0583195 11.3482 0.240822 -3.55889
0.0598951 11.3138 0.157562 -3.44212
0.0606946 11.2805 0.0799509 -3.32888
0.0607718 11.2483 0.00772132 -3.21861
0.0601782 11.2172 -0.0593642 -3.11083
0.058963 11.1871 -0.121519 -3.0051
0.0571736 11.1581 -0.178935 -2.90106
0.0548557 11.1302 -0.231788 -2.79837
0.0520533 11.1032 -0.280243 -2.69677
0.0488088 11.0772 -0.324452 -2.59599
0.0451632 11.0523 -0.36456 -2.49585
0.0411561 11.0283 -0.400708 -2.39616
0.0368258 11.0053 -0.433032 -2.29678
0.0322091 10.9834 -0.461669 -2.19759
0.0273416 10.9624 -0.48675 -2.09848
0.0222575 10.9424 -0.508412 -1.99938
0.0169896 10.9234 -0.526789 -1.90023
0.0115694 10.9054 -0.542018 -1.80097
0.00602703 10.8884 -0.554238 -1.70159
0.00039113 10.8723 -0.56359 -1.60206
-0.00531104 10.8573 -0.570217 -1.50237
-0.0110537 10.8433 -0.574264 -1.40252
-0.0168125 10.8303 -0.575878 -1.30252
-0.0225646 10.8182 -0.57521 -1.20237
-0.0282887 10.8072 -0.572411 -1.10211
-0.033965 10.7972 -0.567633 -1.00175
-0.0395753 10.7882 -0.561033 -0.901317
-0.045103 10.7802 -0.552765 -0.800834
-0.0505328 10.7732 -0.542986 -0.700333
-0.0558514 10.7672 -0.531853 -0.59984
-0.0610466 10.7622 -0.519526 -0.499384
-0.0661082 10.7582 -0.506161 -0.398993
-0.0710274 10.7552 -0.491917 -0.298692
-0.0757969 10.7532 -0.476953 -0.198505
-0.0804112 10.7522 -0.461425 -0.0984543
-0.0848661 10.7522 -0.445491 0.00144109
-0.0891592 10.7533 -0.429307 0.101165
-0.0932895 10.7553 -0.41303 0.200703
-0.0972576 10.7583 -0.396815 0.300047
-0.101066 10.7623 -0.380815 0.399191
-0.104718 10.7672 -0.365184 0.498132
-0.108218 10.7732 -0.350073 0.596872
-0.111575 10.7802 -0.335635 0.695419
-0.114795 10.7881 -0.32202 0.793783
-0.117889 10.797 -0.309376 0.891982
-0.120867 10.8069 -0.297853 0.990037
-0.123743 10.8178 -0.287597 1.08798
-0.126531 10.8297 -0.278757 1.18583
-0.129245 10.8425 -0.271477 1.28365
-0.131905 10.8563 -0.265904 1.38147
-0.134526 10.8711 -0.262184 1.47936
-0.137131 10.8869 -0.260461 1.57737
-0.13974 10.9036 -0.260882 1.67558
-0.142376 10.9214 -0.263594 1.77407
-0.145063 10.9401 -0.268742 1.87295
-0.147828 10.9598 -0.276475 1.97231
-0.150697 10.9806 -0.286944 2.07228
-0.1537 11.0023 -0.300302 2.17299
-0.156867 11.025 -0.316704 2.2746
-0.160231 11.0488 -0.33631 2.37727
-0.163823 11.0736 -0.359283 2.4812
-0.167681 11.0995 -0.385792 2.58661
-0.171841 11.1264 -0.416013 2.69372
-0.176343 11.1544 -0.450127 2.8028
-0.181226 11.1836 -0.488324 2.91414
-0.186534 11.2139 -0.5308 3.02807
-0.192311 11.2453 -0.57776 3.14493
-0.198606 11.278 -0.629413 3.2651
-0.205465 11.3119 -0.685975 3.38899
-0.212942 11.347 -0.747657 3.51705
-0.221089 11.3835 -0.814664 3.64972
-0.22996 11.4214 -0.887177 3.78745
-0.239614 11.4607 -0.965333 3.93069
-0.250106 11.5015 -1.0492 4.0798
-0.261493 11.5439 -1.13872 4.23503
-0.273829 11.5878 -1.23364 4.39643
-0.287164 11.6335 -1.33343 4.56371
-0.301535 11.6808 -1.43713 4.73603
-0.316967 11.7299 -1.54317 4.91184
-0.333458 11.7808 -1.64914 5.08847
-0.350974 11.8334 -1.75158 5.26187
-0.369431 11.8877 -1.84576 5.42634
-0.388688 11.9434 -1.92566 5.5744
-0.408531 12.0004 -1.98431 5.69729
-0.428677 12.0583 -2.01456 5.78594
-0.448781 12.1166 -2.01038 5.83272
-0.468463 12.1749 -1.96828 5.83331
-0.487347 12.2328 -1.88833 5.78804
-0.505088 12.2898 -1.77415 5.70186
-0.521408 12.3457 -1.63199 5.58305
-0.5361 12.4001 -1.4692 5.44115
-0.549029 12.4529 -1.29288 5.28519
-0.560119 12.5042 -1.10903 5.12256
-0.569342 12.5537 -0.922266 4.9587
-0.5767 12.6017 -0.735855 4.79718
-0.58222 12.6481 -0.551972 4.6401
-0.58594 12.693 -0.371974 4.48845
-0.587906 12.7364 -0.196647 4.34249
-0.58817 12.7784 -0.0264018 4.20199
-0.586784 12.8191 0.13859 4.06641
-0.583801 12.8585 0.298298 3.93508
-0.579274 12.8965 0.452771 3.80724
-0.573253 12.9334 0.602096 3.6821
-0.565789 12.9689 0.746372 3.55891
-0.556932 13.0033 0.885701 3.43693
-0.54673 13.0365 1.02018 3.3155
-0.535231 13.0684 1.14989 3.19397
-0.522482 13.0991 1.27491 3.0718
-0.508529 13.1286 1.39531 2.94847
-0.493418 13.1568 1.51117 2.82354
-0.477192 13.1838 1.62255 2.69663
-0.459897 13.2095 1.72954 2.56739
-0.441574 13.2338 1.83222 2.43556
-0.422267 13.2568 1.9307 2.30091
-0.402017 13.2785 2.02508 2.16326
-0.380862 13.2987 2.1155 2.02248
-0.35884 13.3175 2.20213 1.87847
-0.335989 13.3348 2.28513 1.73117
-0.312342 13.3506 2.36472 1.58056
-0.28793 13.3649 2.44112 1.42664
-0.262785 13.3776 2.51459 1.26943
-0.236931 13.3887 2.5854 1.10896
-0.210392 13.3981 2.65385 0.945281
-0.183189 13.4059 2.72027 0.778462
-0.155339 13.412 2.78499 0.608561
-0.126856 13.4163 2.84837 0.435646
-0.097748 13.4189 2.91078 0.259784
-0.0680221 13.4197 2.97259 0.0810464
-0.0376805 13.4187 3.03417 -0.100487
-0.00672167 13.4159 3.09588 -0.284722
0.0248588 13.4112 3.15805 -0.471531
0.0570685 13.4046 3.22097 -0.660737
0.089917 13.396 3.28485 -0.852075
0.123415 13.3856 3.34979 -1.04515
0.157572 13.3732 3.41576 -1.23939
0.192397 13.3589 3.48248 -1.43391
0.227891 13.3426 3.5494 -1.62749
0.264047 13.3244 3.61559 -1.81837
0.300843 13.3044 3.67962 -2.00417
0.338238 13.2825 3.73949 -2.18173
0.376164 13.2591 3.79254 -2.34704
0.414519 13.2341 3.83553 -2.49532
0.453167 13.2079 3.86477 -2.62123
0.491931 13.1807 3.87647 -2.7194
0.530604 13.1529 3.8673 -2.78519
0.568954 13.1247 3.835 -2.81559
0.606743 13.0966 3.77886 -2.80987
0.643743 13.0689 3.7 -2.76994
0.679754 13.0419 3.60111 -2.70002
0.714614 13.0159 3.48596 -2.60587
0.748201 12.9909 3.35873 -2.49387
0.780436 12.9672 3.22345 -2.37014
0.811271 12.9448 3.08359 -2.24001
0.84069 12.9237 2.94189 -2.10775
0.868694 12.904 2.80039 -1.97655
0.895299 12.8855 2.66047 -1.84867
0.920529 12.8682 2.52301 -1.72562
0.944414 12.8521 2.3885 -1.60829
0.966986 12.8372 2.25717 -1.49717
0.988276 12.8232 2.12905 -1.39243
1.00832 12.8103 2.00404 -1.29404
1.02714 12.7983 1.88198 -1.20184
1.04476 12.7871 1.76266 -1.11556
1.06122 12.7768 1.64586 -1.0349
1.07654 12.7672 1.53135 -0.959512
1.09072 12.7583 1.41889 -0.889046
1.10381 12.7501 1.30827 -0.823137
1.1158 12.7425 1.19929 -0.761424
1.12672 12.7354 1.09175 -0.70355
1.13657 12.7289 0.985496 -0.649163
1.14538 12.7229 0.880359 -0.597921
1.15314 12.7175 0.776198 -0.549487
1.15987 12.7124 0.672884 -0.503534
1.16557 12.7078 0.570299 -0.459738
1.17025 12.7036 0.468336 -0.417784
1.17392 12.6999 0.366898 -0.377362
1.17658 12.6965 0.265895 -0.338165
1.17823 12.6935 0.165244 -0.299892
1.17888 12.6909 0.0648681 -0.262245
1.17853 12.6886 -0.0353058 -0.224927
1.17718 12.6867 -0.135348 -0.187647
1.17482 12.6852 -0.235326 -0.150113
1.17147 12.6841 -0.335308 -0.112033
1.16712 12.6834 -0.435363 -0.0731191
1.16176 12.6831 -0.53556 -0.0330814
1.1554 12.6831 -0.635973 0.0083695
1.14803 12.6837 -0.736679 0.0515239
1.13966 12.6846 -0.837761 0.0966733
1.13026 12.6861 -0.939308 0.144111
1.11985 12.688 -1.04142 0.194131
1.10841 12.6905 -1.1442 0.247032
1.09593 12.6935 -1.24777 0.303114
1.08241 12.6971 -1.35226 0.36268
1.06783 12.7014 -1.45782 0.426036
1.05218 12.7063 -1.56458 0.493492
1.03545 12.712 -1.67274 0.565355
1.01763 12.7184 -1.78246 0.641934
0.998691 12.7256 -1.89394 0.723533
0.978617 12.7337 -2.00739 0.810445
0.957387 12.7428 -2.12302 0.902941
0.934976 12.7528 -2.24102 1.00126
0.911361 12.7638 -2.36158 1.10559
0.886512 12.776 -2.48485 1.21603
0.860403 12.7893 -2.61091 1.33257
0.833005 12.8039 -2.73976 1.45499
0.804293 12.8197 -2.8712 1.58283
0.774245 12.8369 -3.00485 1.71527
0.742845 12.8554 -3.13996 1.85097
0.710091 12.8752 -3.27538 1.98795
0.675998 12.8965 -3.40939 2.1234
0.640601 12.919 -3.53963 2.25353
0.603971 12.9427 -3.66299 2.37351
0.566214 12.9675 -3.77576 2.47759
0.527476 12.9931 -3.87377 2.55938
0.487947 13.0192 -3.95293 2.61263
0.447849 13.0456 -4.00981 2.63203
0.407426 13.0717 -4.04232 2.61426
0.366924 13.0973 -4.05015 2.55858
0.326576 13.122 -4.03483 2.46702
0.286582 13.1454 -3.9994 2.34381
0.247104 13.1673 -3.94775 2.19456
0.208264 13.1876 -3.88401 2.0253
0.170144 13.206 -3.81197 1.84167
0.132796 13.2225 -3.73479 1.64854
0.0962472 13.237 -3.65492 1.4498
0.0605062 13.2495 -3.5741 1.2484
0.0255714 13.2599 -3.49348 1.04649
-0.0085658 13.2684 -3.41372 0.845571
-0.0419175 13.2749 -3.33517 0.646663
-0.0744962 13.2794 -3.25787 0.45044
-0.106313 13.2819 -3.18172 0.257331
-0.137378 13.2826 -3.10648 0.0675979
-0.167697 13.2814 -3.03184 -0.1186
-0.197271 13.2784 -2.95744 -0.301173
-0.2261 13.2736 -2.88291 -0.480071
-0.254179 13.2671 -2.80786 -0.655268
-0.281498 13.2588 -2.73191 -0.826751
-0.308045 13.2489 -2.65469 -0.994512
-0.333803 13.2373 -2.57584 -1.15855
-0.358754 13.2241 -2.49504 -1.31887
-0.382873 13.2093 -2.41198 -1.47549
-0.406137 13.193 -2.32638 -1.62843
-0.428517 13.1753 -2.23799 -1.77773
-0.449983 13.156 -2.14658 -1.92345
-0.470502 13.1354 -2.05194 -2.06567
-0.490041 13.1133 -1.95391 -2.20449
-0.508565 13.0899 -1.85233 -2.34006
-0.526035 13.0652 -1.74707 -2.47256
-0.542416 13.0392 -1.63804 -2.60219
-0.557667 13.0119 -1.52514 -2.7292
-0.57175 12.9834 -1.4083 -2.85391
-0.584625 12.9536 -1.28746 -2.97663
-0.596251 12.9226 -1.16259 -3.09777
-0.606587 12.8904 -1.03363 -3.21775
-0.615593 12.8571 -0.900559 -3.33704
-0.623226 12.8225 -0.763354 -3.45615
-0.629446 12.7867 -0.621997 -3.57563
-0.634211 12.7498 -0.476487 -3.69603
-0.637479 12.7116 -0.326844 -3.81793
-0.639211 12.6722 -0.173123 -3.94187
-0.639365 12.6315 -0.0154443 -4.06834
-0.637905 12.5895 0.145978 -4.19772
-0.634797 12.5462 0.310778 -4.3302
-0.630014 12.5016 0.478366 -4.4657
-0.623536 12.4555 0.647828 -4.60368
-0.615358 12.4081 0.817794 -4.743
-0.605495 12.3593 0.986289 -4.88169
-0.593989 12.3091 1.15057 -5.01671
-0.580919 12.2577 1.30703 -5.14379
-0.566407 12.2051 1.45114 -5.25738
-0.55063 12.1516 1.57773 -5.35093
-0.533816 12.0974 1.68143 -5.41752
-0.51624 12.0429 1.75755 -5.45098
-0.49821 11.9884 1.80299 -5.44715
-0.48004 11.9344 1.81703 -5.40497
-0.462025 11.8811 1.80155 -5.32672
-0.444418 11.8289 1.76065 -5.21756
-0.427421 11.7781 1.69973 -5.08433
-0.411175 11.7288 1.62454 -4.93421
-0.395772 11.681 1.54035 -4.77375
-0.381256 11.6349 1.45159 -4.60832
-0.367639 11.5905 1.36165 -4.44191
-0.354909 11.5477 1.273 -4.27732
-0.343036 11.5066 1.18733 -4.11633
-0.331979 11.467 1.10573 -3.95998
-0.32169 11.4289 1.02885 -3.80876
-0.31212 11.3923 0.957027 -3.6628
-0.303216 11.357 0.890401 -3.522
-0.294926 11.3232 0.828963 -3.3861
-0.2872 11.2906 0.772618 -3.25478
-0.279988 11.2594 0.721216 -3.12767
-0.273242 11.2293 0.674576 -3.00438
-0.266917 11.2005 0.6325 -2.88454
-0.26097 11.1728 0.594785 -2.76778
-0.255357 11.1463 0.561226 -2.65378
-0.250041 11.1208 0.53162 -2.5422
-0.244983 11.0965 0.505773 -2.43277
-0.240148 11.0733 0.483492 -2.32521
-0.235502 11.0511 0.464594 -2.21927
-0.231013 11.0299 0.4489 -2.11476
-0.226651 11.0098 0.436236 -2.01145
-0.222387 10.9907 0.426436 -1.90917
-0.218193 10.9726 0.419335 -1.80776
-0.214046 10.9556 0.414774 -1.70708
-0.20992 10.9395 0.412595 -1.60699
-0.205793 10.9244 0.412645 -1.50737
-0.201646 10.9103 0.414772 -1.40811
-0.197457 10.8972 0.418825 -1.30913
-0.193211 10.8851 0.424654 -1.21034
-0.18889 10.874 0.432111 -1.11165
-0.184479 10.8639 0.441047 -1.01302
-0.179966 10.8548 0.451315 -0.914365
-0.175338 10.8466 0.462766 -0.815648
-0.170586 10.8394 0.475251 -0.716823
-0.1657 10.8332 0.488621 -0.617852
-0.160672 10.8281 0.502726 -0.518701
-0.155498 10.8239 0.517414 -0.419347
-0.150173 10.8207 0.532535 -0.319767
-0.144694 10.8185 0.547935 -0.219948
-0.139059 10.8173 0.563459 -0.119879
-0.133269 10.8171 0.578953 -0.0195538
-0.127327 10.8179 0.59426 0.0810281
-0.121235 10.8197 0.609222 0.181864
-0.114998 10.8225 0.623681 0.282946
-0.108623 10.8264 0.637476 0.384264
-0.102119 10.8312 0.650448 0.485805
-0.0954942 10.8371 0.662434 0.587551
-0.0887615 10.844 0.673272 0.689484
-0.0819335 10.8519 0.6828 0.791581
-0.075025 10.8609 0.690854 0.893821
-0.0680522 10.8708 0.697273 0.996179
-0.0610333 10.8818 0.701893 1.09863
-0.0539878 10.8938 0.704552 1.20116
-0.0469369 10.9069 0.705088 1.30373
-0.0399035 10.9209 0.703343 1.40634
-0.0329119 10.936 0.699156 1.50897
-0.0259882 10.9521 0.692371 1.6116
-0.0191599 10.9693 0.682831 1.71423
-0.0124561 10.9874 0.670385 1.81687
-0.00590725 11.0066 0.65488 1.91953
0.000454428 11.0269 0.636168 2.02223
0.00659545 11.0481 0.614102 2.12501
0.0124808 11.0704 0.588538 2.22791
0.0180742 11.0937 0.559333 2.33102
0.0233376 11.118 0.526345 2.4344
0.028232 11.1434 0.489435 2.53818
0.0327166 11.1698 0.448461 2.64247
0.0367494 11.1973 0.403283 2.74745
0.0402869 11.2259 0.353756 2.8533
0.0432843 11.2555 0.299732 2.96024
0.0456949 11.2861 0.24106 3.06854
0.0474706 11.3179 0.177577 3.17848
0.0485618 11.3508 0.109113 3.29041
0.0489166 11.3849 0.0354865 3.40473
0.0484816 11.4201 -0.0434995 3.52187
0.0472011 11.4565 -0.128058 3.64233
0.0450169 11.4942 -0.218417 3.76667
0.0418687 11.5331 -0.314824 3.8955
0.0376933 11.5734 -0.417538 4.02949
0.032425 11.6151 -0.526827 4.16937
0.0259955 11.6583 -0.64295 4.31587
0.0183341 11.703 -0.766136 4.46977
0.00936874 11.7493 -0.896539 4.63178
-0.000973024 11.7973 -1.03418 4.80247
-0.0127612 11.8472 -1.17882 4.98216
-0.0260595 11.8989 -1.32983 5.17067
-0.0409189 11.9525 -1.48594 5.36706
-0.0573679 12.0082 -1.6449 5.56911
-0.0753986 12.0659 -1.80307 5.7728
-0.0949482 12.1257 -1.95497 5.97166
-0.115878 12.1872 -2.09293 6.15627
-0.13795 12.2504 -2.2072 6.31431
-0.160818 12.3147 -2.28684 6.4318
-0.184035 12.3796 -2.32173 6.49572
-0.207088 12.4446 -2.30531 6.49766
-0.229457 12.509 -2.23684 6.43683
-0.250674 12.5722 -2.12175 6.32049
-0.270373 12.6338 -1.96991 6.16162
-0.288301 12.6936 -1.79276 5.97502
-0.30431 12.7513 -1.60088 5.77405
-0.318336 12.807 -1.40264 5.56898
-0.330376 12.8607 -1.20397 5.36674
-0.340463 12.9124 -1.00871 5.17142
-0.348654 12.9622 -0.819129 4.98506
-0.355019 13.0103 -0.636433 4.80832
-0.35963 13.0567 -0.461153 4.64104
-0.362564 13.1015 -0.293414 4.48253
-0.363896 13.1449 -0.133115 4.3319
-0.363696 13.1867 0.019961 4.18814
-0.362035 13.2272 0.166074 4.05021
-0.35898 13.2664 0.305491 3.91714
-0.354596 13.3043 0.438466 3.788
-0.348943 13.3409 0.565228 3.66196
-0.342084 13.3763 0.685979 3.53824
-0.334075 13.4105 0.800895 3.41616
-0.324973 13.4434 0.910127 3.29512
-0.314835 13.4752 1.01381 3.1746
-0.303715 13.5057 1.11207 3.05412
-0.291664 13.535 1.20501 2.93331
-0.278737 13.5631 1.29274 2.81184
-0.264983 13.59 1.37536 2.68943
-0.250454 13.6157 1.45299 2.56587
-0.235196 13.6401 1.52573 2.44099
-0.219259 13.6633 1.59372 2.31468
-0.202688 13.6851 1.65708 2.18685
-0.185529 13.7057 1.71597 2.05746
-0.167823 13.725 1.77053 1.9265
-0.149614 13.7429 1.82096 1.794
-0.130939 13.7595 1.86742 1.66
-0.111838 13.7748 1.91013 1.52457
-0.0923453 13.7886 1.94929 1.38779
-0.0724938 13.8011 1.98514 1.24974
-0.0523146 13.8122 2.01792 1.11054
-0.0318359 13.8219 2.04787 0.970296
-0.0110834 13.8302 2.07525 0.829109
0.00991988 13.8371 2.10033 0.687086
0.0311537 13.8425 2.12338 0.544327
0.0526004 13.8466 2.14467 0.400923
0.0742454 13.8491 2.1645 0.256952
0.0960767 13.8502 2.18313 0.11248
0.118085 13.8499 2.20086 -0.0324418
0.140265 13.8481 2.21796 -0.177779
0.162612 13.8449 2.23472 -0.323515
0.185126 13.8402 2.25141 -0.46965
0.207809 13.834 2.2683 -0.616199
0.230666 13.8264 2.28566 -0.763195
0.253703 13.8173 2.30373 -0.910679
0.276931 13.8067 2.32275 -1.0587
0.30036 13.7947 2.34294 -1.20732
0.324005 13.7811 2.36449 -1.35658
0.34788 13.766 2.38755 -1.5065
0.372003 13.7494 2.41223 -1.65707
0.396388 13.7314 2.43858 -1.80822
0.421054 13.7118 2.46655 -1.9598
0.446014 13.6907 2.496 -2.11152
0.47128 13.668 2.52662 -2.26294
0.496859 13.6439 2.55793 -2.41336
0.522751 13.6183 2.5892 -2.5618
0.548946 13.5912 2.61942 -2.70692
0.575418 13.5627 2.64724 -2.84692
0.602127 13.5329 2.67093 -2.97954
0.629011 13.5019 2.68841 -3.10203
0.655984 13.4698 2.69728 -3.21126
0.682934 13.4368 2.69499 -3.30391
0.709725 13.403 2.67906 -3.3768
0.736199 13.3687 2.64741 -3.42731
0.762185 13.3342 2.59864 -3.45382
0.787509 13.2996 2.53236 -3.45605
0.812001 13.2653 2.44919 -3.43518
0.835508 13.2313 2.35073 -3.39371
0.857901 13.198 2.2393 -3.33504
0.879076 13.1654 2.11754 -3.26306
0.898958 13.1335 1.98813 -3.18161
0.917493 13.1026 1.85353 -3.09418
0.934651 13.0726 1.71583 -3.0037
0.950418 13.0434 1.57668 -2.91246
0.964791 13.0152 1.43734 -2.82215
0.977778 12.9879 1.29869 -2.73393
0.989392 12.9614 1.16134 -2.64851
0.999648 12.9357 1.02566 -2.5663
1.00857 12.9109 0.891865 -2.48743
1.01617 12.8867 0.760037 -2.41185
1.02247 12.8633 0.630185 -2.33937
1.02749 12.8406 0.50226 -2.26973
1.03125 12.8186 0.376183 -2.20261
1.03377 12.7972 0.251855 -2.13762
1.03506 12.7765 0.129168 -2.07439
1.03514 12.7564 0.00801453 -2.01252
1.03403 12.7369 -0.11171 -1.95159
1.03173 12.7179 -0.230105 -1.89121
1.02825 12.6996 -0.347262 -1.83098
1.02362 12.6819 -0.463266 -1.77051
1.01784 12.6648 -0.578193 -1.70942
1.01092 12.6484 -0.692115 -1.64733
1.00287 12.6325 -0.805097 -1.58389
0.993695 12.6173 -0.917201 -1.51874
0.98341 12.6028 -1.02849 -1.45154
0.972019 12.589 -1.13902 -1.38196
0.959531 12.5759 -1.24885 -1.30969
0.94595 12.5636 -1.35806 -1.23441
0.931283 12.552 -1.46671 -1.15584
0.915535 12.5413 -1.57488 -1.07369
0.898708 12.5314 -1.68266 -0.987672
0.880806 12.5224 -1.79015 -0.897535
0.861832 12.5144 -1.89748 -0.803024
0.841784 12.5073 -2.00476 -0.703895
0.820662 12.5013 -2.11216 -0.599917
0.798464 12.4964 -2.21982 -0.490873
0.775185 12.4927 -2.32793 -0.37656
0.750818 12.4901 -2.43669 -0.256792
0.725355 12.4888 -2.54631 -0.131408
0.698785 12.4888 -2.65699 -0.00028266
0.671096 12.4902 -2.76895 0.136666
0.642272 12.4929 -2.88238 0.279453
0.612297 12.4972 -2.99745 0.427998
0.581155 12.503 -3.11425 0.582083
0.548827 12.5105 -3.23276 0.741298
0.515299 12.5195 -3.35282 0.904965
0.480559 12.5302 -3.47402 1.07203
0.444602 12.5426 -3.59564 1.24093
0.407437 12.5567 -3.7165 1.40947
0.369088 12.5725 -3.83489 1.57461
0.329604 12.5898 -3.94841 1.73235
0.289064 12.6086 -4.05399 1.8777
0.247586 12.6286 -4.14785 2.00474
0.205327 12.6497 -4.22585 2.10701
0.162489 12.6715 -4.28386 2.17816
0.119304 12.6936 -4.31844 2.21291
0.0760296 12.7157 -4.32748 2.20802
0.0329229 12.7373 -4.31067 2.16295
-0.00977327 12.7581 -4.26962 2.08003
-0.0518479 12.7778 -4.20746 1.96395
-0.0931305 12.796 -4.12827 1.82083
-0.133494 12.8125 -4.03632 1.65726
-0.17285 12.8273 -3.93558 1.47941
-0.211143 12.8403 -3.82936 1.29261
-0.248345 12.8513 -3.72022 1.10116
-0.284445 12.8604 -3.60999 0.908301
-0.319444 12.8675 -3.49987 0.716425
-0.35335 12.8728 -3.3906 0.527202
-0.386175 12.8762 -3.28254 0.341766
-0.417934 12.8778 -3.17581 0.160857
-0.448637 12.8777 -3.07032 -0.0150647
-0.478296 12.8758 -2.96591 -0.185735
-0.506919 12.8723 -2.86234 -0.351024
-0.534512 12.8672 -2.75931 -0.510892
-0.561078 12.8605 -2.65655 -0.665363
-0.586616 12.8524 -2.55376 -0.814504
-0.611122 12.8428 -2.45067 -0.958411
-0.634592 12.8318 -2.347 -1.0972
-0.657018 12.8195 -2.24254 -1.23102
-0.678388 12.8059 -2.13707 -1.36002
-0.698692 12.7911 -2.03039 -1.48438
-0.717916 12.775 -1.92234 -1.60429
-0.736043 12.7578 -1.81279 -1.71995
-0.75306 12.7395 -1.70161 -1.8316
-0.768947 12.7201 -1.5887 -1.93949
-0.783686 12.6997 -1.47397 -2.04389
-0.79726 12.6782 -1.35737 -2.1451
-0.809648 12.6558 -1.23883 -2.24342
-0.820831 12.6324 -1.11829 -2.33921
-0.830789 12.6081 -0.995735 -2.43281
-0.8395 12.5828 -0.871114 -2.52462
-0.846944 12.5567 -0.7444 -2.61502
-0.853099 12.5296 -0.615566 -2.70444
-0.857945 12.5017 -0.484589 -2.7933
-0.86146 12.4729 -0.35145 -2.88204
-0.863621 12.4432 -0.216141 -2.97107
-0.864408 12.4126 -0.0786689 -3.06081
-0.863798 12.3811 0.0609336 -3.15163
-0.861773 12.3486 0.202593 -3.24387
-0.858311 12.3152 0.346176 -3.33774
-0.853396 12.2809 0.491458 -3.43336
-0.847015 12.2456 0.638088 -3.53065
-0.83916 12.2093 0.785536 -3.62926
-0.82983 12.172 0.93304 -3.72852
-0.819034 12.1337 1.07953 -3.82733
-0.806799 12.0945 1.22357 -3.92401
-0.793166 12.0543 1.3633 -4.0163
-0.778202 12.0133 1.49639 -4.10126
-0.762 11.9716 1.62015 -4.17537
-0.744684 11.9292 1.73163 -4.23469
-0.726405 11.8865 1.82792 -4.27529
-0.70734 11.8435 1.90651 -4.29366
-0.687683 11.8007 1.96568 -4.28737
-0.667634 11.7581 2.00487 -4.25544
-0.647386 11.7161 2.02476 -4.19857
-0.627115 11.6749 2.02718 -4.11896
-0.606967 11.6347 2.0148 -4.01996
-0.587059 11.5957 1.99072 -3.90545
-0.567479 11.5579 1.95805 -3.77937
-0.548282 11.5214 1.91968 -3.64531
-0.529502 11.4864 1.87805 -3.5063
-0.51115 11.4527 1.83512 -3.36474
-0.493226 11.4205 1.79241 -3.22244
-0.475716 11.3897 1.751 -3.08066
-0.458599 11.3603 1.71167 -2.94025
-0.44185 11.3323 1.67492 -2.80173
-0.42544 11.3056 1.64105 -2.66538
-0.409337 11.2803 1.61022 -2.5313
-0.393513 11.2563 1.58248 -2.39948
-0.377935 11.2336 1.55779 -2.2698
-0.362574 11.2122 1.53608 -2.14211
-0.347402 11.192 1.51722 -2.01624
-0.332391 11.1731 1.50108 -1.89197
-0.317516 11.1554 1.48748 -1.76911
-0.302753 11.1389 1.47626 -1.64746
-0.288081 11.1237 1.46724 -1.52681
-0.273479 11.1096 1.46023 -1.40699
-0.258928 11.0967 1.45505 -1.28783
-0.244413 11.085 1.4515 -1.16916
-0.229919 11.0745 1.4494 -1.05086
-0.215434 11.0652 1.44855 -0.932796
-0.200946 11.0571 1.44876 -0.814857
-0.186448 11.0501 1.44984 -0.696952
-0.171932 11.0443 1.4516 -0.579003
-0.157393 11.0397 1.45382 -0.460947
-0.14283 11.0363 1.45633 -0.342736
-0.128241 11.034 1.45891 -0.224335
-0.113627 11.033 1.46137 -0.105726
-0.0989923 11.0331 1.4635 0.0130978
-0.0843413 11.0344 1.4651 0.132131
-0.0696818 11.0369 1.46595 0.251354
-0.0550232 11.0406 1.46585 0.370739
-0.0403773 11.0455 1.46459 0.490245
-0.0257577 11.0516 1.46196 0.609823
-0.0111802 11.0589 1.45775 0.729415
0.00333728 11.0674 1.45174 0.848957
0.0177746 11.0771 1.44373 0.968378
0.0321098 11.088 1.43351 1.08761
0.0463185 11.1 1.42088 1.20656
0.0603747 11.1133 1.40562 1.32517
0.0742502 11.1277 1.38755 1.44335
0.0879149 11.1433 1.36647 1.56103
0.101337 11.1601 1.34219 1.67816
0.114482 11.1781 1.31453 1.79466
0.127315 11.1972 1.28332 1.91049
0.139799 11.2174 1.2484 2.02562
0.151895 11.2388 1.20959 2.14003
0.163563 11.2614 1.16676 2.25372
0.17476 11.285 1.11976 2.36671
0.185445 11.3098 1.06845 2.47906
0.195572 11.3357 1.01271 2.59083
0.205096 11.3627 0.952414 2.70215
0.213971 11.3909 0.887449 2.81315
0.222148 11.4201 0.817702 2.92401
0.229578 11.4505 0.74306 3.03495
0.236212 11.4819 0.663412 3.14625
0.241999 11.5145 0.578642 3.25822
0.246885 11.5482 0.488625 3.37124
0.250817 11.5831 0.393228 3.48573
0.25374 11.6191 0.292303 3.60218
0.255597 11.6563 0.185685 3.72115
0.256329 11.6948 0.0731877 3.84327
0.255875 11.7344 -0.045398 3.96921
0.254172 11.7754 -0.170304 4.09976
0.251154 11.8178 -0.301781 4.23574
0.246753 11.8616 -0.440091 4.37803
0.240899 11.9069 -0.585487 4.52756
0.233517 11.9537 -0.73818 4.68522
0.224534 12.0022 -0.898281 4.85183
0.213877 12.0525 -1.06571 5.02801
0.201477 12.1046 -1.24003 5.21395
0.187274 12.1587 -1.42025 5.40913
0.171229 12.2149 -1.60446 5.6119
0.153335 12.273 -1.78943 5.81879
0.133635 12.3333 -1.97001 6.02385
0.112248 12.3955 -2.13872 6.21792
0.0893924 12.4593 -2.28554 6.38836
0.0654057 12.5245 -2.39867 6.51999
0.0407416 12.5905 -2.46642 6.5976
0.0159389 12.6566 -2.48027 6.61009
-0.00843928 12.7222 -2.43782 6.55435
-0.0318776 12.7865 -2.34383 6.43669
-0.0539642 12.8492 -2.20865 6.27066
-0.0744135 12.91 -2.04494 6.07264
-0.09306 12.9685 -1.86465 5.85785
-0.109833 13.0249 -1.67732 5.63811
-0.12473 13.0791 -1.48971 5.42143
-0.137792 13.1313 -1.30611 5.21256
-0.149082 13.1814 -1.12904 5.01389
-0.15868 13.2297 -0.959763 4.82625
-0.166668 13.2762 -0.798796 4.64952
-0.173129 13.321 -0.646193 4.48304
-0.178147 13.3642 -0.50176 4.32589
-0.181799 13.406 -0.365177 4.17705
-0.18416 13.4464 -0.236079 4.03548
-0.185301 13.4854 -0.114095 3.90019
-0.185289 13.5231 0.00112816 3.77026
-0.18419 13.5595 0.109912 3.64486
-0.182065 13.5948 0.212546 3.52321
-0.178972 13.6288 0.309287 3.40466
-0.174968 13.6617 0.400364 3.2886
-0.170108 13.6934 0.485978 3.17451
-0.164445 13.7241 0.566309 3.06193
-0.15803 13.7536 0.64152 2.95046
-0.150912 13.782 0.711761 2.83977
-0.143141 13.8093 0.777171 2.72956
-0.134762 13.8355 0.837886 2.6196
-0.125822 13.8605 0.894034 2.50968
-0.116364 13.8845 0.945745 2.39963
-0.106433 13.9074 0.993149 2.28935
-0.0960689 13.9292 1.03638 2.17872
-0.0853131 13.9499 1.07557 2.06768
-0.0742044 13.9695 1.11087 1.9562
-0.0627802 13.9879 1.14242 1.84424
-0.0510765 14.0052 1.17037 1.73182
-0.0391276 14.0214 1.19489 1.61894
-0.0269663 14.0365 1.21613 1.50563
-0.0146237 14.0504 1.23426 1.39194
-0.00212897 14.0632 1.24947 1.27792
0.0104903 14.0748 1.26193 1.16362
0.0232085 14.0853 1.27182 1.04911
0.0360018 14.0946 1.27933 0.93445
0.0488483 14.1028 1.28465 0.819705
0.0617281 14.1099 1.28798 0.70494
0.0746231 14.1158 1.2895 0.590218
0.0875172 14.1205 1.28941 0.475597
0.100396 14.1242 1.28791 0.361131
0.113248 14.1266 1.28519 0.246866
0.126063 14.128 1.28145 0.132843
0.138832 14.1281 1.27687 0.0190932
0.151548 14.1272 1.27166 -0.0943604
0.164208 14.1251 1.26599 -0.207505
0.176808 14.1219 1.26005 -0.320336
0.189349 14.1176 1.25404 -0.432863
0.20183 14.1121 1.24813 -0.545103
0.214255 14.1056 1.24251 -0.657086
0.226629 14.0979 1.23735 -0.768855
0.238957 14.0891 1.23282 -0.880462
0.251248 14.0792 1.22911 -0.991973
0.263512 14.0681 1.22637 -1.10347
0.27576 14.056 1.22478 -1.21503
0.288005 14.0427 1.22451 -1.32677
0.300262 14.0283 1.22571 -1.43879
0.312547 14.0128 1.22856 -1.55122
0.324879 13.9962 1.2332 -1.66421
0.337277 13.9784 1.23979 -1.77788
0.349762 13.9595 1.24848 -1.8924
0.362356 13.9394 1.25941 -2.00793
0.375083 13.9181 1.27271 -2.12462
0.387969 13.8957 1.28851 -2.24264
0.401038 13.8721 1.3069 -2.36214
0.414317 13.8473 1.32796 -2.48326
0.427835 13.8212 1.35173 -2.60609
0.441617 13.7939 1.37821 -2.73071
0.45569 13.7653 1.40732 -2.8571
0.470079 13.7355 1.43891 -2.98516
0.484806 13.7043 1.4727 -3.11464
0.499889 13.6719 1.50827 -3.24512
0.515339 13.6381 1.545 -3.37593
0.531159 13.603 1.58202 -3.50611
0.547341 13.5667 1.61817 -3.6343
0.56386 13.5291 1.65194 -3.75869
0.580675 13.4903 1.68146 -3.87701
0.59772 13.4505 1.70449 -3.9865
0.614905 13.4096 1.71851 -4.08401
0.632113 13.368 1.72084 -4.16623
0.649202 13.3257 1.70892 -4.22997
0.666009 13.283 1.68063 -4.27259
0.682354 13.24 1.63453 -4.29241
0.698056 13.1971 1.57017 -4.28902
0.712937 13.1545 1.48814 -4.26337
0.726837 13.1123 1.38998 -4.21764
0.739616 13.0708 1.27791 -4.15487
0.751161 13.03 1.15455 -4.0785
0.761387 12.9901 1.02253 -3.992
0.77023 12.9511 0.88433 -3.89847
0.777651 12.9131 0.742071 -3.80053
0.783626 12.8761 0.597504 -3.70021
0.788146 12.8401 0.451992 -3.59901
0.791211 12.8051 0.306563 -3.49791
0.792831 12.7711 0.161966 -3.39753
0.793018 12.7382 0.0187254 -3.29816
0.79179 12.7062 -0.122797 -3.19984
0.789167 12.6751 -0.262365 -3.10248
0.785168 12.6451 -0.39983 -3.00584
0.779817 12.616 -0.535103 -2.90962
0.773136 12.5878 -0.668138 -2.81346
0.765147 12.5607 -0.798919 -2.71698
0.755872 12.5345 -0.927446 -2.61977
0.745335 12.5093 -1.05373 -2.52146
0.733557 12.485 -1.17781 -2.42165
0.72056 12.4618 -1.29969 -2.31998
0.706366 12.4397 -1.41943 -2.2161
0.690995 12.4186 -1.53707 -2.10967
0.674468 12.3986 -1.65266 -2.00039
0.656806 12.3797 -1.76627 -1.88799
0.638026 12.362 -1.87797 -1.77222
0.618147 12.3455 -1.98785 -1.65284
0.597187 12.3302 -2.09601 -1.52968
0.575162 12.3161 -2.20257 -1.40255
0.552085 12.3034 -2.30766 -1.27133
0.527971 12.2921 -2.41143 -1.13591
0.50283 12.2821 -2.51404 -0.996205
0.476674 12.2736 -2.61566 -0.85219
0.449509 12.2665 -2.71647 -0.703868
0.421343 12.261 -2.81664 -0.551293
0.392179 12.2571 -2.91633 -0.394585
0.362022 12.2547 -3.01568 -0.233944
0.330875 12.254 -3.11479 -0.0696738
0.298738 12.255 -3.21367 0.0977807
0.265616 12.2577 -3.31224 0.267792
0.231513 12.2621 -3.41026 0.439491
0.19644 12.2682 -3.5073 0.611695
0.160413 12.276 -3.60265 0.782823
0.123461 12.2855 -3.69525 0.950804
0.0856243 12.2967 -3.78367 1.11299
0.0469644 12.3093 -3.86599 1.26612
0.00756574 12.3234 -3.93986 1.40628
-0.0324597 12.3387 -4.00254 1.52909
-0.0729706 12.355 -4.05109 1.62994
-0.113797 12.372 -4.08267 1.70443
-0.154746 12.3895 -4.09489 1.74897
-0.195609 12.4071 -4.08629 1.76134
-0.236175 12.4245 -4.05655 1.74109
-0.276241 12.4414 -4.0066 1.68973
-0.315625 12.4576 -3.93849 1.61042
-0.354176 12.4726 -3.85504 1.50755
-0.39177 12.4865 -3.75938 1.38603
-0.428316 12.499 -3.65461 1.25078
-0.463751 12.5101 -3.5435 1.10627
-0.498034 12.5196 -3.42836 0.956318
-0.531144 12.5277 -3.31097 0.804006
-0.56307 12.5342 -3.19265 0.651718
-0.593814 12.5392 -3.07433 0.501227
-0.623379 12.5427 -2.95657 0.353808
-0.651777 12.5448 -2.83974 0.210342
-0.679017 12.5455 -2.72398 0.0714108
-0.70511 12.5449 -2.60933 -0.0626292
-0.730067 12.543 -2.49575 -0.191586
-0.753899 12.5398 -2.38313 -0.315387
-0.776612 12.5355 -2.27134 -0.43405
-0.798214 12.53 -2.16022 -0.547654
-0.81871 12.5235 -2.04962 -0.656326
-0.838104 12.5159 -1.93938 -0.760228
-0.856398 12.5073 -1.82937 -0.859547
-0.873592 12.4977 -1.71945 -0.954494
-0.889687 12.4873 -1.60949 -1.04529
-0.904681 12.476 -1.49938 -1.13219
-0.918571 12.4638 -1.38902 -1.21543
-0.931355 12.4508 -1.27832 -1.29528
-0.943027 12.4371 -1.1672 -1.37203
-0.953583 12.4227 -1.05558 -1.44594
-0.963017 12.4075 -0.943402 -1.51732
-0.971322 12.3916 -0.830594 -1.58647
-0.978494 12.3751 -0.717101 -1.65369
-0.984522 12.3579 -0.602867 -1.71931
-0.989401 12.3401 -0.487837 -1.78365
-0.99312 12.3216 -0.371959 -1.84703
-0.995672 12.3025 -0.255181 -1.90977
-0.997046 12.2828 -0.137452 -1.97221
-0.997234 12.2624 -0.0187254 -2.03465
-0.996223 12.2414 0.10104 -2.09741
-0.994005 12.2198 0.221876 -2.16078
-0.990567 12.1976 0.343799 -2.225
-0.985899 12.1747 0.466806 -2.29031
-0.97999 12.1511 0.590857 -2.35687
-0.972831 12.1269 0.715869 -2.42477
-0.964414 12.1019 0.841694 -2.49398
-0.954733 12.0763 0.9681 -2.56437
-0.943786 12.0499 1.09474 -2.63561
-0.931575 12.0229 1.22114 -2.70716
-0.918108 11.9951 1.34663 -2.77823
-0.903405 11.9666 1.47035 -2.84771
-0.887493 11.9375 1.59122 -2.91414
-0.870413 11.9077 1.70793 -2.97573
-0.852224 11.8774 1.81894 -3.03035
-0.832998 11.8466 1.92258 -3.07563
-0.812827 11.8156 2.01715 -3.1091
-0.791816 11.7843 2.10102 -3.12841
-0.770088 11.753 2.17288 -3.13155
-0.747769 11.7218 2.23185 -3.11714
-0.724993 11.6909 2.27765 -3.08456
-0.701887 11.6606 2.3106 -3.03404
-0.678571 11.6309 2.33159 -2.96659
-0.655151 11.6021 2.34199 -2.88388
-0.631717 11.5742 2.34342 -2.78795
-0.60834 11.5474 2.33761 -2.68102
-0.585078 11.5217 2.32626 -2.56526
-0.561969 11.4973 2.31091 -2.44267
-0.53904 11.4742 2.29288 -2.31496
-0.516307 11.4523 2.27326 -2.18357
-0.493778 11.4318 2.25291 -2.04962
-0.471453 11.4127 2.23248 -1.914
-0.449329 11.3949 2.21245 -1.77734
-0.427398 11.3785 2.19313 -1.6401
-0.40565 11.3635 2.17472 -1.50262
-0.384077 11.3498 2.15731 -1.36508
-0.362668 11.3376 2.14092 -1.22762
-0.341413 11.3267 2.1255 -1.0903
-0.320303 11.3171 2.11097 -0.953136
-0.299331 11.309 2.09721 -0.816131
-0.278491 11.3022 2.08406 -0.679264
-0.257777 11.2968 2.07134 -0.542506
-0.237189 11.2927 2.05886 -0.405829
-0.216725 11.29 2.04641 -0.269209
-0.196387 11.2887 2.03379 -0.132628
-0.176179 11.2887 2.02075 0.00392361
-0.156108 11.2901 2.00707 0.140445
-0.136183 11.2929 1.99251 0.276922
-0.116415 11.297 1.97683 0.413333
-0.0968172 11.3025 1.95979 0.549642
-0.0774059 11.3094 1.94113 0.685805
-0.0581997 11.3176 1.92062 0.821768
-0.0392195 11.3272 1.89801 0.95747
-0.020489 11.3381 1.87306 1.09284
-0.00203377 11.3504 1.84552 1.22782
0.0161179 11.364 1.81516 1.36233
0.0339355 11.379 1.78176 1.4963
0.0513863 11.3953 1.74508 1.62966
0.0684354 11.4129 1.70492 1.76236
0.0850459 11.4318 1.66105 1.89435
0.101179 11.4521 1.61329 2.0256
0.116793 11.4736 1.56145 2.15609
0.131847 11.4965 1.50535 2.28583
0.146295 11.5207 1.44481 2.41485
0.160092 11.5461 1.37969 2.54322
0.17319 11.5728 1.30983 2.67101
0.185541 11.6008 1.23509 2.79838
0.197094 11.63 1.15534 2.92548
0.207799 11.6606 1.07046 3.05253
0.217602 11.6924 0.980324 3.1798
0.22645 11.7254 0.884824 3.30759
0.234289 11.7598 0.783845 3.43627
0.241062 11.7955 0.677275 3.56626
0.246712 11.8324 0.565007 3.69803
0.251181 11.8708 0.446935 3.83209
0.254411 11.9105 0.322963 3.96902
0.256341 11.9515 0.193013 4.1094
0.256911 11.9941 0.0570385 4.25382
0.256062 12.0381 -0.0849448 4.40288
0.253734 12.0837 -0.232822 4.55705
0.24987 12.1309 -0.386314 4.71667
0.244422 12.1797 -0.544887 4.88177
0.237345 12.2302 -0.707614 5.05189
0.228615 12.2824 -0.873 5.2259
0.218228 12.3365 -1.03874 5.40156
0.206213 12.3922 -1.20145 5.57523
0.192649 12.4496 -1.35642 5.74149
0.177674 12.5086 -1.4975 5.89289
0.161502 12.5688 -1.61728 6.02026
0.144423 12.6299 -1.70784 6.11359
0.126802 12.6915 -1.76207 6.16377
0.109049 12.7532 -1.77531 6.16481
0.0915824 12.8143 -1.7467 6.11563
0.074787 12.8745 -1.67955 6.02046
0.0589831 12.9334 -1.58039 5.88771
0.0444092 12.9907 -1.45739 5.72773
0.0312224 13.0462 -1.31869 5.55065
0.0195093 13.0999 -1.17131 5.36503
0.00930222 13.1516 -1.02071 5.17725
0.000594157 13.2015 -0.870807 4.99167
-0.00664814 13.2497 -0.724229 4.81093
-0.0124744 13.296 -0.58263 4.63644
-0.0169442 13.3407 -0.446973 4.46877
-0.0201218 13.3838 -0.317761 4.30792
-0.0220737 13.4253 -0.195196 4.15359
-0.0228667 13.4654 -0.0792954 4.00526
-0.0225663 13.504 0.0300353 3.86236
-0.0212368 13.5412 0.13295 3.72426
-0.0189405 13.5771 0.229634 3.59036
-0.0157377 13.6117 0.320284 3.46011
-0.0116867 13.6451 0.405098 3.33296
-0.00684399 13.6772 0.484269 3.20846
-0.00126413 13.708 0.557986 3.08618
0.00500013 13.7377 0.626426 2.96574
0.0118978 13.7661 0.689763 2.84683
0.0193794 13.7934 0.748164 2.72917
0.0273973 13.8196 0.801791 2.61253
0.0359053 13.8445 0.850804 2.49671
0.044859 13.8683 0.895362 2.38155
0.0542152 13.891 0.935623 2.26693
0.0639326 13.9125 0.971744 2.15273
0.0739715 13.9329 1.00389 2.0389
0.0842936 13.9522 1.03221 1.92537
0.0948625 13.9703 1.05689 1.81211
0.105643 13.9873 1.07807 1.6991
0.116603 14.0032 1.09595 1.58634
0.127709 14.0179 1.11067 1.47383
0.138934 14.0315 1.12243 1.36159
0.150248 14.044 1.13139 1.24964
0.161625 14.0554 1.13774 1.13801
0.173042 14.0657 1.14165 1.02674
0.184474 14.0748 1.14329 0.915844
0.195903 14.0829 1.14286 0.805365
0.207308 14.0898 1.14053 0.695332
0.218673 14.0957 1.13648 0.585774
0.229982 14.1004 1.13088 0.476717
0.241221 14.1041 1.12392 0.368182
0.252379 14.1067 1.11576 0.260185
0.263445 14.1083 1.10658 0.152737
0.27441 14.1087 1.09655 0.0458435
0.285268 14.1081 1.08583 -0.0604981
0.296014 14.1064 1.0746 -0.166296
0.306644 14.1037 1.06301 -0.271566
0.317157 14.1 1.05121 -0.37633
0.32755 14.0952 1.03938 -0.480619
0.337827 14.0893 1.02765 -0.58447
0.347989 14.0824 1.01618 -0.687927
0.35804 14.0745 1.00511 -0.791042
0.367986 14.0656 0.994583 -0.893873
0.377833 14.0556 0.984741 -0.996485
0.38759 14.0446 0.975717 -1.09895
0.397267 14.0326 0.967642 -1.20134
0.406873 14.0196 0.960644 -1.30375
0.416421 14.0055 0.954842 -1.40626
0.425925 13.9904 0.950356 -1.50895
0.435398 13.9743 0.947293 -1.61193
0.444855 13.9572 0.945756 -1.71528
0.454314 13.939 0.945838 -1.8191
0.46379 13.9197 0.947619 -1.92347
0.473302 13.8995 0.951166 -2.02847
0.482867 13.8781 0.956526 -2.13416
0.492504 13.8557 0.963723 -2.2406
0.502232 13.8322 0.972752 -2.34779
0.512067 13.8077 0.983569 -2.45572
0.522028 13.782 0.996083 -2.56432
0.53213 13.7553 1.01015 -2.67345
0.542385 13.7275 1.02553 -2.7829
0.552804 13.6985 1.04193 -2.89234
0.563393 13.6685 1.05891 -3.00131
0.574153 13.6374 1.07593 -3.1092
0.585076 13.6053 1.09228 -3.21519
0.596146 13.5721 1.10709 -3.31828
0.60734 13.5379 1.11932 -3.41723
0.618617 13.5028 1.12774 -3.51057
0.629927 13.4669 1.13099 -3.59665
0.641203 13.4301 1.1276 -3.67367
0.652364 13.3927 1.11607 -3.73982
0.663314 13.3548 1.09499 -3.79336
0.673945 13.3165 1.06315 -3.83284
0.684142 13.2779 1.01968 -3.85722
0.693783 13.2392 0.964107 -3.86602
0.702748 13.2006 0.896478 -3.85935
0.710921 13.1623 0.817296 -3.83793
0.718196 13.1242 0.727477 -3.803
0.724478 13.0867 0.628241 -3.75612
0.729688 13.0497 0.520985 -3.69906
0.733759 13.0133 0.407157 -3.6336
0.736641 12.9777 0.288162 -3.5614
0.738294 12.9429 0.165286 -3.48392
0.73869 12.9089 0.0396593 -3.4024
0.737813 12.8757 -0.0877576 -3.31779
0.735651 12.8434 -0.216171 -3.23082
0.732202 12.812 -0.344939 -3.14198
0.727466 12.7814 -0.47355 -3.05159
0.72145 12.7518 -0.601606 -2.95982
0.714162 12.7232 -0.728794 -2.86671
0.705614 12.6954 -0.854878 -2.77222
0.695817 12.6687 -0.979677 -2.67623
0.684786 12.6429 -1.10305 -2.57861
0.672537 12.6181 -1.22491 -2.47916
0.659085 12.5943 -1.34517 -2.37768
0.644448 12.5716 -1.46379 -2.27398
0.62864 12.5499 -1.58073 -2.16785
0.61168 12.5293 -1.69599 -2.05912
0.593585 12.5098 -1.80956 -1.94761
0.57437 12.4915 -1.92145 -1.83318
0.554053 12.4744 -2.0317 -1.7157
0.53265 12.4584 -2.14032 -1.59511
0.510177 12.4437 -2.24735 -1.47135
0.486648 12.4302 -2.35283 -1.34442
0.46208 12.4181 -2.4568 -1.21437
0.436488 12.4073 -2.55928 -1.0813
0.409885 12.3978 -2.66028 -0.945409
0.382287 12.3898 -2.75979 -0.806944
0.35371 12.3831 -2.85774 -0.666272
0.324169 12.3779 -2.95403 -0.523879
0.293685 12.3741 -3.04847 -0.380395
0.262277 12.3717 -3.14077 -0.23663
0.229972 12.3708 -3.2305 -0.0935996
0.196801 12.3712 -3.31711 0.0474351
0.162802 12.3731 -3.39983 0.184938
0.128025 12.3763 -3.47772 0.317076
0.0925293 12.3807 -3.54959 0.441713
0.0563884 12.3862 -3.61408 0.55644
0.0196919 12.3928 -3.66966 0.658648
-0.0174551 12.4003 -3.71469 0.745649
-0.0549313 12.4084 -3.74762 0.814866
-0.0926017 12.4171 -3.76704 0.864054
-0.130321 12.426 -3.7719 0.891543
-0.167937 12.4349 -3.76165 0.896446
-0.2053 12.4437 -3.73628 0.878783
-0.242264 12.4521 -3.69638 0.839502
-0.278694 12.4599 -3.64307 0.780366
-0.314473 12.467 -3.57783 0.703758
-0.349496 12.4731 -3.50234 0.612426
-0.38368 12.4782 -3.41837 0.509245
-0.416956 12.4822 -3.32758 0.397
-0.44927 12.4849 -3.23148 0.278252
-0.480584 12.4865 -3.13134 0.155244
-0.510866 12.4868 -3.02822 0.0298752
-0.540096 12.4858 -2.92295 -0.0962961
-0.568257 12.4836 -2.81614 -0.222025
-0.59534 12.4801 -2.70826 -0.346341
-0.621336 12.4755 -2.59962 -0.468505
-0.64624 12.4696 -2.49043 -0.587972
-0.670048 12.4625 -2.38083 -0.70435
-0.692757 12.4544 -2.27088 -0.817379
-0.714363 12.4451 -2.16061 -0.926895
-0.734863 12.4348 -2.05003 -1.03282
-0.754254 12.4234 -1.9391 -1.13514
-0.772532 12.4111 -1.82779 -1.23389
-0.789693 12.3978 -1.71607 -1.32916
-0.805732 12.3836 -1.6039 -1.42106
-0.820644 12.3685 -1.49123 -1.50974
-0.834425 12.3525 -1.37804 -1.59537
-0.847068 12.3357 -1.26429 -1.67813
-0.858567 12.3182 -1.14996 -1.75824
-0.868917 12.2998 -1.03503 -1.83589
-0.878112 12.2807 -0.91949 -1.91133
-0.886146 12.2608 -0.803341 -1.98476
-0.893012 12.2403 -0.68659 -2.05641
-0.898704 12.219 -0.56926 -2.12649
-0.903218 12.1971 -0.451387 -2.1952
-0.906548 12.1744 -0.333027 -2.26271
-0.908691 12.1511 -0.214259 -2.32917
-0.909643 12.1272 -0.0951945 -2.39467
-0.909403 12.1026 0.0240181 -2.45926
-0.907971 12.0774 0.143182 -2.52291
-0.90535 12.0515 0.262041 -2.58549
-0.901548 12.025 0.380268 -2.64677
-0.896573 11.998 0.497452 -2.7064
-0.890442 11.9703 0.613086 -2.76385
-0.883177 11.9422 0.726558 -2.81846
-0.874805 11.9135 0.837147 -2.86938
-0.865365 11.8843 0.944029 -2.91559
-0.854902 11.8548 1.04629 -2.95592
-0.843472 11.8249 1.14297 -2.98911
-0.831142 11.7947 1.23309 -3.01384
-0.817984 11.7644 1.31575 -3.02885
-0.804082 11.7341 1.39017 -3.03302
-0.789525 11.7038 1.45577 -3.02551
-0.774402 11.6738 1.51225 -3.00579
-0.758806 11.6441 1.5596 -2.97373
-0.742825 11.6148 1.59813 -2.9296
-0.726541 11.586 1.62842 -2.87405
-0.710028 11.5579 1.65124 -2.80799
-0.693353 11.5306 1.66756 -2.73258
-0.676569 11.5041 1.67838 -2.64904
-0.659722 11.4785 1.68472 -2.55863
-0.642846 11.4539 1.68754 -2.46254
-0.625969 11.4303 1.68774 -2.36185
-0.609108 11.4077 1.68606 -2.2575
-0.592276 11.3862 1.68317 -2.15031
-0.57548 11.3658 1.6796 -2.04091
-0.558723 11.3465 1.67577 -1.92985
-0.542003 11.3283 1.67201 -1.81751
-0.525317 11.3113 1.66855 -1.70422
-0.508662 11.2954 1.66557 -1.59018
-0.49203 11.2806 1.66316 -1.47556
-0.475416 11.267 1.66139 -1.36045
-0.458813 11.2546 1.66026 -1.24492
-0.442216 11.2433 1.65974 -1.12899
-0.425618 11.2332 1.65979 -1.01267
-0.409015 11.2242 1.66032 -0.895941
-0.392403 11.2164 1.66124 -0.778792
-0.375778 11.2098 1.66243 -0.661193
-0.35914 11.2044 1.66377 -0.543116
-0.342489 11.2001 1.66512 -0.424534
-0.325826 11.1971 1.66631 -0.305421
-0.309154 11.1952 1.6672 -0.18576
-0.292478 11.1946 1.66762 -0.065535
-0.275804 11.1951 1.66738 0.055259
-0.259141 11.1969 1.66631 0.176621
-0.242499 11.1999 1.66422 0.298543
-0.22589 11.2041 1.66092 0.421007
-0.209327 11.2095 1.65621 0.54399
-0.192829 11.2162 1.64989 0.667459
-0.176411 11.2241 1.64176 0.791377
-0.160095 11.2333 1.63161 0.9157
-0.143903 11.2437 1.61923 1.04038
-0.127858 11.2553 1.60442 1.16536
-0.111989 11.2682 1.58698 1.2906
-0.0963217 11.2824 1.56669 1.41603
-0.0808882 11.2978 1.54335 1.54161
-0.0657205 11.3145 1.51677 1.6673
-0.0508532 11.3324 1.48673 1.79305
-0.0363225 11.3516 1.45306 1.91883
-0.0221669 11.372 1.41557 2.04462
-0.00842626 11.3937 1.37406 2.17043
0.00485746 11.4167 1.32837 2.29627
0.0176407 11.4409 1.27833 2.42217
0.0298784 11.4664 1.22377 2.5482
0.0415237 11.4931 1.16453 2.67445
0.0525285 11.5212 1.10048 2.80104
0.062843 11.5504 1.03145 2.92813
0.0724163 11.581 0.957327 3.05591
0.081196 11.6128 0.877964 3.18461
0.0891283 11.646 0.793238 3.31451
0.0961586 11.6805 0.70303 3.44592
0.102231 11.7162 0.607228 3.57921
0.107288 11.7534 0.505731 3.71476
0.111273 11.7919 0.398457 3.85302
0.114126 11.8319 0.285349 3.99442
0.11579 11.8733 0.166395 4.13941
0.116207 11.9161 0.0416502 4.2884
0.115319 11.9606 -0.0887235 4.44172
0.113075 12.0066 -0.224405 4.59953
0.109427 12.0542 -0.364832 4.76176
0.104336 12.1035 -0.509094 4.92789
0.0977784 12.1544 -0.655782 5.0968
0.0897503 12.2071 -0.802803 5.26651
0.0802786 12.2614 -0.947177 5.43386
0.0694301 12.3174 -1.08484 5.59427
0.0573244 12.3748 -1.21057 5.74153
0.0441434 12.4335 -1.3181 5.86804
0.0301368 12.4931 -1.40065 5.96536
0.0156178 12.5534 -1.4519 6.02554
0.00094559 12.6138 -1.46722 6.04273
-0.0135028 12.6739 -1.44484 6.01473
-0.0273668 12.7334 -1.38639 5.94365
-0.0403318 12.7917 -1.2965 5.83543
-0.0521485 12.8487 -1.18168 5.6983
-0.0626386 12.9041 -1.049 5.54106
-0.0716889 12.9578 -0.905032 5.37168
-0.079241 13.0098 -0.755207 5.19655
-0.0852779 13.06 -0.603691 5.02033
-0.0898126 13.1085 -0.453473 4.84611
-0.0928784 13.1552 -0.306584 4.67576
-0.0945218 13.2003 -0.164337 4.51023
-0.0947971 13.2438 -0.0275328 4.34986
-0.0937633 13.2858 0.103379 4.19459
-0.0914816 13.3262 0.228178 4.0441
-0.0880136 13.3652 0.346796 3.89797
-0.0834211 13.4028 0.459254 3.75569
-0.0777647 13.4389 0.565631 3.61674
-0.0711044 13.4737 0.666038 3.48061
-0.0634983 13.5072 0.760602 3.34685
-0.0550037 13.5394 0.849462 3.21501
-0.0456762 13.5702 0.932758 3.08472
-0.0355698 13.5998 1.01064 2.95564
-0.0247374 13.628 1.08324 2.82749
-0.0132302 13.655 1.15072 2.70002
-0.00109789 13.6808 1.21323 2.57305
0.0116112 13.7052 1.27091 2.4464
0.0248505 13.7284 1.32393 2.31997
0.038575 13.7504 1.37245 2.19366
0.0527412 13.771 1.41663 2.06742
0.0673077 13.7904 1.45665 1.94121
0.0822345 13.8086 1.49268 1.81503
0.0974836 13.8255 1.52491 1.68888
0.113019 13.8411 1.55353 1.56278
0.128806 13.8555 1.57873 1.43679
0.144813 13.8686 1.6007 1.31093
0.16101 13.8804 1.61966 1.18527
0.177368 13.891 1.63579 1.05986
0.193861 13.9004 1.6493 0.93477
0.210465 13.9085 1.66041 0.810054
0.227158 13.9153 1.6693 0.685772
0.24392 13.921 1.67619 0.561981
0.260732 13.9254 1.68128 0.438732
0.27758 13.9285 1.68476 0.316069
0.294448 13.9305 1.68683 0.194034
0.311325 13.9312 1.68769 0.0726578
0.3282 13.9307 1.6875 -0.0480336
0.345065 13.929 1.68646 -0.168022
0.361912 13.9261 1.68473 -0.287296
0.378737 13.9221 1.68248 -0.405849
0.395536 13.9169 1.67986 -0.523682
0.412306 13.9104 1.677 -0.640798
0.429046 13.9029 1.67405 -0.757202
0.445757 13.8941 1.67112 -0.872898
0.462441 13.8843 1.66831 -0.98789
0.479098 13.8732 1.66571 -1.10217
0.495731 13.8611 1.66337 -1.21572
0.512345 13.8478 1.66133 -1.32852
0.528941 13.8334 1.65961 -1.4405
0.545522 13.8179 1.65818 -1.55158
0.562092 13.8013 1.65696 -1.66163
0.578651 13.7836 1.65585 -1.77049
0.595197 13.7648 1.65467 -1.87791
0.611729 13.7449 1.65319 -1.9836
0.62824 13.7241 1.6511 -2.08717
0.64472 13.7022 1.648 -2.18812
0.661154 13.6793 1.64343 -2.28586
0.677523 13.6555 1.63681 -2.37969
0.693797 13.6308 1.62748 -2.46879
0.709944 13.6053 1.61468 -2.55225
0.72592 13.579 1.59761 -2.62908
0.741675 13.5521 1.57544 -2.69824
0.757148 13.5245 1.54731 -2.75872
0.772272 13.4964 1.51245 -2.80959
0.786974 13.4679 1.4702 -2.8501
0.801175 13.4391 1.42007 -2.87971
0.814793 13.4101 1.36178 -2.89816
0.827746 13.381 1.29532 -2.90555
0.839955 13.352 1.22088 -2.90227
0.851344 13.3231 1.13893 -2.88902
0.861845 13.2945 1.0501 -2.8667
0.871396 13.2661 0.95514 -2.83641
0.879945 13.2381 0.854897 -2.79925
0.887447 13.2105 0.750214 -2.75637
0.893867 13.1834 0.641913 -2.70882
0.899174 13.1569 0.530747 -2.65752
0.903348 13.1308 0.417388 -2.60329
0.906372 13.1054 0.302418 -2.54675
0.908235 13.0805 0.186322 -2.48843
0.90893 13.0562 0.0695022 -2.42867
0.908453 13.0325 -0.0477196 -2.36773
0.906802 13.0095 -0.165088 -2.30574
0.903978 12.987 -0.282404 -2.24275
0.899983 12.9652 -0.399516 -2.17874
0.89482 12.9441 -0.516309 -2.11364
0.888493 12.9236 -0.6327 -2.04733
0.881007 12.9038 -0.748627 -1.97966
0.872366 12.8847 -0.86405 -1.91045
0.862577 12.8663 -0.978939 -1.83953
0.851644 12.8487 -1.09328 -1.76669
0.839573 12.8318 -1.20706 -1.69174
0.826371 12.8156 -1.32029 -1.61448
0.812041 12.8003 -1.43296 -1.53475
0.79659 12.7857 -1.54509 -1.45236
0.780023 12.7721 -1.65667 -1.36717
0.762346 12.7593 -1.76773 -1.27906
0.743563 12.7474 -1.87827 -1.18792
0.72368 12.7365 -1.98829 -1.09371
0.702703 12.7265 -2.09778 -0.996389
0.680635 12.7175 -2.20673 -0.89601
0.657485 12.7096 -2.31508 -0.792668
0.633257 12.7027 -2.42278 -0.686541
0.60796 12.697 -2.52971 -0.5779
0.581603 12.6923 -2.6357 -0.467127
0.554197 12.6888 -2.74054 -0.354741
0.525758 12.6863 -2.84388 -0.241422
0.496305 12.6851 -2.94532 -0.128038
0.465862 12.6849 -3.04429 -0.0156744
0.434462 12.6858 -3.14008 0.0943401
0.402143 12.6878 -3.23181 0.200416
0.368959 12.6909 -3.31844 0.300702
0.334971 12.6948 -3.39876 0.393103
0.300257 12.6995 -3.47141 0.475339
0.264908 12.705 -3.53498 0.545036
0.229027 12.711 -3.58804 0.599866
0.192734 12.7174 -3.62933 0.637717
0.156156 12.7239 -3.65777 0.656881
0.119429 12.7305 -3.6727 0.656226
0.0826907 12.7368 -3.67385 0.635317
0.0460764 12.7428 -3.66143 0.594468
0.00971553 12.7481 -3.63609 0.534698
-0.0262727 12.7527 -3.59882 0.457615
-0.0617815 12.7564 -3.55088 0.365247
-0.0967177 12.759 -3.49362 0.259857
-0.131002 12.7604 -3.42842 0.143765
-0.164567 12.7606 -3.35656 0.0192136
-0.197359 12.7595 -3.27918 -0.111729
-0.229332 12.757 -3.19727 -0.247229
-0.260448 12.7532 -3.11163 -0.3857
-0.290677 12.7479 -3.02288 -0.52581
-0.319992 12.7412 -2.93151 -0.666455
-0.348371 12.7332 -2.83787 -0.806742
-0.375793 12.7237 -2.7422 -0.945953
-0.40224 12.7129 -2.64469 -1.08353
-0.427694 12.7007 -2.54542 -1.21902
-0.452139 12.6872 -2.44446 -1.35212
-0.475557 12.6723 -2.34183 -1.48256
-0.497932 12.6562 -2.23756 -1.6102
-0.519249 12.6389 -2.13162 -1.73493
-0.539489 12.6203 -2.02401 -1.85669
-0.558636 12.6006 -1.91474 -1.97547
-0.576674 12.5796 -1.80381 -2.09132
-0.593587 12.5576 -1.69122 -2.20428
-0.609357 12.5345 -1.57701 -2.31443
-0.623969 12.5102 -1.46123 -2.42189
-0.637408 12.485 -1.34394 -2.52675
-0.649661 12.4587 -1.22523 -2.62914
-0.660713 12.4314 -1.10522 -2.72915
-0.670553 12.4031 -0.984062 -2.82687
-0.679173 12.3739 -0.86196 -2.92236
-0.686564 12.3437 -0.739153 -3.01561
-0.692724 12.3127 -0.615946 -3.10658
-0.697651 12.2807 -0.492716 -3.19512
-0.70135 12.2479 -0.369922 -3.28097
-0.703832 12.2143 -0.248124 -3.36374
-0.705111 12.1798 -0.127992 -3.4429
-0.705215 12.1447 -0.0103195 -3.51772
-0.704175 12.1088 0.103977 -3.5873
-0.702036 12.0723 0.213863 -3.65055
-0.698854 12.0352 0.318203 -3.70621
-0.694696 11.9977 0.41581 -3.75293
-0.689641 11.9598 0.5055 -3.7893
-0.683779 11.9217 0.586177 -3.81399
-0.67721 11.8834 0.656921 -3.82586
-0.670039 11.8452 0.717086 -3.82409
-0.662376 11.8071 0.766369 -3.80827
-0.654327 11.7693 0.804856 -3.77847
-0.645997 11.7319 0.833017 -3.73525
-0.63748 11.6952 0.851666 -3.67959
-0.628861 11.659 0.86188 -3.61279
-0.620212 11.6237 0.864905 -3.53636
-0.611592 11.5891 0.862054 -3.45191
-0.603046 11.5555 0.854626 -3.361
-0.594607 11.5229 0.843837 -3.26508
-0.586299 11.4912 0.830781 -3.16545
-0.578135 11.4606 0.816401 -3.06322
-0.57012 11.431 0.801495 -2.9593
-0.562253 11.4025 0.786708 -2.85443
-0.554528 11.375 0.772558 -2.74917
-0.546933 11.3485 0.759444 -2.64395
-0.539457 11.3231 0.747665 -2.53909
-0.532082 11.2988 0.737439 -2.43479
-0.524793 11.2755 0.728912 -2.33119
-0.517571 11.2532 0.722177 -2.22837
-0.510399 11.2319 0.717282 -2.12636
-0.503256 11.2117 0.71424 -2.02514
-0.496126 11.1924 0.713033 -1.92469
-0.48899 11.1742 0.713622 -1.82495
-0.48183 11.1569 0.71595 -1.72586
-0.474631 11.1406 0.719946 -1.62732
-0.467375 11.1254 0.725527 -1.52928
-0.460049 11.111 0.732602 -1.43163
-0.452639 11.0977 0.741071 -1.33429
-0.44513 11.0853 0.75083 -1.23717
-0.437513 11.0739 0.761769 -1.14019
-0.429775 11.0635 0.773772 -1.04327
-0.421908 11.054 0.786723 -0.946313
-0.413903 11.0455 0.8005 -0.849258
-0.405753 11.038 0.814978 -0.752027
-0.397453 11.0315 0.830032 -0.654553
-0.388997 11.0259 0.845529 -0.556771
-0.380384 11.0213 0.861339 -0.458623
-0.371611 11.0177 0.877326 -0.360056
-0.362677 11.0151 0.893351 -0.26102
-0.353584 11.0135 0.909275 -0.161473
-0.344335 11.0129 0.924954 -0.0613762
-0.334932 11.0133 0.940242 0.0393023
-0.325383 11.0147 0.95499 0.14059
-0.315692 11.0171 0.969047 0.242509
-0.30587 11.0205 0.98226 0.345077
-0.295925 11.025 0.99447 0.448305
-0.28587 11.0306 1.00552 0.552201
-0.275717 11.0371 1.01525 0.656767
-0.265482 11.0447 1.02349 0.762004
-0.255181 11.0534 1.03008 0.867907
-0.244833 11.0632 1.03485 0.974469
-0.234457 11.074 1.03764 1.08168
-0.224074 11.0859 1.03826 1.18953
-0.213708 11.0989 1.03656 1.29801
-0.203385 11.1129 1.03236 1.4071
-0.19313 11.1281 1.02549 1.51681
-0.182972 11.1444 1.01577 1.62712
-0.172942 11.1617 1.00304 1.73804
-0.16307 11.1802 0.987127 1.84957
-0.153392 11.1999 0.967863 1.96173
-0.143941 11.2206 0.94508 2.07454
-0.134755 11.2425 0.918614 2.18804
-0.125872 11.2655 0.888301 2.30229
-0.117332 11.2897 0.853982 2.41735
-0.109177 11.315 0.815498 2.53331
-0.10145 11.3415 0.772693 2.65029
-0.094196 11.3692 0.725413 2.76841
-0.0874609 11.3981 0.673508 2.88785
-0.0812926 11.4282 0.616828 3.00878
-0.0757403 11.4595 0.55523 3.13144
-0.0708546 11.492 0.488572 3.25607
-0.0666874 11.5259 0.41672 3.38295
-0.0632919 11.561 0.339549 3.51239
-0.0607224 11.5974 0.256949 3.64474
-0.0590341 11.6352 0.168831 3.78032
-0.0582827 11.6744 0.0751448 3.91951
-0.0585238 11.7151 -0.0241093 4.06262
-0.0598122 11.7572 -0.128847 4.20992
-0.0622008 11.8008 -0.238861 4.36157
-0.0657385 11.846 -0.353765 4.51755
-0.0704676 11.8927 -0.472909 4.67754
-0.0764203 11.9411 -0.595275 4.84078
-0.0836137 11.9912 -0.719339 5.00589
-0.0920427 12.0429 -0.842902 5.17063
-0.101672 12.0962 -0.962923 5.33166
-0.112426 12.1511 -1.07538 5.48436
-0.124178 12.2073 -1.17527 5.62272
-0.136746 12.2647 -1.25679 5.73969
-0.149885 12.323 -1.3139 5.82777
-0.163298 12.3818 -1.34122 5.88023
-0.176648 12.4407 -1.33508 5.89248
-0.189592 12.4993 -1.29439 5.86323
-0.201802 12.5573 -1.22097 5.79489
-0.212993 12.6142 -1.11914 5.69298
-0.222941 12.6699 -0.994712 5.56483
-0.23148 12.724 -0.853907 5.41816
-0.238505 12.7766 -0.7025 5.2599
-0.243958 12.8276 -0.545323 5.09567
-0.247819 12.8769 -0.386123 4.92958
-0.250096 12.9245 -0.227644 4.76441
-0.250814 12.9706 -0.0717974 4.60183
-0.250012 13.015 0.0801388 4.44272
-0.247739 13.0579 0.227346 4.28741
-0.244045 13.0992 0.369325 4.13585
-0.238987 13.1391 0.505795 3.98774
-0.232621 13.1775 0.636618 3.84268
-0.225004 13.2145 0.761748 3.70019
-0.216192 13.2501 0.881198 3.55979
-0.206242 13.2843 0.995017 3.42098
-0.195209 13.3172 1.10328 3.28332
-0.183148 13.3486 1.20607 3.14639
-0.170113 13.3787 1.30349 3.00984
-0.156157 13.4075 1.39566 2.87335
-0.14133 13.4348 1.48268 2.73665
-0.125683 13.4608 1.56468 2.59952
-0.109265 13.4854 1.6418 2.4618
-0.0921231 13.5087 1.71419 2.32335
-0.0743032 13.5305 1.782 2.18409
-0.0558493 13.5509 1.84539 2.04395
-0.0368037 13.57 1.90456 1.90293
-0.0172069 13.5876 1.95968 1.76101
0.00290271 13.6038 2.01096 1.61824
0.0234888 13.6185 2.05861 1.47466
0.0445174 13.6318 2.10286 1.33033
0.0659567 13.6437 2.14392 1.18533
0.0877771 13.6541 2.18204 1.03975
0.109952 13.663 2.21746 0.893672
0.132456 13.6705 2.25041 0.747205
0.155267 13.6765 2.28114 0.600442
0.178366 13.681 2.3099 0.453485
0.201735 13.6841 2.3369 0.306434
0.225359 13.6857 2.36239 0.159392
0.249225 13.6858 2.38659 0.0124642
0.273322 13.6845 2.40968 -0.13424
0.29764 13.6817 2.43185 -0.2806
0.322173 13.6774 2.45325 -0.426481
0.346913 13.6717 2.47401 -0.571725
0.371855 13.6645 2.4942 -0.716138
0.396993 13.6559 2.51385 -0.859483
0.422323 13.6459 2.53291 -1.00146
0.447835 13.6345 2.55127 -1.14169
0.473523 13.6217 2.56873 -1.2797
0.499372 13.6075 2.58496 -1.41487
0.525367 13.5921 2.59952 -1.54646
0.551485 13.5753 2.61181 -1.67354
0.577696 13.5574 2.62108 -1.79501
0.603961 13.5383 2.62644 -1.90958
0.630229 13.5181 2.62684 -2.0158
0.65644 13.497 2.62112 -2.11207
0.682521 13.475 2.60806 -2.19678
0.708386 13.4524 2.58648 -2.26837
0.733939 13.4291 2.55531 -2.3255
0.759076 13.4054 2.51375 -2.36718
0.783689 13.3815 2.46131 -2.39295
0.807669 13.3575 2.39795 -2.40292
0.830909 13.3335 2.32402 -2.39781
0.853312 13.3097 2.24031 -2.37892
0.874791 13.2862 2.14789 -2.34794
0.895272 13.2632 2.04806 -2.30686
0.914694 13.2406 1.94219 -2.25775
0.93301 13.2186 1.83161 -2.20262
0.950185 13.1971 1.71757 -2.14328
0.966197 13.1763 1.60114 -2.08134
0.981029 13.1561 1.48324 -2.01809
0.994675 13.1366 1.36459 -1.95458
1.00713 13.1177 1.24575 -1.89157
1.0184 13.0994 1.12714 -1.82962
1.02849 13.0817 1.00905 -1.7691
1.03741 13.0646 0.891689 -1.71019
1.04516 13.048 0.775168 -1.653
1.05176 13.0321 0.659552 -1.5975
1.05721 13.0166 0.544858 -1.54359
1.06152 13.0017 0.431073 -1.49113
1.0647 12.9873 0.318161 -1.43992
1.06676 12.9734 0.206069 -1.38974
1.06771 12.96 0.0947346 -1.34034
1.06755 12.9471 -0.0159099 -1.29147
1.06629 12.9347 -0.125937 -1.24284
1.06393 12.9227 -0.235419 -1.19418
1.06049 12.9113 -0.34443 -1.1452
1.05596 12.9003 -0.453044 -1.09562
1.05035 12.8899 -0.561332 -1.04515
1.04365 12.8799 -0.669368 -0.993511
1.03588 12.8705 -0.777222 -0.940418
1.02703 12.8617 -0.884968 -0.885597
1.0171 12.8534 -0.992677 -0.828777
1.0061 12.8457 -1.10042 -0.769694
0.994018 12.8386 -1.20828 -0.708091
0.980854 12.8322 -1.31632 -0.643721
0.966608 12.8264 -1.42464 -0.576347
0.951275 12.8214 -1.5333 -0.505749
0.934851 12.817 -1.64238 -0.431719
0.917331 12.8135 -1.75198 -0.354074
0.89871 12.8108 -1.86216 -0.272656
0.87898 12.8089 -1.973 -0.187343
0.858134 12.8079 -2.08456 -0.0980535
0.836165 12.8079 -2.19686 -0.00476593
0.813066 12.8088 -2.30993 0.0924701
0.788829 12.8107 -2.42373 0.19351
0.763447 12.8137 -2.53816 0.298086
0.736917 12.8178 -2.65304 0.405776
0.709236 12.8229 -2.76807 0.515958
0.680408 12.8292 -2.88281 0.627761
0.650442 12.8366 -2.99663 0.740014
0.619355 12.8451 -3.10867 0.851184
0.587177 12.8547 -3.21779 0.959329
0.553951 12.8653 -3.32259 1.06207
0.519738 12.8769 -3.42135 1.15658
0.484616 12.8893 -3.51211 1.2397
0.448689 12.9024 -3.59277 1.30804
0.412077 12.916 -3.66122 1.35822
0.374921 12.9298 -3.71556 1.38722
0.337378 12.9438 -3.75433 1.39269
0.299611 12.9575 -3.77671 1.37327
0.261784 12.9708 -3.78262 1.32872
0.224057 12.9834 -3.77275 1.26001
0.186573 12.9951 -3.74841 1.16909
0.149459 13.0057 -3.71136 1.05865
0.112824 13.015 -3.66357 0.931771
0.0767535 13.0229 -3.60701 0.791599
0.0413185 13.0293 -3.5435 0.641138
0.00657252 13.0341 -3.4746 0.48308
-0.0274434 13.0373 -3.40159 0.319736
-0.0606977 13.0389 -3.32544 0.153025
-0.0931664 13.0387 -3.24686 -0.0154985
-0.12483 13.0369 -3.16635 -0.1846
-0.155672 13.0333 -3.08419 -0.353315
-0.185677 13.0281 -3.00055 -0.520895
-0.214832 13.0213 -2.91547 -0.686767
-0.243121 13.0127 -2.82891 -0.850494
-0.270529 13.0026 -2.74079 -1.01175
-0.297039 12.9909 -2.65097 -1.17029
-0.322632 12.9777 -2.5593 -1.32594
-0.347288 12.9629 -2.46564 -1.47858
-0.370986 12.9466 -2.36982 -1.62814
-0.393703 12.9289 -2.27169 -1.7746
-0.415414 12.9097 -2.1711 -1.91797
-0.436094 12.8891 -2.06794 -2.05828
-0.455715 12.8671 -1.9621 -2.19562
-0.474249 12.8438 -1.85348 -2.3301
-0.49167 12.8192 -1.74202 -2.46186
-0.507946 12.7933 -1.62766 -2.59106
-0.52305 12.7661 -1.51039 -2.71791
-0.536952 12.7377 -1.39019 -2.8426
-0.549623 12.708 -1.26711 -2.96538
-0.561035 12.6772 -1.14118 -3.08649
-0.57116 12.6451 -1.01251 -3.20615
-0.579972 12.6119 -0.881229 -3.32459
-0.587448 12.5775 -0.747527 -3.44199
-0.593564 12.5419 -0.611664 -3.55847
-0.598304 12.5051 -0.473993 -3.67405
-0.601654 12.4672 -0.334981 -3.78864
-0.603606 12.4282 -0.195247 -3.90193
-0.604162 12.3881 -0.0555971 -4.01339
-0.603333 12.3469 0.0829284 -4.12215
-0.601143 12.3046 0.219016 -4.227
-0.597633 12.2613 0.351044 -4.32627
-0.592862 12.2172 0.477074 -4.41784
-0.586913 12.1722 0.594885 -4.49916
-0.579892 12.1265 0.702061 -4.56735
-0.571931 12.0803 0.796162 -4.61944
-0.563181 12.0338 0.874958 -4.65266
-0.553814 11.9871 0.936712 -4.66481
-0.54401 11.9406 0.980433 -4.6546
-0.533949 11.8944 1.00606 -4.62189
-0.523804 11.8487 1.01448 -4.56777
-0.51373 11.8037 1.00743 -4.49434
-0.503858 11.7597 0.987208 -4.40448
-0.494294 11.7167 0.956441 -4.30138
-0.485116 11.6748 0.917763 -4.18825
-0.47638 11.6341 0.873632 -4.06806
-0.468118 11.5947 0.826196 -3.94334
-0.460345 11.5565 0.777242 -3.81615
-0.453063 11.5196 0.728197 -3.68811
-0.446262 11.484 0.680159 -3.56039
-0.439922 11.4497 0.633947 -3.43384
-0.434021 11.4166 0.590146 -3.30901
-0.428529 11.3847 0.549163 -3.18627
-0.423416 11.3541 0.511262 -3.06579
-0.41865 11.3246 0.476599 -2.94765
-0.414198 11.2963 0.445248 -2.83183
-0.410026 11.2691 0.417227 -2.71826
-0.406101 11.243 0.392506 -2.60685
-0.40239 11.2181 0.371025 -2.49745
-0.398863 11.1942 0.3527 -2.38994
-0.395489 11.1713 0.337432 -2.28415
-0.392238 11.1495 0.32511 -2.17994
-0.389082 11.1288 0.315613 -2.07716
-0.385994 11.109 0.308816 -1.97568
-0.382948 11.0902 0.304591 -1.87535
-0.37992 11.0725 0.302807 -1.77604
-0.376886 11.0557 0.30333 -1.67764
-0.373826 11.0399 0.306026 -1.58002
-0.370719 11.0251 0.310761 -1.48309
-0.367545 11.0112 0.317401 -1.38673
-0.364286 10.9983 0.32581 -1.29085
-0.360928 10.9863 0.335853 -1.19536
-0.357454 10.9753 0.347395 -1.10018
-0.353851 10.9653 0.3603 -1.00523
-0.350107 10.9562 0.374433 -0.910443
-0.34621 10.948 0.389657 -0.815739
-0.342152 10.9408 0.405836 -0.721059
-0.337923 10.9346 0.422834 -0.626345
-0.333518 10.9292 0.440511 -0.53154
-0.328931 10.9249 0.458729 -0.436594
-0.324157 10.9215 0.47735 -0.34146
-0.319195 10.919 0.496232 -0.246094
-0.314043 10.9175 0.515234 -0.150456
-0.308701 10.917 0.534212 -0.0545105
-0.30317 10.9174 0.553024 0.0417751
-0.297455 10.9188 0.571522 0.13843
-0.29156 10.9211 0.589561 0.23548
-0.28549 10.9244 0.606992 0.332948
-0.279253 10.9287 0.623665 0.430853
-0.272859 10.934 0.639429 0.529213
-0.266317 10.9403 0.654132 0.628041
-0.259641 10.9476 0.667619 0.72735
-0.252844 10.9559 0.679735 0.827149
-0.245941 10.9651 0.690324 0.927448
-0.238948 10.9754 0.699229 1.02825
-0.231885 10.9867 0.706291 1.12957
-0.224772 10.999 0.711352 1.23142
-0.217629 11.0124 0.71425 1.33379
-0.210481 11.0267 0.714827 1.4367
-0.203352 11.0421 0.712923 1.54017
-0.196268 11.0586 0.708376 1.64421
-0.189258 11.0761 0.701028 1.74885
-0.182351 11.0946 0.690717 1.85412
-0.175578 11.1142 0.677286 1.96005
-0.168972 11.1349 0.660575 2.0667
-0.162568 11.1566 0.640427 2.17412
-0.156401 11.1794 0.616683 2.28239
-0.150509 11.2034 0.589187 2.3916
-0.144931 11.2284 0.557782 2.50185
-0.139708 11.2545 0.522312 2.61328
-0.134882 11.2818 0.482621 2.72603
-0.130496 11.3102 0.438553 2.84028
-0.126597 11.3397 0.389953 2.95622
-0.12323 11.3705 0.336665 3.0741
-0.120445 11.4024 0.278534 3.19415
-0.118291 11.4356 0.21541 3.31668
-0.116819 11.47 0.147145 3.44199
-0.116083 11.5057 0.0736032 3.57043
-0.116137 11.5427 -0.0053377 3.70235
-0.117034 11.5811 -0.0897717 3.83811
-0.118832 11.6209 -0.17975 3.97807
-0.121585 11.6621 -0.275256 4.12254
-0.125346 11.7048 -0.376172 4.27173
-0.130168 11.7491 -0.482224 4.42571
-0.136098 11.7949 -0.592912 4.5843
-0.143172 11.8424 -0.707411 4.74693
-0.151416 11.8915 -0.824441 4.9125
-0.160837 11.9423 -0.942102 5.07909
-0.171414 11.9948 -1.0577 5.2438
-0.18309 12.0488 -1.16758 5.40242
-0.19576 12.1043 -1.26703 5.54938
-0.209264 12.1611 -1.35041 5.67778
-0.22338 12.2189 -1.41156 5.77999
-0.237825 12.2773 -1.44455 5.84861
-0.252274 12.3361 -1.44483 5.87791
-0.266376 12.3948 -1.41019 5.86521
-0.27979 12.4529 -1.3414 5.8116
-0.29221 12.5101 -1.24205 5.72175
-0.303387 12.5661 -1.11766 5.60271
-0.313132 12.6208 -0.97455 5.46243
-0.321321 12.6738 -0.818845 5.30837
-0.327879 12.7253 -0.655801 5.14678
-0.332774 12.7751 -0.489575 4.98233
-0.336007 12.8233 -0.323242 4.81823
-0.337596 12.8699 -0.158962 4.65648
-0.337578 12.9149 0.00181271 4.49815
-0.335997 12.9583 0.158151 4.34369
-0.332902 13.0002 0.309482 4.19307
-0.328347 13.0407 0.45548 4.04603
-0.322387 13.0797 0.59598 3.90211
-0.315078 13.1173 0.730917 3.76081
-0.306475 13.1535 0.860292 3.62157
-0.296634 13.1884 0.984144 3.48385
-0.285608 13.2218 1.10254 3.34714
-0.273453 13.254 1.21554 3.21097
-0.26022 13.2847 1.32326 3.07491
-0.245963 13.3141 1.42577 2.9386
-0.230731 13.3421 1.52318 2.8017
-0.214575 13.3687 1.61561 2.66397
-0.197543 13.394 1.70318 2.52518
-0.179683 13.4178 1.78602 2.38516
-0.16104 13.4403 1.86427 2.24379
-0.141659 13.4613 1.9381 2.10098
-0.121582 13.4809 2.00768 1.95669
-0.10085 13.499 2.0732 1.8109
-0.0795018 13.5156 2.13485 1.66363
-0.0575732 13.5308 2.19286 1.51491
-0.0350986 13.5444 2.24745 1.3648
-0.01211 13.5565 2.29887 1.21337
0.0113635 13.5671 2.34735 1.0607
0.0352953 13.5762 2.39317 0.906903
0.0596611 13.5837 2.43659 0.752068
0.0844397 13.5897 2.47786 0.596304
0.109612 13.5941 2.51727 0.439724
0.135163 13.5969 2.55507 0.282441
0.161078 13.5982 2.59151 0.124578
0.187346 13.5978 2.62683 -0.0337356
0.213959 13.5959 2.66126 -0.192353
0.240909 13.5924 2.69497 -0.351108
0.26819 13.5873 2.72812 -0.509797
0.295798 13.5806 2.76081 -0.668172
0.323729 13.5724 2.79306 -0.825915
0.351977 13.5625 2.82482 -0.982617
0.380536 13.5512 2.85592 -1.13775
0.409397 13.5382 2.88606 -1.29063
0.438545 13.5238 2.91479 -1.44038
0.467959 13.508 2.94146 -1.58589
0.497611 13.4907 2.9652 -1.72579
0.52746 13.4721 2.98491 -1.85844
0.557453 13.4523 2.99927 -1.98188
0.58752 13.4314 3.00675 -2.09397
0.617578 13.4095 3.00572 -2.1924
0.647523 13.3867 2.9945 -2.27492
0.677239 13.3633 2.97159 -2.33953
0.706597 13.3395 2.93582 -2.38472
0.735462 13.3154 2.88651 -2.40975
0.763698 13.2912 2.82359 -2.41476
0.791174 13.2672 2.74765 -2.40082
0.817773 13.2435 2.65985 -2.36983
0.843391 13.2203 2.56179 -2.32429
0.867944 13.1976 2.45532 -2.26703
0.891367 13.1756 2.34231 -2.20094
0.913613 13.1543 2.22457 -2.12871
0.934649 13.1338 2.10366 -2.05273
0.954458 13.114 1.98091 -1.975
0.973032 13.0951 1.85737 -1.8971
0.99037 13.0769 1.73384 -1.82021
1.00648 13.0594 1.61089 -1.7452
1.02137 13.0427 1.48891 -1.67264
1.03505 13.0266 1.36817 -1.60288
1.04754 13.0113 1.24881 -1.53609
1.05885 12.9966 1.13087 -1.47232
1.06899 12.9824 1.01438 -1.41148
1.07798 12.9689 0.899271 -1.35345
1.08584 12.9559 0.785491 -1.29803
1.09257 12.9435 0.67295 -1.24498
1.09818 12.9315 0.561551 -1.19405
1.1027 12.9201 0.451193 -1.14496
1.10611 12.9091 0.341773 -1.09742
1.10844 12.8986 0.233189 -1.05113
1.1097 12.8885 0.125341 -1.00578
1.10988 12.8789 0.0181334 -0.961087
1.10899 12.8698 -0.0885269 -0.916735
1.10705 12.861 -0.194729 -0.872423
1.10404 12.8528 -0.300558 -0.827852
1.09998 12.8449 -0.406097 -0.782724
1.09487 12.8376 -0.511427 -0.736742
1.0887 12.8307 -0.616628 -0.689615
1.08148 12.8243 -0.72178 -0.641053
1.07321 12.8184 -0.826962 -0.59077
1.06389 12.813 -0.932255 -0.538485
1.05351 12.8081 -1.03774 -0.483918
1.04208 12.8039 -1.14351 -0.426797
1.02958 12.8002 -1.24966 -0.366854
1.01602 12.7972 -1.35627 -0.303826
1.00138 12.7948 -1.46345 -0.23746
0.985671 12.7931 -1.57131 -0.167512
0.968871 12.7922 -1.67994 -0.0937513
0.950976 12.792 -1.78947 -0.0159641
0.931976 12.7927 -1.90001 0.0660407
0.91186 12.7942 -2.01165 0.152423
0.890615 12.7966 -2.1245 0.243303
0.868228 12.8 -2.23864 0.338743
0.844687 12.8044 -2.35411 0.43873
0.819978 12.8098 -2.47091 0.543151
0.794089 12.8164 -2.58896 0.651755
0.767008 12.824 -2.70809 0.764112
0.738728 12.8328 -2.82799 0.879555
0.709246 12.8428 -2.94815 0.997118
0.678568 12.8539 -3.06784 1.11545
0.646708 12.8662 -3.18601 1.23275
0.613695 12.8797 -3.30127 1.34668
0.579576 12.8943 -3.41186 1.45432
0.54442 12.9098 -3.51563 1.55222
0.508319 12.9261 -3.61011 1.63644
0.471392 12.9432 -3.69267 1.70285
0.433784 12.9606 -3.76079 1.74745
0.395661 12.9783 -3.81231 1.76683
0.357204 12.9959 -3.84577 1.75864
0.318597 13.0131 -3.86066 1.72195
0.280023 13.0297 -3.85745 1.65734
0.241647 13.0454 -3.83755 1.56681
0.203617 13.0599 -3.80304 1.45342
0.166053 13.0731 -3.75634 1.32085
0.129054 13.0848 -3.69993 1.17293
0.0926931 13.095 -3.6361 1.0133
0.0570248 13.1034 -3.56682 0.8452
0.022088 13.1101 -3.49368 0.671383
-0.0120905 13.1151 -3.41786 0.494069
-0.0454926 13.1182 -3.34021 0.315016
-0.0781054 13.1196 -3.26128 0.135577
-0.10992 13.1191 -3.18141 -0.0432213
-0.140927 13.1169 -3.10072 -0.220609
-0.171119 13.113 -3.01923 -0.396015
-0.200487 13.1073 -2.93685 -0.569017
-0.229022 13.0999 -2.85342 -0.739306
-0.256709 13.0908 -2.76876 -0.906657
-0.283536 13.0801 -2.68264 -1.07091
-0.309484 13.0678 -2.59484 -1.23195
-0.334535 13.0539 -2.50512 -1.38972
-0.358668 13.0385 -2.41327 -1.54417
-0.381859 13.0215 -2.31907 -1.6953
-0.404082 13.0031 -2.22234 -1.84315
-0.425311 12.9832 -2.12289 -1.98776
-0.445517 12.9619 -2.02058 -2.12923
-0.464669 12.9392 -1.91526 -2.26767
-0.482738 12.9152 -1.80683 -2.40324
-0.49969 12.8898 -1.69519 -2.5361
-0.515492 12.8632 -1.58028 -2.66649
-0.530113 12.8352 -1.46204 -2.79463
-0.543517 12.806 -1.34046 -2.92081
-0.555672 12.7756 -1.21551 -3.04532
-0.566545 12.7439 -1.08723 -3.16848
-0.576101 12.711 -0.955648 -3.29061
-0.58431 12.6769 -0.820859 -3.41204
-0.59114 12.6415 -0.682985 -3.53309
-0.596562 12.605 -0.542211 -3.654
-0.60055 12.5672 -0.398799 -3.77497
-0.603081 12.5283 -0.253122 -3.89607
-0.604138 12.4881 -0.105697 -4.0172
-0.60371 12.4467 0.0427674 -4.13799
-0.601797 12.4041 0.191309 -4.25776
-0.598411 12.3604 0.338649 -4.37541
-0.593579 12.3155 0.483124 -4.48927
-0.587353 12.2695 0.622636 -4.5971
-0.579807 12.2226 0.754637 -4.69599
-0.571045 12.1747 0.876189 -4.78244
-0.561204 12.1262 0.98412 -4.85256
-0.550451 12.0772 1.07531 -4.90246
-0.53898 12.0279 1.14708 -4.9287
-0.527004 11.9786 1.19761 -4.92893
-0.514741 11.9296 1.22626 -4.90226
-0.502403 11.8811 1.23377 -4.84956
-0.490182 11.8334 1.2221 -4.77322
-0.478241 11.7866 1.1941 -4.67681
-0.46671 11.741 1.15314 -4.56449
-0.455684 11.6965 1.10263 -4.44044
-0.445226 11.6535 1.04574 -4.30849
-0.435375 11.6117 0.985166 -4.17187
-0.426143 11.5714 0.923133 -4.03314
-0.41753 11.5325 0.861352 -3.89422
-0.409519 11.4949 0.801098 -3.75647
-0.402086 11.4587 0.743282 -3.62079
-0.395201 11.4238 0.688532 -3.48777
-0.388828 11.3902 0.637255 -3.35769
-0.382931 11.3579 0.589692 -3.23069
-0.377471 11.3269 0.545968 -3.10675
-0.37241 11.297 0.50612 -2.98579
-0.367709 11.2683 0.470124 -2.86765
-0.36333 11.2408 0.437912 -2.75215
-0.359236 11.2144 0.40939 -2.63911
-0.355392 11.1891 0.384442 -2.52831
-0.351762 11.1649 0.362938 -2.41956
-0.348315 11.1418 0.344743 -2.31266
-0.345018 11.1197 0.329714 -2.20743
-0.341841 11.0987 0.317708 -2.10369
-0.338755 11.0787 0.308578 -2.00127
-0.335733 11.0597 0.302179 -1.90002
-0.332749 11.0417 0.298365 -1.79979
-0.329779 11.0247 0.296991 -1.70046
-0.3268 11.0087 0.297913 -1.6019
-0.32379 10.9936 0.300989 -1.504
-0.32073 10.9796 0.306074 -1.40665
-0.317599 10.9665 0.313028 -1.30976
-0.314382 10.9543 0.321709 -1.21323
-0.311062 10.9432 0.331977 -1.11698
-0.307626 10.933 0.34369 -1.02095
-0.304059 10.9237 0.356707 -0.925053
-0.30035 10.9154 0.37089 -0.829231
-0.296489 10.9081 0.386095 -0.733425
-0.292467 10.9017 0.402183 -0.63758
-0.288277 10.8963 0.419011 -0.541646
-0.283912 10.8918 0.436436 -0.445578
-0.279369 10.8883 0.454315 -0.349336
-0.274644 10.8858 0.472505 -0.252881
-0.269736 10.8842 0.490859 -0.156182
-0.264643 10.8837 0.509231 -0.0592079
-0.259369 10.884 0.527474 0.038066
-0.253914 10.8854 0.545439 0.135662
-0.248284 10.8877 0.562977 0.2336
-0.242485 10.891 0.579934 0.331894
-0.236523 10.8954 0.59616 0.430559
-0.230408 10.9006 0.6115 0.529603
-0.22415 10.9069 0.625799 0.629035
-0.217761 10.9142 0.638901 0.728861
-0.211255 10.9225 0.650649 0.829083
-0.204646 10.9318 0.660884 0.929704
-0.197952 10.9421 0.669449 1.03073
-0.19119 10.9534 0.676182 1.13215
-0.184381 10.9658 0.680925 1.23398
-0.177545 10.9791 0.683516 1.33622
-0.170707 10.9935 0.683797 1.43887
-0.163891 11.009 0.681605 1.54195
-0.157124 11.0254 0.676782 1.64547
-0.150432 11.0429 0.669168 1.74944
-0.143846 11.0614 0.658604 1.85389
-0.137396 11.081 0.644932 1.95887
-0.131117 11.1017 0.627994 2.06441
-0.12504 11.1234 0.607633 2.17058
-0.119203 11.1462 0.583693 2.27744
-0.113643 11.17 0.556018 2.38509
-0.108399 11.1949 0.524452 2.49364
-0.10351 11.221 0.48884 2.6032
-0.09902 11.2481 0.449024 2.71394
-0.0949715 11.2764 0.404846 2.82604
-0.09141 11.3058 0.356148 2.93969
-0.0883823 11.3363 0.302767 3.05514
-0.0859369 11.368 0.244539 3.17266
-0.084124 11.401 0.181298 3.29256
-0.0829952 11.4351 0.112876 3.41517
-0.0826042 11.4705 0.0391053 3.54087
-0.0830059 11.5072 -0.0401773 3.67008
-0.0842572 11.5453 -0.125125 3.80322
-0.0864159 11.5847 -0.215869 3.94074
-0.0895409 11.6255 -0.312504 4.0831
-0.0936915 11.6678 -0.415059 4.23069
-0.0989261 11.7116 -0.523463 4.38383
-0.105301 11.7571 -0.637483 4.54269
-0.112867 11.8041 -0.756639 4.70715
-0.121668 11.8529 -0.880094 4.87669
-0.131733 11.9034 -1.00649 5.05011
-0.14307 11.9557 -1.13374 5.22533
-0.155659 12.0097 -1.25881 5.39902
-0.169434 12.0653 -1.37752 5.56633
-0.184278 12.1225 -1.48438 5.72067
-0.200005 12.1811 -1.57278 5.85389
-0.216361 12.2406 -1.63552 5.95698
-0.233019 12.3009 -1.66588 6.02147
-0.249609 12.3613 -1.65899 6.04123
-0.26574 12.4214 -1.61312 6.01416
-0.281042 12.4808 -1.53017 5.94285
-0.295195 12.5392 -1.41524 5.83395
-0.307948 12.5961 -1.27531 5.69637
-0.319125 12.6515 -1.11778 5.53943
-0.328619 12.7052 -0.949384 5.37135
-0.336375 12.7572 -0.77559 5.19857
-0.34238 12.8075 -0.600485 5.0256
-0.346649 12.856 -0.426936 4.85536
-0.349218 12.9029 -0.256844 4.68945
-0.350132 12.9482 -0.0914006 4.5286
-0.349445 12.992 0.0686895 4.3729
-0.347214 13.0342 0.223048 4.22209
-0.343499 13.0749 0.371503 4.07568
-0.338359 13.1143 0.514012 3.93304
-0.331853 13.1522 0.650603 3.79352
-0.32404 13.1888 0.781349 3.65647
-0.314976 13.224 0.906343 3.52126
-0.304719 13.2578 1.02568 3.3873
-0.293325 13.2904 1.13948 3.25407
-0.280846 13.3216 1.24783 3.12109
-0.267338 13.3515 1.35086 2.98795
-0.252851 13.38 1.44865 2.85429
-0.237438 13.4072 1.54134 2.71983
-0.221147 13.4331 1.62905 2.58433
-0.204028 13.4575 1.71189 2.44758
-0.186128 13.4806 1.79002 2.30945
-0.167492 13.5023 1.86359 2.16984
-0.148165 13.5226 1.93275 2.02869
-0.128188 13.5415 1.9977 1.88596
-0.107601 13.5589 2.05863 1.74168
-0.0864439 13.5749 2.11575 1.59585
-0.0647512 13.5893 2.16928 1.44854
-0.0425566 13.6023 2.21946 1.29982
-0.0198911 13.6138 2.26654 1.14976
0.00321667 13.6238 2.31078 0.998443
0.0267412 13.6323 2.35245 0.845978
0.0506594 13.6392 2.39183 0.692455
0.0749513 13.6446 2.42919 0.537972
0.0995995 13.6484 2.46482 0.382624
0.124589 13.6507 2.49899 0.226504
0.149909 13.6514 2.532 0.0697023
0.17555 13.6505 2.56409 -0.0876897
0.201505 13.648 2.59553 -0.245579
0.227771 13.644 2.62654 -0.403862
0.254344 13.6384 2.65733 -0.56242
0.281225 13.6312 2.68807 -0.721105
0.308414 13.6224 2.71886 -0.879725
0.335911 13.612 2.74976 -1.03802
0.363718 13.6 2.78072 -1.19566
0.391834 13.5865 2.8116 -1.35216
0.420255 13.5714 2.8421 -1.5069
0.448973 13.5548 2.87178 -1.65906
0.477973 13.5368 2.89996 -1.80754
0.50723 13.5173 2.92576 -1.95097
0.53671 13.4964 2.948 -2.08764
0.566363 13.4742 2.96525 -2.21552
0.596121 13.4509 2.97583 -2.33226
0.6259 13.4266 2.97788 -2.43531
0.655595 13.4013 2.96951 -2.52211
0.685084 13.3754 2.94894 -2.59032
0.714232 13.349 2.91473 -2.63812
0.742892 13.3224 2.86601 -2.6645
0.770918 13.2957 2.80262 -2.66949
0.798169 13.2692 2.72513 -2.65418
0.824517 13.243 2.63483 -2.62062
0.849852 13.2172 2.53348 -2.57158
0.874084 13.1921 2.42317 -2.51019
0.897144 13.1677 2.30599 -2.43963
0.918983 13.1441 2.18394 -2.36289
0.939571 13.1213 2.05875 -2.28252
0.958889 13.0993 1.93184 -2.20067
0.976932 13.0781 1.80434 -2.11899
0.993703 13.0577 1.67708 -2.03868
1.00921 13.0381 1.55065 -1.96062
1.02346 13.0193 1.42544 -1.88533
1.03648 13.0011 1.30169 -1.81314
1.04828 12.9837 1.17953 -1.74416
1.05887 12.9669 1.05899 -1.67838
1.06827 12.9507 0.940057 -1.61569
1.07649 12.9352 0.822667 -1.5559
1.08356 12.9202 0.706737 -1.49877
1.08948 12.9057 0.592167 -1.44404
1.09427 12.8918 0.478849 -1.3914
1.09794 12.8784 0.366673 -1.34055
1.10049 12.8655 0.255528 -1.29116
1.10195 12.8531 0.14531 -1.24292
1.10231 12.8411 0.0359144 -1.1955
1.10158 12.8296 -0.0727547 -1.14857
1.09977 12.8186 -0.18079 -1.10181
1.09689 12.8081 -0.288278 -1.05491
1.09293 12.798 -0.395303 -1.00755
1.08791 12.7884 -0.501944 -0.959414
1.08183 12.7793 -0.608278 -0.910196
1.07469 12.7707 -0.714382 -0.859595
1.06648 12.7626 -0.820331 -0.807309
1.05722 12.7551 -0.9262 -0.753045
1.0469 12.7481 -1.03207 -0.696513
1.03552 12.7418 -1.13802 -0.637427
1.02308 12.736 -1.24413 -0.575506
1.00958 12.7309 -1.35051 -0.510475
0.995003 12.7265 -1.45723 -0.442065
0.979359 12.7228 -1.56442 -0.370013
0.962637 12.7198 -1.67219 -0.294066
0.944831 12.7177 -1.78065 -0.213979
0.925931 12.7164 -1.88993 -0.129523
0.90593 12.716 -2.00016 -0.0404856
0.884815 12.7165 -2.11149 0.0533209
0.862574 12.7181 -2.22404 0.152051
0.839195 12.7206 -2.33794 0.255813
0.814662 12.7243 -2.45329 0.364653
0.788961 12.7291 -2.57016 0.47853
0.762075 12.735 -2.68855 0.597283
0.733991 12.7422 -2.80839 0.720588
0.704696 12.7507 -2.92947 0.847904
0.674182 12.7605 -3.05142 0.978396
0.642446 12.7716 -3.17361 1.11086
0.609495 12.784 -3.29513 1.2436
0.575348 12.7978 -3.41466 1.37435
0.540044 12.8128 -3.53045 1.50018
0.503641 12.829 -3.64027 1.61744
0.466227 12.8462 -3.74144 1.72185
0.427917 12.8643 -3.83092 1.80864
0.388861 12.883 -3.90565 1.87296
0.349233 12.9021 -3.96278 1.91042
0.309231 12.9213 -4.00021 1.91764
0.269062 12.9402 -4.01685 1.89287
0.228934 12.9586 -4.01289 1.83624
0.189036 12.9761 -3.98973 1.74971
0.149539 12.9924 -3.94969 1.63673
0.110583 13.0074 -3.89566 1.50162
0.0722764 13.0209 -3.83064 1.34899
0.0347018 13.0328 -3.75746 1.18327
-0.00208329 13.0429 -3.67851 1.00838
-0.0380405 13.0511 -3.59572 0.827587
-0.0731458 13.0576 -3.51054 0.64351
-0.107385 13.0621 -3.42396 0.458171
-0.140752 13.0649 -3.33664 0.273089
-0.173241 13.0658 -3.24894 0.0893825
-0.204851 13.0648 -3.16101 -0.092138
-0.23558 13.0621 -3.07286 -0.270895
-0.265424 13.0577 -2.98437 -0.446483
-0.294377 13.0515 -2.89538 -0.61862
-0.322434 13.0436 -2.80565 -0.787115
-0.349583 13.0341 -2.71494 -0.951845
-0.375813 13.023 -2.62299 -1.11274
-0.401109 13.0103 -2.52956 -1.26976
-0.425453 12.996 -2.43441 -1.42291
-0.448826 12.9803 -2.3373 -1.57221
-0.471206 12.9631 -2.23802 -1.71773
-0.49257 12.9445 -2.1364 -1.85954
-0.512893 12.9246 -2.03226 -1.99777
-0.532147 12.9032 -1.92547 -2.13253
-0.550306 12.8806 -1.81588 -2.26401
-0.56734 12.8567 -1.70342 -2.39241
-0.58322 12.8315 -1.58799 -2.51795
-0.597916 12.8051 -1.46954 -2.6409
-0.611396 12.7775 -1.34801 -2.76155
-0.62363 12.7487 -1.22339 -2.88021
-0.634586 12.7187 -1.09566 -2.99724
-0.644235 12.6876 -0.964825 -3.113
-0.652544 12.6553 -0.830923 -3.22787
-0.659484 12.6219 -0.694008 -3.34221
-0.665026 12.5873 -0.554171 -3.4564
-0.669141 12.5516 -0.411554 -3.57076
-0.671805 12.5147 -0.266362 -3.68554
-0.672994 12.4767 -0.118898 -3.8009
-0.67269 12.4376 0.0304107 -3.91681
-0.67088 12.3972 0.180957 -4.03303
-0.667561 12.3557 0.331903 -4.14902
-0.66274 12.3131 0.482108 -4.26379
-0.656439 12.2694 0.630055 -4.37585
-0.648701 12.2245 0.773794 -4.48309
-0.639592 12.1787 0.910902 -4.58272
-0.629207 12.132 1.03851 -4.67129
-0.617673 12.0845 1.15346 -4.74486
-0.605148 12.0365 1.2525 -4.79933
-0.59182 11.9882 1.33273 -4.83093
-0.5779 11.9399 1.39201 -4.83684
-0.563607 11.8917 1.42934 -4.81566
-0.549156 11.844 1.44511 -4.7678
-0.534745 11.7971 1.44104 -4.69533
-0.520547 11.7511 1.41986 -4.60167
-0.506697 11.7061 1.38494 -4.49098
-0.4933 11.6625 1.33975 -4.36759
-0.480424 11.6201 1.28759 -4.23551
-0.468111 11.5791 1.23129 -4.09818
-0.456379 11.5396 1.17318 -3.95835
-0.445229 11.5014 1.11507 -3.81807
-0.434646 11.4646 1.05831 -3.67883
-0.424607 11.4292 1.00385 -3.5416
-0.415084 11.3951 0.952343 -3.40702
-0.406042 11.3623 0.904209 -3.27541
-0.397445 11.3309 0.859692 -3.1469
-0.389256 11.3007 0.818913 -3.02149
-0.381437 11.2717 0.7819 -2.89908
-0.37395 11.2439 0.74862 -2.77952
-0.36676 11.2172 0.718995 -2.66261
-0.359831 11.1918 0.692918 -2.54813
-0.353129 11.1674 0.670262 -2.43588
-0.34662 11.1441 0.650887 -2.32563
-0.340273 11.122 0.634648 -2.21716
-0.334059 11.1009 0.621395 -2.11028
-0.32795 11.0808 0.610974 -2.0048
-0.321917 11.0618 0.603233 -1.90053
-0.315937 11.0438 0.598018 -1.7973
-0.309985 11.0269 0.59518 -1.69496
-0.30404 11.011 0.594565 -1.59337
-0.298079 10.996 0.596026 -1.49238
-0.292085 10.9821 0.599413 -1.39188
-0.286039 10.9692 0.604579 -1.29176
-0.279926 10.9573 0.611375 -1.19191
-0.273729 10.9464 0.619656 -1.09223
-0.267436 10.9364 0.629274 -0.992647
-0.261035 10.9275 0.640083 -0.893079
-0.254516 10.9196 0.651934 -0.793458
-0.247869 10.9126 0.664681 -0.693722
-0.241088 10.9067 0.678174 -0.593817
-0.234165 10.9018 0.692263 -0.493694
-0.227097 10.8978 0.706797 -0.393314
-0.219881 10.8949 0.721625 -0.292641
-0.212515 10.893 0.736591 -0.191647
-0.204999 10.8921 0.751541 -0.0903096
-0.197336 10.8922 0.766318 0.0113872
-0.189529 10.8933 0.780763 0.113455
-0.181581 10.8955 0.794715 0.215899
-0.173501 10.8987 0.808013 0.31872
-0.165296 10.9029 0.820493 0.421915
-0.156976 10.9081 0.831991 0.525474
-0.148553 10.9144 0.842339 0.629385
-0.140039 10.9218 0.851371 0.733633
-0.13145 10.9302 0.858918 0.838199
-0.122802 10.9396 0.864811 0.943062
-0.114113 10.9501 0.868881 1.0482
-0.105404 10.9616 0.870957 1.15359
-0.096695 10.9742 0.870872 1.2592
-0.0880104 10.9879 0.868456 1.36502
-0.079375 11.0026 0.863541 1.47103
-0.0708154 11.0183 0.855961 1.57721
-0.0623599 11.0352 0.845551 1.68356
-0.0540385 11.0531 0.832146 1.79006
-0.0458826 11.072 0.815587 1.89672
-0.0379254 11.0921 0.795714 2.00356
-0.0302017 11.1132 0.77237 2.11061
-0.0227477 11.1354 0.745401 2.2179
-0.0156012 11.1586 0.714655 2.3255
-0.00880136 11.1829 0.679982 2.43349
-0.00238904 11.2084 0.641233 2.54196
0.00359355 11.2349 0.598259 2.65104
0.00910267 11.2625 0.550912 2.76088
0.0140931 11.2912 0.499043 2.87167
0.0185181 11.321 0.4425 2.98361
0.0223294 11.352 0.381129 3.09697
0.0254771 11.3841 0.314767 3.21204
0.0279095 11.4174 0.243248 3.32915
0.0295735 11.4519 0.166397 3.4487
0.0304138 11.4876 0.0840281 3.57111
0.0303733 11.5246 -0.00405132 3.69686
0.0293928 11.5629 -0.0980427 3.8265
0.0274113 11.6025 -0.198151 3.96061
0.0243656 11.6435 -0.304576 4.0998
0.0201906 11.6859 -0.4175 4.24471
0.01482 11.7299 -0.537059 4.39597
0.00818688 11.7754 -0.66331 4.55416
0.000225272 11.8226 -0.796161 4.7197
-0.00912756 11.8715 -0.935284 4.89278
-0.0199272 11.9223 -1.07997 5.07311
-0.0322165 11.9749 -1.22892 5.2597
-0.0460166 12.0294 -1.38001 5.45048
-0.0613157 12.0858 -1.52991 5.64184
-0.0780533 12.1441 -1.67376 5.8281
-0.0961023 12.2041 -1.8049 6.00122
-0.115252 12.2656 -1.91501 6.15079
-0.1352 12.3282 -1.99474 6.26498
-0.155553 12.3916 -2.03528 6.33253
-0.175857 12.455 -2.03047 6.34558
-0.195644 12.518 -1.97863 6.30209
-0.214476 12.5801 -1.88326 6.20675
-0.231996 12.6408 -1.75194 6.06946
-0.247938 12.6998 -1.59427 5.90259
-0.262136 12.757 -1.41973 5.71807
-0.274499 12.8123 -1.23631 5.52573
-0.284999 12.8656 -1.05004 5.33264
-0.29365 12.917 -0.865102 5.14337
-0.300492 12.9666 -0.68416 4.96051
-0.30558 13.0145 -0.508805 4.78524
-0.308979 13.0607 -0.339896 4.6178
-0.310757 13.1052 -0.177821 4.45789
-0.310984 13.1483 -0.0226848 4.30488
-0.309728 13.1899 0.125571 4.15798
-0.307057 13.23 0.267089 4.01633
-0.303037 13.2688 0.402053 3.8791
-0.29773 13.3063 0.530652 3.74547
-0.291199 13.3424 0.653074 3.61468
-0.283504 13.3773 0.769493 3.48605
-0.274704 13.4109 0.880069 3.35897
-0.264854 13.4432 0.984949 3.23289
-0.254012 13.4743 1.08427 3.10733
-0.24223 13.5041 1.17815 2.98189
-0.229563 13.5327 1.26673 2.85622
-0.216062 13.56 1.35011 2.73004
-0.201777 13.586 1.42843 2.60311
-0.186759 13.6107 1.50181 2.47524
-0.171055 13.6342 1.57039 2.34631
-0.154712 13.6564 1.63431 2.21622
-0.137775 13.6772 1.69372 2.08491
-0.120287 13.6967 1.7488 1.95235
-0.10229 13.7149 1.79971 1.81856
-0.0838235 13.7318 1.84665 1.68357
-0.0649252 13.7472 1.88983 1.54742
-0.0456307 13.7613 1.92945 1.41019
-0.0259733 13.7741 1.96574 1.27195
-0.00598394 13.7854 1.99894 1.1328
0.0143089 13.7953 2.02928 0.99283
0.0348791 13.8038 2.05703 0.852138
0.0557034 13.8109 2.08243 0.710817
0.0767609 13.8166 2.10575 0.56896
0.0980333 13.8209 2.12725 0.426649
0.119505 13.8237 2.1472 0.28396
0.141164 13.8251 2.16587 0.140956
0.162999 13.8251 2.18352 -0.00230962
0.185003 13.8237 2.20041 -0.145798
0.207171 13.8208 2.21681 -0.289481
0.229501 13.8164 2.23296 -0.433345
0.251992 13.8107 2.2491 -0.577384
0.274647 13.8034 2.26546 -0.721601
0.297469 13.7948 2.28226 -0.866003
0.320466 13.7847 2.29968 -1.01059
0.343645 13.7731 2.31789 -1.15537
0.367015 13.7601 2.33702 -1.3003
0.390586 13.7457 2.35715 -1.44532
0.414369 13.7298 2.3783 -1.59033
0.438374 13.7124 2.40044 -1.73513
0.462608 13.6936 2.42341 -1.87942
0.487077 13.6734 2.44694 -2.02277
0.511783 13.6517 2.47061 -2.16457
0.536722 13.6287 2.49382 -2.30395
0.561879 13.6043 2.51573 -2.4398
0.587232 13.5786 2.53526 -2.57066
0.612742 13.5517 2.55105 -2.69474
0.638357 13.5236 2.56148 -2.8099
0.664004 13.4944 2.56469 -2.91372
0.689591 13.4644 2.55872 -3.00364
0.715007 13.4336 2.54161 -3.07717
0.740124 13.4023 2.51165 -3.13216
0.764799 13.3706 2.46757 -3.1671
0.788887 13.3388 2.40878 -3.18142
0.812241 13.307 2.33542 -3.17557
0.834725 13.2755 2.24838 -3.15105
0.856217 13.2444 2.14919 -3.1102
0.876615 13.2139 2.03979 -3.05588
0.895838 13.184 1.92227 -2.99116
0.913825 13.1548 1.7987 -2.919
0.930534 13.1264 1.67095 -2.84206
0.94594 13.0987 1.5406 -2.76255
0.96003 13.0719 1.40893 -2.68223
0.972799 13.0459 1.27691 -2.60241
0.984251 13.0206 1.14527 -2.524
0.994396 12.9962 1.0145 -2.44759
1.00325 12.9724 0.884924 -2.37349
1.01081 12.9494 0.75674 -2.30184
1.01711 12.9271 0.630044 -2.2326
1.02216 12.9054 0.504868 -2.16564
1.02597 12.8844 0.381193 -2.10073
1.02856 12.864 0.25897 -2.03761
1.02995 12.8443 0.138133 -1.97596
1.03013 12.8251 0.0186041 -1.91545
1.02913 12.8066 -0.0997 -1.85573
1.02697 12.7886 -0.216862 -1.79645
1.02364 12.7712 -0.332963 -1.73724
1.01916 12.7545 -0.448082 -1.67774
1.01353 12.7383 -0.562292 -1.61762
1.00678 12.7227 -0.675664 -1.55651
0.998893 12.7078 -0.788267 -1.49407
0.989891 12.6935 -0.900166 -1.42998
0.979777 12.6798 -1.01143 -1.3639
0.968556 12.6669 -1.12211 -1.29553
0.956233 12.6546 -1.2323 -1.22455
0.942813 12.6431 -1.34204 -1.15067
0.928298 12.6324 -1.45143 -1.07361
0.912693 12.6225 -1.56055 -0.993084
0.895998 12.6134 -1.66948 -0.90883
0.878215 12.6052 -1.77833 -0.820598
0.859343 12.5979 -1.88721 -0.728148
0.83938 12.5916 -1.99623 -0.631255
0.818325 12.5863 -2.10554 -0.529712
0.796172 12.582 -2.21528 -0.423333
0.772916 12.5789 -2.32559 -0.311957
0.74855 12.577 -2.43663 -0.195459
0.723064 12.5762 -2.54854 -0.0737555
0.69645 12.5768 -2.66147 0.0531738
0.668695 12.5786 -2.77551 0.185269
0.639787 12.5818 -2.89073 0.322356
0.609716 12.5865 -3.00711 0.46411
0.578471 12.5926 -3.12452 0.609998
0.546045 12.6002 -3.24264 0.759208
0.512435 12.6093 -3.36096 0.910562
0.477648 12.6199 -3.47865 1.06241
0.441704 12.632 -3.59447 1.21252
0.404636 12.6456 -3.70674 1.35796
0.366504 12.6606 -3.81326 1.49505
0.327391 12.6768 -3.91127 1.61933
0.287415 12.694 -3.99762 1.72578
0.246726 12.7121 -4.06894 1.80913
0.205505 12.7307 -4.12205 1.86442
0.163961 12.7496 -4.1544 1.88768
0.122316 12.7684 -4.16453 1.8766
0.0807921 12.7867 -4.15236 1.83098
0.0396001 12.8042 -4.11919 1.75271
-0.00107475 12.8207 -4.06749 1.64548
-0.0410788 12.8358 -4.0004 1.5141
-0.0802917 12.8495 -3.9213 1.36376
-0.118625 12.8615 -3.83336 1.19951
-0.156019 12.8717 -3.73934 1.02582
-0.192433 12.8802 -3.64143 0.846407
-0.227846 12.8868 -3.54127 0.664229
-0.262246 12.8916 -3.44 0.481545
-0.29563 12.8946 -3.33839 0.300025
-0.327998 12.8958 -3.23684 0.120876
-0.359354 12.8953 -3.13557 -0.0550553
-0.3897 12.893 -3.03459 -0.227188
-0.419038 12.8891 -2.93381 -0.395137
-0.447369 12.8835 -2.83309 -0.55866
-0.474691 12.8763 -2.73221 -0.717615
-0.501 12.8676 -2.63095 -0.871937
-0.526291 12.8574 -2.52908 -1.02162
-0.550555 12.8457 -2.42637 -1.16669
-0.573781 12.8326 -2.3226 -1.30721
-0.595956 12.8182 -2.21757 -1.44329
-0.617068 12.8025 -2.11111 -1.57505
-0.637098 12.7854 -2.00305 -1.70263
-0.656031 12.7672 -1.89325 -1.82621
-0.673847 12.7477 -1.7816 -1.94598
-0.690526 12.7271 -1.66798 -2.06217
-0.706049 12.7053 -1.55231 -2.17502
-0.720395 12.6825 -1.43454 -2.28481
-0.733541 12.6586 -1.3146 -2.39181
-0.745465 12.6336 -1.19245 -2.49637
-0.756146 12.6076 -1.06807 -2.5988
-0.76556 12.5806 -0.941432 -2.69947
-0.773686 12.5526 -0.812539 -2.79875
-0.7805 12.5237 -0.681395 -2.89701
-0.78598 12.4937 -0.548022 -2.99464
-0.790105 12.4628 -0.412467 -3.09199
-0.792853 12.4309 -0.274802 -3.1894
-0.794204 12.398 -0.135147 -3.28716
-0.794141 12.3642 0.00632111 -3.38549
-0.792647 12.3293 0.14934 -3.48447
-0.789712 12.2935 0.293531 -3.58406
-0.785329 12.2566 0.438359 -3.68396
-0.779498 12.2188 0.583083 -3.7836
-0.772231 12.18 0.726704 -3.88204
-0.763552 12.1402 0.867908 -3.97788
-0.753501 12.0995 1.00502 -4.0692
-0.742141 12.058 1.136 -4.15354
-0.729557 12.0157 1.25845 -4.2279
-0.715859 11.9728 1.36977 -4.28893
-0.701186 11.9295 1.46733 -4.33318
-0.685698 11.8859 1.54879 -4.35752
-0.669574 11.8423 1.61243 -4.35956
-0.653 11.7989 1.65742 -4.33808
-0.636159 11.756 1.68401 -4.29325
-0.619225 11.7137 1.69349 -4.2266
-0.602344 11.6723 1.68802 -4.14077
-0.585642 11.6319 1.67025 -4.03908
-0.569212 11.5927 1.64301 -3.92505
-0.553121 11.5547 1.60905 -3.80208
-0.537413 11.5179 1.57078 -3.67314
-0.522111 11.4825 1.53024 -3.5407
-0.50722 11.4485 1.48907 -3.40668
-0.492736 11.4157 1.44848 -3.2725
-0.478642 11.3843 1.4094 -3.13918
-0.464917 11.3543 1.37245 -3.00737
-0.451536 11.3255 1.33806 -2.87749
-0.438472 11.298 1.30649 -2.74973
-0.425693 11.2718 1.27787 -2.62417
-0.41317 11.2467 1.25225 -2.50078
-0.400874 11.223 1.22962 -2.37946
-0.388775 11.2004 1.20991 -2.26007
-0.376845 11.1789 1.19303 -2.14244
-0.365056 11.1587 1.17886 -2.0264
-0.353384 11.1395 1.16726 -1.91175
-0.341803 11.1216 1.15809 -1.79832
-0.330291 11.1047 1.1512 -1.68592
-0.318826 11.089 1.14643 -1.57438
-0.30739 11.0743 1.14362 -1.46354
-0.295964 11.0608 1.14261 -1.35324
-0.284532 11.0484 1.14324 -1.24336
-0.273078 11.037 1.14535 -1.13376
-0.261591 11.0268 1.14877 -1.02433
-0.250057 11.0176 1.15333 -0.914961
-0.238469 11.0096 1.15887 -0.805562
-0.226816 11.0026 1.16523 -0.696055
-0.215094 10.9967 1.17222 -0.58637
-0.203297 10.992 1.17969 -0.476452
-0.191423 10.9883 1.18745 -0.366252
-0.179469 10.9858 1.19533 -0.255737
-0.167438 10.9843 1.20317 -0.144881
-0.15533 10.984 1.21076 -0.0336686
-0.143151 10.9848 1.21794 0.0779046
-0.130906 10.9867 1.22452 0.189835
-0.118602 10.9897 1.23032 0.302109
-0.106251 10.9938 1.23514 0.414705
-0.093863 10.9991 1.2388 0.527596
-0.0814519 11.0055 1.24111 0.640744
-0.0690332 11.013 1.24187 0.754109
-0.0566242 11.0217 1.2409 0.867643
-0.0442441 11.0315 1.238 0.981294
-0.0319142 11.0425 1.23299 1.09501
-0.0196576 11.0546 1.22566 1.20873
-0.00749915 11.0678 1.21584 1.32241
0.00453426 11.0822 1.20334 1.43599
0.016414 11.0977 1.18797 1.54941
0.0281096 11.1143 1.16956 1.66264
0.0395888 11.132 1.14793 1.77563
0.0508178 11.1509 1.1229 1.88835
0.061761 11.1709 1.09432 2.00079
0.0723813 11.1921 1.06202 2.11295
0.0826398 11.2143 1.02585 2.22483
0.0924964 11.2377 0.98566 2.33647
0.101909 11.2622 0.941303 2.44793
0.110836 11.2877 0.89264 2.55928
0.119231 11.3144 0.839535 2.67064
0.12705 11.3423 0.781857 2.78214
0.134244 11.3712 0.719473 2.89396
0.140767 11.4013 0.652253 3.00632
0.146568 11.4325 0.580063 3.11946
0.151595 11.4648 0.502766 3.2337
0.155797 11.4983 0.420218 3.34938
0.15912 11.533 0.332266 3.4669
0.161508 11.5688 0.238745 3.58674
0.162902 11.6059 0.139475 3.70941
0.163245 11.6443 0.0342625 3.8355
0.162474 11.6839 -0.0771019 3.96564
0.160525 11.7249 -0.19484 4.10056
0.157334 11.7674 -0.319178 4.241
0.15283 11.8112 -0.450331 4.38775
0.146946 11.8566 -0.588477 4.54159
0.139608 11.9037 -0.733715 4.70326
0.130749 11.9524 -0.885986 4.87332
0.120299 12.0029 -1.04497 5.05205
0.1082 12.0553 -1.20989 5.2392
0.0944069 12.1097 -1.37932 5.43364
0.0788994 12.166 -1.55075 5.63291
0.0616969 12.2243 -1.72025 5.83264
0.042877 12.2846 -1.88199 6.02591
0.0225975 12.3466 -2.02794 6.20281
0.00111621 12.4101 -2.14813 6.35074
-0.0212011 12.4747 -2.23173 6.45581
-0.0438931 12.5397 -2.2692 6.50568
-0.0664433 12.6047 -2.25502 6.49322
-0.0883393 12.6689 -2.18961 6.4191
-0.109133 12.7318 -2.07933 6.29169
-0.128477 12.793 -1.93447 6.12438
-0.146141 12.8523 -1.76637 5.93171
-0.161993 12.9096 -1.58522 5.72648
-0.175983 12.9648 -1.39896 5.51831
-0.188114 13.0179 -1.21314 5.31362
-0.198427 13.0691 -1.03131 5.11614
-0.206983 13.1184 -0.855557 4.92773
-0.213853 13.1658 -0.686985 4.74894
-0.219113 13.2116 -0.526057 4.57959
-0.222842 13.2558 -0.372858 4.41905
-0.225114 13.2985 -0.227264 4.26645
-0.226005 13.3397 -0.0890423 4.12087
-0.225584 13.3795 0.0420863 3.98135
-0.22392 13.418 0.166407 3.847
-0.221078 13.4552 0.284196 3.71697
-0.217121 13.4911 0.395705 3.5905
-0.212109 13.5257 0.501164 3.46688
-0.206101 13.5592 0.600779 3.34551
-0.199154 13.5914 0.694733 3.22584
-0.191322 13.6225 0.783193 3.1074
-0.182659 13.6524 0.866311 2.98979
-0.173217 13.6811 0.944227 2.87264
-0.163046 13.7087 1.01708 2.75568
-0.152196 13.7351 1.08499 2.63865
-0.140715 13.7603 1.14809 2.52136
-0.12865 13.7843 1.20653 2.40366
-0.116046 13.8072 1.26042 2.28543
-0.102947 13.8289 1.30991 2.16659
-0.0893952 13.8493 1.35516 2.04709
-0.0754321 13.8686 1.3963 1.92691
-0.061097 13.8867 1.43351 1.80605
-0.0464274 13.9035 1.46696 1.68453
-0.0314592 13.9191 1.49682 1.5624
-0.0162264 13.9335 1.52328 1.43969
-0.000761036 13.9467 1.54653 1.31649
0.0149067 13.9586 1.56678 1.19286
0.0307488 13.9693 1.58421 1.06888
0.0467394 13.9787 1.59906 0.944624
0.0628546 13.987 1.61152 0.82018
0.0790727 13.9939 1.62181 0.695625
0.0953742 13.9996 1.63016 0.571034
0.111742 14.0041 1.63678 0.446476
0.128161 14.0073 1.64189 0.322013
0.144618 14.0093 1.64571 0.197698
0.161103 14.01 1.64847 0.0735733
0.177606 14.0095 1.65037 -0.0503286
0.194123 14.0078 1.65163 -0.173988
0.210647 14.0048 1.65247 -0.297397
0.227178 14.0006 1.65308 -0.420562
0.243715 13.9952 1.65369 -0.543501
0.26026 13.9885 1.65447 -0.666247
0.276816 13.9806 1.65564 -0.788844
0.29339 13.9715 1.65737 -0.911351
0.309989 13.9612 1.65986 -1.03384
0.326621 13.9496 1.66328 -1.15638
0.343299 13.9368 1.6678 -1.27907
0.360035 13.9228 1.67358 -1.402
0.376843 13.9075 1.68075 -1.52527
0.393737 13.891 1.68947 -1.64897
0.410736 13.8733 1.69982 -1.77319
0.427855 13.8543 1.71191 -1.89801
0.445113 13.8341 1.72578 -2.02347
0.462527 13.8126 1.74145 -2.14959
0.480116 13.7898 1.75886 -2.27631
0.497895 13.7658 1.77791 -2.40351
0.515878 13.7405 1.79837 -2.53095
0.534078 13.7139 1.81993 -2.65828
0.552499 13.6861 1.84211 -2.78492
0.571141 13.657 1.86426 -2.91012
0.589997 13.6266 1.88551 -3.03282
0.609044 13.5951 1.90474 -3.15166
0.62825 13.5625 1.92058 -3.26495
0.647564 13.5288 1.93141 -3.37066
0.666918 13.4941 1.93538 -3.46648
0.686223 13.4586 1.93051 -3.54994
0.705371 13.4224 1.91484 -3.61859
0.724237 13.3857 1.88662 -3.67029
0.742682 13.3487 1.84452 -3.70343
0.76056 13.3115 1.7878 -3.71726
0.777725 13.2744 1.71645 -3.71195
0.794037 13.2375 1.63119 -3.68864
0.80937 13.201 1.53336 -3.64929
0.823618 13.165 1.42472 -3.59638
0.83669 13.1297 1.30726 -3.53263
0.84852 13.0951 1.18296 -3.46072
0.859057 13.0613 1.05368 -3.38307
0.868267 13.0283 0.921016 -3.30175
0.87613 12.9961 0.786306 -3.21837
0.882636 12.9647 0.650603 -3.13417
0.887783 12.9342 0.514711 -3.04999
0.891575 12.9046 0.379223 -2.96636
0.894021 12.8757 0.244564 -2.8836
0.895131 12.8477 0.111023 -2.80177
0.894919 12.8205 -0.0212092 -2.72084
0.893399 12.7941 -0.152015 -2.64064
0.890586 12.7685 -0.281331 -2.56094
0.886494 12.7437 -0.409127 -2.48145
0.88114 12.7197 -0.535399 -2.40183
0.874539 12.6964 -0.660162 -2.32175
0.866704 12.674 -0.783437 -2.24086
0.857652 12.6524 -0.905257 -2.1588
0.847395 12.6317 -1.02565 -2.07522
0.835948 12.6118 -1.14467 -1.98977
0.823325 12.5928 -1.26235 -1.90213
0.809537 12.5746 -1.37874 -1.81197
0.794599 12.5575 -1.4939 -1.71901
0.77852 12.5412 -1.60788 -1.62294
0.761312 12.526 -1.72075 -1.52353
0.742986 12.5118 -1.83259 -1.42051
0.723552 12.4986 -1.94348 -1.31366
0.703016 12.4866 -2.05353 -1.2028
0.681388 12.4757 -2.16284 -1.08775
0.658672 12.4661 -2.27153 -0.968366
0.634875 12.4576 -2.37972 -0.844535
0.61 12.4505 -2.48755 -0.716187
0.584048 12.4446 -2.59515 -0.583295
0.557022 12.4402 -2.70263 -0.445889
0.528921 12.4371 -2.81011 -0.304074
0.499744 12.4355 -2.91766 -0.158047
0.469491 12.4355 -3.02528 -0.00812796
0.438162 12.4369 -3.13293 0.145201
0.405758 12.4399 -3.24039 0.301249
0.372285 12.4445 -3.34733 0.459051
0.337753 12.4507 -3.45317 0.617296
0.302183 12.4584 -3.55706 0.774243
0.265605 12.4677 -3.65778 0.927632
0.228067 12.4785 -3.75374 1.07462
0.189639 12.4906 -3.84288 1.21175
0.150411 12.5039 -3.92278 1.33502
0.110504 12.5183 -3.99067 1.44001
0.0700668 12.5335 -4.04374 1.52227
0.0292729 12.5493 -4.07939 1.57775
-0.0116833 12.5654 -4.09562 1.60334
-0.0525969 12.5813 -4.09136 1.5974
-0.0932639 12.5969 -4.0667 1.56002
-0.133492 12.6119 -4.02285 1.49309
-0.173112 12.6259 -3.96196 1.3999
-0.21198 12.6387 -3.88676 1.28471
-0.249981 12.6502 -3.80018 1.15214
-0.287032 12.6603 -3.70504 1.00671
-0.32307 12.6688 -3.6038 0.852494
-0.358055 12.6757 -3.49849 0.69293
-0.391961 12.6811 -3.39066 0.530814
-0.424776 12.6847 -3.28147 0.368321
-0.456493 12.6868 -3.17167 0.207092
-0.487111 12.6873 -3.06178 0.0483305
-0.516631 12.6862 -2.95207 -0.107105
-0.545058 12.6836 -2.84265 -0.258623
-0.572393 12.6796 -2.73354 -0.405833
-0.59864 12.6741 -2.62467 -0.548493
-0.623799 12.6672 -2.51593 -0.686477
-0.647871 12.659 -2.40718 -0.819741
-0.670854 12.6495 -2.29826 -0.948304
-0.692744 12.6388 -2.18903 -1.07224
-0.713537 12.6269 -2.07933 -1.19165
-0.733228 12.6138 -1.96904 -1.30668
-0.751808 12.5997 -1.85801 -1.4175
-0.769269 12.5844 -1.74614 -1.52429
-0.785602 12.5681 -1.63333 -1.62728
-0.800797 12.5509 -1.51949 -1.72669
-0.814843 12.5327 -1.40454 -1.82278
-0.827727 12.5135 -1.28844 -1.91582
-0.839438 12.4934 -1.17111 -2.00608
-0.849963 12.4725 -1.05252 -2.09387
-0.85929 12.4507 -0.932635 -2.17949
-0.867404 12.4281 -0.811427 -2.26327
-0.874293 12.4046 -0.688875 -2.34553
-0.879942 12.3803 -0.56497 -2.42659
-0.884339 12.3553 -0.439712 -2.50678
-0.887471 12.3294 -0.313116 -2.58641
-0.889323 12.3028 -0.185215 -2.66575
-0.889884 12.2753 -0.0560723 -2.74507
-0.889141 12.2471 0.0742153 -2.82455
-0.887086 12.218 0.205498 -2.90432
-0.883711 12.1882 0.337557 -2.98441
-0.87901 12.1575 0.470083 -3.06469
-0.872984 12.1261 0.602646 -3.14487
-0.865637 12.0938 0.734668 -3.22443
-0.856983 12.0608 0.865387 -3.3026
-0.847045 12.027 0.993829 -3.37826
-0.835857 11.9925 1.11879 -3.44996
-0.823469 11.9574 1.23881 -3.51588
-0.809946 11.9216 1.35226 -3.57387
-0.795373 11.8854 1.45733 -3.62156
-0.779851 11.8488 1.55223 -3.65651
-0.763497 11.8121 1.63532 -3.67644
-0.746444 11.7753 1.7053 -3.67948
-0.728831 11.7386 1.76138 -3.66445
-0.710796 11.7023 1.80345 -3.63101
-0.692476 11.6665 1.83203 -3.57969
-0.673993 11.6314 1.84827 -3.51184
-0.655455 11.5971 1.85377 -3.42941
-0.636952 11.5638 1.85036 -3.33468
-0.618552 11.5315 1.83997 -3.23005
-0.600308 11.5003 1.82442 -3.11779
-0.582254 11.4703 1.80536 -2.99995
-0.564412 11.4415 1.7842 -2.87824
-0.546792 11.414 1.76207 -2.75407
-0.529393 11.3877 1.73987 -2.62851
-0.51221 11.3627 1.71828 -2.50236
-0.495232 11.3389 1.69781 -2.37619
-0.478444 11.3164 1.67878 -2.25039
-0.46183 11.2952 1.66141 -2.1252
-0.445372 11.2751 1.64585 -2.00075
-0.42905 11.2564 1.63213 -1.87709
-0.412848 11.2388 1.62024 -1.75419
-0.396746 11.2225 1.61014 -1.63202
-0.380729 11.2074 1.60175 -1.51049
-0.364779 11.1935 1.59496 -1.38951
-0.348883 11.1808 1.58964 -1.26897
-0.333026 11.1693 1.58565 -1.14876
-0.317198 11.159 1.58283 -1.02879
-0.301388 11.15 1.58103 -0.908952
-0.285587 11.1421 1.58008 -0.789154
-0.269789 11.1354 1.5798 -0.669314
-0.253989 11.1299 1.58 -0.549361
-0.238184 11.1256 1.58051 -0.429232
-0.222373 11.1225 1.58114 -0.30888
-0.206556 11.1206 1.58169 -0.188266
-0.190736 11.1199 1.58196 -0.0673659
-0.174918 11.1205 1.58176 0.0538336
-0.15911 11.1222 1.58087 0.175334
-0.143319 11.1252 1.5791 0.297125
-0.127556 11.1294 1.57624 0.419187
-0.111836 11.1348 1.57206 0.54149
-0.0961719 11.1415 1.56637 0.663993
-0.0805824 11.1493 1.55895 0.786649
-0.0650865 11.1584 1.54959 0.909406
-0.0497058 11.1687 1.53807 1.0322
-0.034464 11.1803 1.52418 1.15498
-0.0193869 11.1931 1.50771 1.27766
-0.00450226 11.2071 1.48846 1.4002
0.0101599 11.2223 1.46622 1.52252
0.0245678 11.2387 1.44079 1.64457
0.0386877 11.2564 1.41198 1.7663
0.0524837 11.2753 1.3796 1.88766
0.0659184 11.2954 1.34347 2.00863
0.0789526 11.3167 1.30342 2.12919
0.0915453 11.3391 1.25927 2.24936
0.103654 11.3628 1.21086 2.36915
0.115234 11.3877 1.15805 2.48863
0.126241 11.4138 1.10069 2.60786
0.136628 11.4411 1.03863 2.72698
0.146345 11.4695 0.971738 2.84611
0.155344 11.4992 0.899883 2.96546
0.163573 11.53 0.822934 3.08525
0.170981 11.5621 0.740761 3.20577
0.177513 11.5954 0.653233 3.32733
0.183115 11.6299 0.560213 3.45032
0.187731 11.6656 0.461562 3.57518
0.191302 11.7026 0.357131 3.7024
0.19377 11.741 0.246767 3.83252
0.195073 11.7806 0.130312 3.96615
0.195149 11.8217 0.00760847 4.10395
0.193934 11.8641 -0.121486 4.24659
0.191363 11.9081 -0.257083 4.39477
0.187371 11.9536 -0.399229 4.54913
0.181893 12.0007 -0.547849 4.71023
0.174866 12.0495 -0.702671 4.87838
0.166235 12.1 -0.863098 5.05356
0.155955 12.1524 -1.02803 5.23509
0.143998 12.2066 -1.19562 5.42136
0.130369 12.2627 -1.36296 5.60934
0.115112 12.3206 -1.52571 5.79415
0.0983333 12.3803 -1.67784 5.96857
0.0802179 12.4415 -1.81154 6.12295
0.0610408 12.504 -1.91771 6.24579
0.0411686 12.5672 -1.98722 6.32542
0.0210398 12.6308 -2.01288 6.35257
0.00112476 12.694 -1.9915 6.32314
-0.0181252 12.7564 -1.925 6.23968
-0.0363238 12.8175 -1.81986 6.11062
-0.0531769 12.877 -1.68531 5.94783
-0.0684876 12.9346 -1.53107 5.7636
-0.0821449 12.9903 -1.36573 5.56855
-0.0941049 13.044 -1.196 5.3707
-0.104371 13.0957 -1.02665 5.17544
-0.112979 13.1456 -0.860799 4.98602
-0.119983 13.1937 -0.700378 4.80409
-0.125448 13.24 -0.546454 4.63027
-0.129443 13.2846 -0.399543 4.46448
-0.132041 13.3277 -0.259815 4.30627
-0.133314 13.3692 -0.127235 4.15496
-0.13333 13.4093 -0.00165506 4.00981
-0.132159 13.448 0.11713 3.87003
-0.129865 13.4854 0.229346 3.73488
-0.126513 13.5214 0.335224 3.60365
-0.122163 13.5562 0.434984 3.47569
-0.116875 13.5897 0.528835 3.35043
-0.110705 13.6219 0.616969 3.22733
-0.10371 13.653 0.699568 3.10596
-0.0959416 13.6828 0.776799 2.98591
-0.0874534 13.7115 0.848824 2.86685
-0.0782955 13.739 0.915794 2.74849
-0.0685169 13.7653 0.977859 2.63058
-0.0581652 13.7904 1.03517 2.51294
-0.0472866 13.8144 1.08786 2.39541
-0.0359257 13.8372 1.13609 2.27787
-0.0241255 13.8588 1.18001 2.16023
-0.0119278 13.8792 1.21978 2.04243
0.000627728 13.8984 1.25555 1.92443
0.0135026 13.9165 1.28749 1.80623
0.0266603 13.9334 1.31577 1.68782
0.0400659 13.9491 1.34056 1.56923
0.0536865 13.9636 1.36206 1.45049
0.0674907 13.9769 1.38043 1.33165
0.0814495 13.989 1.39587 1.21276
0.0955353 14 1.40858 1.09387
0.109723 14.0097 1.41875 0.97504
0.123989 14.0183 1.42657 0.856332
0.138311 14.0257 1.43225 0.737805
0.152671 14.0318 1.43599 0.619514
0.167051 14.0369 1.43798 0.501512
0.181435 14.0407 1.43842 0.383844
0.19581 14.0434 1.43752 0.266551
0.210165 14.0449 1.43546 0.149666
0.224489 14.0452 1.43245 0.0332111
0.238776 14.0444 1.42867 -0.0827976
0.253019 14.0424 1.42431 -0.198355
0.267215 14.0392 1.41955 -0.313466
0.28136 14.035 1.41458 -0.428144
0.295456 14.0295 1.40957 -0.542415
0.309503 14.023 1.4047 -0.656312
0.323504 14.0153 1.40013 -0.769882
0.337465 14.0064 1.39602 -0.883176
0.35139 13.9965 1.39254 -0.996258
0.365288 13.9854 1.38983 -1.1092
0.379169 13.9732 1.38803 -1.22207
0.393041 13.9598 1.38728 -1.33496
0.406919 13.9453 1.38772 -1.44796
0.420813 13.9297 1.38945 -1.56114
0.434739 13.913 1.39257 -1.67459
0.44871 13.8951 1.39718 -1.78839
0.462744 13.8761 1.40333 -1.9026
0.476854 13.8559 1.41106 -2.01725
0.491058 13.8346 1.42038 -2.13236
0.505371 13.8121 1.43125 -2.2479
0.519806 13.7885 1.44357 -2.36378
0.534378 13.7637 1.45718 -2.47983
0.549097 13.7377 1.47184 -2.59578
0.563969 13.7106 1.4872 -2.71126
0.578996 13.6823 1.50277 -2.82572
0.594176 13.653 1.51794 -2.93844
0.609495 13.6225 1.53191 -3.04846
0.624932 13.5909 1.54369 -3.15461
0.640453 13.5584 1.55211 -3.25546
0.656011 13.5249 1.55581 -3.34936
0.671544 13.4905 1.55329 -3.43444
0.686974 13.4554 1.54299 -3.5088
0.702207 13.4197 1.52337 -3.57053
0.717138 13.3836 1.49306 -3.61797
0.731648 13.3471 1.451 -3.64989
0.745614 13.3104 1.39657 -3.66559
0.75891 13.2738 1.32966 -3.66509
0.771417 13.2373 1.25069 -3.64907
0.783023 13.2011 1.16057 -3.61882
0.793628 13.1653 1.06056 -3.57608
0.80315 13.1301 0.952132 -3.52283
0.811518 13.0955 0.836843 -3.4611
0.81868 13.0615 0.7162 -3.3928
0.824596 13.0283 0.591578 -3.31963
0.829238 12.9959 0.464175 -3.243
0.832588 12.9643 0.334993 -3.16401
0.834636 12.9334 0.204841 -3.0835
0.83538 12.9034 0.074358 -3.00204
0.83482 12.8742 -0.0559643 -2.91999
0.832962 12.8458 -0.185756 -2.83751
0.829815 12.8183 -0.314745 -2.75466
0.825388 12.7916 -0.442733 -2.67137
0.819692 12.7657 -0.56958 -2.58749
0.81274 12.7407 -0.69519 -2.50283
0.804545 12.7165 -0.819499 -2.41713
0.79512 12.6932 -0.942468 -2.33016
0.784479 12.6708 -1.06408 -2.24161
0.772636 12.6493 -1.18432 -2.15122
0.759604 12.6287 -1.3032 -2.05872
0.745397 12.6091 -1.42074 -1.96382
0.730027 12.5904 -1.53696 -1.86627
0.713509 12.5727 -1.65189 -1.76585
0.695853 12.5561 -1.76557 -1.66232
0.677072 12.5406 -1.87807 -1.55549
0.657178 12.5261 -1.98943 -1.44519
0.636181 12.5128 -2.09971 -1.33129
0.614091 12.5007 -2.209 -1.21368
0.590917 12.4897 -2.31736 -1.09229
0.566669 12.4801 -2.42486 -0.967109
0.541353 12.4717 -2.53157 -0.838172
0.514977 12.4646 -2.63754 -0.70558
0.48755 12.4589 -2.74279 -0.569518
0.459076 12.4546 -2.84732 -0.43027
0.429566 12.4517 -2.95104 -0.288246
0.399028 12.4503 -3.05381 -0.144015
0.367474 12.4503 -3.15536 0.00166087
0.334921 12.4518 -3.25529 0.147778
0.301391 12.4547 -3.353 0.293041
0.266915 12.4591 -3.44767 0.43581
0.231532 12.4648 -3.53823 0.574057
0.195299 12.4719 -3.62332 0.70534
0.158287 12.4802 -3.70127 0.826811
0.120585 12.4895 -3.77018 0.935288
0.0823047 12.4998 -3.82801 1.0274
0.0435779 12.5108 -3.87267 1.09984
0.00455465 12.5223 -3.90233 1.14965
-0.0346008 12.534 -3.91555 1.17459
-0.0737164 12.5458 -3.91156 1.17343
-0.11262 12.5572 -3.89035 1.14615
-0.151147 12.5682 -3.85269 1.09396
-0.189147 12.5783 -3.80003 1.01912
-0.22649 12.5876 -3.73427 0.924671
-0.263065 12.5957 -3.65756 0.814032
-0.298786 12.6026 -3.57205 0.690708
-0.333583 12.6082 -3.47973 0.558006
-0.367406 12.6124 -3.38232 0.418876
-0.400219 12.6152 -3.28123 0.27583
-0.431995 12.6165 -3.17758 0.13093
-0.462716 12.6163 -3.07218 -0.0141834
-0.492373 12.6148 -2.96562 -0.158235
-0.520956 12.6117 -2.8583 -0.300261
-0.54846 12.6074 -2.75047 -0.439547
-0.574883 12.6016 -2.64224 -0.57558
-0.600219 12.5945 -2.53369 -0.708008
-0.624467 12.5862 -2.42479 -0.836602
-0.647622 12.5765 -2.31551 -0.961231
-0.66968 12.5657 -2.20578 -1.08184
-0.690635 12.5537 -2.09552 -1.19844
-0.710482 12.5406 -1.98466 -1.31109
-0.729213 12.5264 -1.87311 -1.41988
-0.746821 12.5112 -1.76079 -1.52495
-0.763297 12.4949 -1.64764 -1.62646
-0.778633 12.4777 -1.5336 -1.7246
-0.79282 12.4595 -1.41862 -1.81956
-0.805846 12.4404 -1.30265 -1.91158
-0.817703 12.4203 -1.18566 -2.0009
-0.828379 12.3995 -1.06763 -2.08776
-0.837865 12.3777 -0.94856 -2.17243
-0.846149 12.3552 -0.828435 -2.25516
-0.853222 12.3318 -0.707273 -2.33621
-0.859073 12.3077 -0.585103 -2.41584
-0.863692 12.2827 -0.461972 -2.49428
-0.867072 12.257 -0.337952 -2.57173
-0.869203 12.2305 -0.213145 -2.64836
-0.87008 12.2033 -0.0876944 -2.72429
-0.869698 12.1753 0.0382054 -2.79954
-0.868055 12.1465 0.164293 -2.87408
-0.865153 12.1171 0.290225 -2.9477
-0.860998 12.0869 0.415554 -3.02008
-0.8556 12.056 0.539711 -3.0907
-0.848981 12.0244 0.661988 -3.15882
-0.841165 11.9921 0.781518 -3.22348
-0.832193 11.9593 0.897278 -3.28347
-0.822112 11.9259 1.0081 -3.33733
-0.810985 11.8921 1.11269 -3.38341
-0.798887 11.8579 1.20972 -3.41998
-0.785908 11.8234 1.29791 -3.44529
-0.772148 11.7889 1.37609 -3.45777
-0.757713 11.7543 1.44342 -3.45618
-0.742719 11.7199 1.49939 -3.43974
-0.72728 11.6858 1.54395 -3.40827
-0.711505 11.6522 1.57752 -3.36216
-0.695496 11.6192 1.60092 -3.30237
-0.679343 11.5869 1.61528 -3.23026
-0.663123 11.5554 1.62194 -3.14747
-0.6469 11.5248 1.62233 -3.05574
-0.630722 11.4953 1.61784 -2.9568
-0.614624 11.4668 1.60976 -2.85223
-0.598632 11.4393 1.59924 -2.74343
-0.582759 11.413 1.58725 -2.63158
-0.567013 11.3878 1.57459 -2.51765
-0.551394 11.3638 1.56189 -2.40237
-0.535898 11.3409 1.54964 -2.28631
-0.520516 11.3192 1.5382 -2.16989
-0.505238 11.2987 1.52781 -2.05341
-0.490051 11.2793 1.51865 -1.93704
-0.474943 11.2611 1.51082 -1.82089
-0.459899 11.2441 1.50436 -1.70502
-0.444907 11.2282 1.49926 -1.58943
-0.429952 11.2134 1.49549 -1.4741
-0.415022 11.1999 1.49298 -1.35897
-0.400105 11.1874 1.49164 -1.24398
-0.385192 11.1761 1.49137 -1.12906
-0.370271 11.166 1.49205 -1.01415
-0.355336 11.157 1.49355 -0.89915
-0.340379 11.1492 1.49572 -0.784004
-0.325394 11.1425 1.49841 -0.668639
-0.31038 11.1369 1.50148 -0.552996
-0.295332 11.1326 1.50475 -0.43702
-0.280252 11.1294 1.50806 -0.320667
-0.265139 11.1273 1.51124 -0.2039
-0.249998 11.1265 1.5141 -0.086693
-0.234834 11.1268 1.51646 0.0309708
-0.219652 11.1283 1.51815 0.149099
-0.204462 11.1309 1.51896 0.26769
-0.189276 11.1348 1.5187 0.386732
-0.174104 11.1399 1.51717 0.506205
-0.158962 11.1461 1.51419 0.626082
-0.143867 11.1536 1.50954 0.746327
-0.128836 11.1623 1.50302 0.866899
-0.113892 11.1721 1.49443 0.987753
-0.0990564 11.1832 1.48357 1.10884
-0.0843541 11.1955 1.47023 1.2301
-0.0698121 11.209 1.4542 1.35149
-0.055459 11.2238 1.43531 1.47295
-0.0413257 11.2397 1.41333 1.59443
-0.0274449 11.2569 1.38808 1.7159
-0.0138511 11.2752 1.35938 1.83731
-0.000580881 11.2948 1.32703 1.95865
0.0123276 11.3156 1.29085 2.0799
0.0248344 11.3376 1.25068 2.20106
0.0368978 11.3609 1.20634 2.32217
0.0484745 11.3853 1.15767 2.44327
0.0595196 11.4109 1.10452 2.56443
0.0699869 11.4378 1.04672 2.68576
0.0798284 11.4659 0.98415 2.80739
0.0889949 11.4952 0.91665 2.92949
0.0974357 11.5257 0.844084 3.05227
0.105099 11.5574 0.766315 3.17598
0.111931 11.5905 0.683207 3.30092
0.117877 11.6247 0.594622 3.42744
0.122881 11.6603 0.500425 3.55593
0.126886 11.6972 0.40048 3.68683
0.129833 11.7354 0.294654 3.82064
0.131661 11.7749 0.182824 3.95787
0.13231 11.8159 0.064884 4.09908
0.131717 11.8584 -0.0592344 4.24483
0.129822 11.9023 -0.189539 4.39565
0.126563 11.9479 -0.325932 4.55199
0.121881 11.995 -0.468148 4.71413
0.115725 12.0438 -0.615659 4.88204
0.108049 12.0944 -0.76754 5.05524
0.0988265 12.1467 -0.922285 5.2325
0.0880508 12.2008 -1.07757 5.41157
0.0757509 12.2567 -1.22998 5.58872
0.0620033 12.3143 -1.37476 5.75846
0.0469463 12.3734 -1.5057 5.9133
0.0307933 12.4339 -1.61531 6.04397
0.0138374 12.4953 -1.69559 6.14039
-0.00355619 12.5572 -1.73936 6.19341
-0.020975 12.6192 -1.74189 6.19701
-0.0379979 12.6807 -1.70229 6.1501
-0.0542365 12.7412 -1.62386 6.057
-0.0693681 12.8005 -1.51316 5.92614
-0.0831521 12.8582 -1.37839 5.76793
-0.0954293 12.9141 -1.22773 5.59255
-0.106111 12.9682 -1.06821 5.40855
-0.115165 13.0204 -0.905319 5.22231
-0.122594 13.0708 -0.742979 5.03812
-0.128433 13.1194 -0.58383 4.85859
-0.132728 13.1662 -0.429539 4.68509
-0.135539 13.2114 -0.281085 4.5181
-0.136929 13.255 -0.138989 4.35761
-0.136964 13.297 -0.00347561 4.20323
-0.135709 13.3376 0.125415 4.05441
-0.133232 13.3767 0.24775 3.91053
-0.129595 13.4144 0.363654 3.77093
-0.124863 13.4507 0.473285 3.63498
-0.119095 13.4857 0.576809 3.50207
-0.112351 13.5195 0.674395 3.37167
-0.104688 13.5519 0.76621 3.24327
-0.0961643 13.5831 0.852414 3.11644
-0.0868327 13.613 0.933163 2.9908
-0.0767466 13.6416 1.00861 2.86603
-0.0659576 13.669 1.0789 2.74185
-0.0545158 13.6952 1.14419 2.61804
-0.0424696 13.7202 1.20462 2.49441
-0.0298662 13.7439 1.26034 2.37083
-0.016751 13.7664 1.31152 2.24718
-0.00316804 13.7876 1.3583 2.12339
0.0108406 13.8076 1.40086 1.99942
0.0252343 13.8263 1.43937 1.87524
0.0399743 13.8438 1.474 1.75086
0.0550237 13.8601 1.50494 1.6263
0.0703475 13.8751 1.53238 1.50159
0.0859126 13.8889 1.55651 1.37677
0.101688 13.9014 1.57752 1.2519
0.117644 13.9127 1.59563 1.12703
0.133754 13.9227 1.61103 1.00224
0.149994 13.9315 1.62393 0.877589
0.166339 13.939 1.63455 0.753138
0.18277 13.9453 1.6431 0.62895
0.199268 13.9503 1.64977 0.505083
0.215816 13.9542 1.65479 0.381587
0.232399 13.9567 1.65835 0.258508
0.249006 13.9581 1.66066 0.135883
0.265625 13.9582 1.66192 0.0137389
0.282248 13.9572 1.66232 -0.107904
0.298869 13.9549 1.66206 -0.229036
0.315482 13.9514 1.66132 -0.349657
0.332085 13.9467 1.66028 -0.469772
0.348676 13.9408 1.65911 -0.589399
0.365256 13.9337 1.65797 -0.70856
0.381826 13.9254 1.65701 -0.827283
0.39839 13.916 1.65638 -0.945602
0.414952 13.9053 1.65621 -1.06355
0.431518 13.8935 1.65662 -1.18116
0.448095 13.8805 1.65769 -1.29845
0.46469 13.8664 1.6595 -1.41545
0.481311 13.8511 1.66212 -1.53215
0.497966 13.8346 1.66555 -1.64853
0.514664 13.8169 1.66978 -1.76452
0.531412 13.7981 1.67475 -1.88004
0.548215 13.7782 1.68035 -1.99491
0.565079 13.7571 1.68638 -2.1089
0.582005 13.7349 1.69258 -2.22167
0.598991 13.7115 1.69859 -2.33281
0.61603 13.6871 1.70395 -2.44172
0.633111 13.6617 1.70806 -2.54769
0.650213 13.6352 1.7102 -2.64984
0.667308 13.6077 1.70952 -2.74709
0.684358 13.5793 1.70502 -2.83825
0.701314 13.5501 1.69562 -2.92196
0.718116 13.5201 1.68015 -2.99679
0.734691 13.4895 1.65747 -3.06133
0.750955 13.4584 1.62649 -3.11428
0.766819 13.4268 1.58632 -3.15458
0.782182 13.395 1.53631 -3.18153
0.796944 13.3631 1.47617 -3.19485
0.811003 13.3311 1.40596 -3.19477
0.824264 13.2993 1.3261 -3.182
0.836638 13.2677 1.23734 -3.15764
0.848044 13.2365 1.14067 -3.12309
0.858416 13.2057 1.0372 -3.07987
0.867697 13.1754 0.928096 -3.02957
0.875842 13.1456 0.814503 -2.97367
0.882817 13.1165 0.697462 -2.9135
0.888596 13.088 0.577895 -2.85019
0.893162 13.0602 0.456587 -2.78464
0.896503 13.033 0.334182 -2.71756
0.898615 13.0065 0.211197 -2.64943
0.899496 12.9807 0.088037 -2.58059
0.899146 12.9556 -0.034988 -2.51121
0.897569 12.9312 -0.157646 -2.44138
0.894772 12.9074 -0.279768 -2.37106
0.890759 12.8844 -0.401232 -2.30014
0.88554 12.8622 -0.521956 -2.22849
0.879121 12.8406 -0.641884 -2.1559
0.871511 12.8198 -0.760983 -2.08216
0.862719 12.7997 -0.879239 -2.00702
0.852752 12.7804 -0.996646 -1.93024
0.84162 12.7619 -1.11321 -1.85157
0.829331 12.7442 -1.22895 -1.77076
0.815892 12.7273 -1.34388 -1.68756
0.801312 12.7113 -1.45803 -1.60175
0.785597 12.6962 -1.57143 -1.51311
0.768756 12.6819 -1.68412 -1.42143
0.750795 12.6687 -1.79614 -1.32655
0.731719 12.6564 -1.90753 -1.2283
0.711536 12.6451 -2.01834 -1.12658
0.69025 12.6349 -2.1286 -1.02129
0.667866 12.6258 -2.23836 -0.9124
0.64439 12.6178 -2.34764 -0.799919
0.619825 12.611 -2.45646 -0.683924
0.594177 12.6053 -2.56479 -0.564574
0.567452 12.6009 -2.67257 -0.442121
0.539655 12.5977 -2.77971 -0.316941
0.510795 12.5958 -2.886 -0.189557
0.480883 12.5952 -2.99116 -0.0606734
0.449935 12.5959 -3.09477 0.0687827
0.417973 12.5979 -3.19626 0.197622
0.385024 12.6011 -3.29484 0.32435
0.351129 12.6056 -3.38953 0.447133
0.316338 12.6112 -3.47909 0.563779
0.280718 12.618 -3.56204 0.671751
0.244351 12.6256 -3.63671 0.76823
0.207338 12.6341 -3.70129 0.850233
0.169798 12.6433 -3.75396 0.914806
0.131868 12.6529 -3.79306 0.959273
0.0936949 12.6627 -3.81728 0.981511
0.055437 12.6725 -3.82579 0.980206
0.0172529 12.682 -3.81841 0.955027
-0.020703 12.6911 -3.79559 0.906672
-0.0582868 12.6995 -3.75838 0.836772
-0.0953695 12.707 -3.70827 0.747686
-0.13184 12.7134 -3.64701 0.642228
-0.167604 12.7186 -3.57642 0.523385
-0.202586 12.7226 -3.49826 0.394091
-0.236727 12.7251 -3.41409 0.257054
-0.26998 12.7263 -3.32526 0.114664
-0.302308 12.726 -3.23284 -0.0310494
-0.333685 12.7242 -3.13767 -0.17841
-0.364089 12.7209 -3.04037 -0.326067
-0.393503 12.7162 -2.94139 -0.472955
-0.421913 12.71 -2.84101 -0.618248
-0.449307 12.7024 -2.73942 -0.761317
-0.475674 12.6934 -2.63671 -0.901696
-0.501003 12.683 -2.5329 -1.03905
-0.525283 12.6713 -2.428 -1.17314
-0.548502 12.6582 -2.32196 -1.30382
-0.57065 12.6439 -2.21473 -1.43101
-0.591712 12.6284 -2.10626 -1.55469
-0.611677 12.6116 -1.99648 -1.6749
-0.630531 12.5937 -1.88534 -1.79168
-0.648259 12.5746 -1.7728 -1.90515
-0.664847 12.5545 -1.65881 -2.01544
-0.68028 12.5333 -1.54335 -2.1227
-0.694544 12.511 -1.42641 -2.2271
-0.707624 12.4877 -1.308 -2.32885
-0.719506 12.4634 -1.18814 -2.42813
-0.730174 12.4382 -1.06686 -2.52516
-0.739617 12.412 -0.944238 -2.62013
-0.74782 12.3848 -0.820349 -2.71324
-0.754773 12.3568 -0.695317 -2.80465
-0.760466 12.3278 -0.5693 -2.8945
-0.764891 12.298 -0.442506 -2.98285
-0.768043 12.2673 -0.3152 -3.0697
-0.769921 12.2358 -0.187726 -3.15496
-0.770526 12.2034 -0.0605168 -3.2384
-0.769867 12.1702 0.0658823 -3.31962
-0.767959 12.1362 0.190797 -3.39808
-0.764825 12.1015 0.313408 -3.47297
-0.760498 12.066 0.432738 -3.54328
-0.755021 12.03 0.547657 -3.60776
-0.748452 11.9933 0.656898 -3.66491
-0.740861 11.9562 0.759106 -3.71312
-0.732332 11.9187 0.852909 -3.75066
-0.722962 11.8809 0.937017 -3.77589
-0.712858 11.843 1.01034 -3.78739
-0.702137 11.8052 1.07211 -3.78412
-0.690917 11.7675 1.12198 -3.76556
-0.679317 11.7302 1.16007 -3.73178
-0.667447 11.6934 1.18695 -3.68343
-0.655411 11.6572 1.20361 -3.6217
-0.643298 11.6217 1.21133 -3.54813
-0.631182 11.5871 1.21156 -3.4645
-0.619124 11.5533 1.2058 -3.37265
-0.607169 11.5206 1.19551 -3.27433
-0.595349 11.4889 1.18201 -3.17115
-0.583685 11.4582 1.16646 -3.06449
-0.572186 11.4287 1.14984 -2.95551
-0.560857 11.4002 1.13295 -2.84512
-0.549692 11.3729 1.11644 -2.73406
-0.538684 11.3467 1.10078 -2.62286
-0.527821 11.3215 1.08635 -2.5119
-0.517087 11.2975 1.0734 -2.40145
-0.506466 11.2746 1.06211 -2.29167
-0.49594 11.2528 1.05258 -2.18265
-0.485491 11.232 1.04488 -2.07442
-0.475101 11.2124 1.039 -1.96698
-0.464752 11.1938 1.03494 -1.86027
-0.454425 11.1762 1.03264 -1.75423
-0.444105 11.1597 1.03204 -1.64879
-0.433774 11.1443 1.03305 -1.54384
-0.423419 11.1299 1.03557 -1.4393
-0.413024 11.1165 1.03951 -1.33507
-0.402576 11.1042 1.04474 -1.23105
-0.392065 11.093 1.05115 -1.12714
-0.381479 11.0827 1.05861 -1.02326
-0.370809 11.0735 1.06698 -0.91932
-0.360047 11.0654 1.07615 -0.815236
-0.349188 11.0583 1.08595 -0.710935
-0.338225 11.0522 1.09627 -0.60635
-0.327156 11.0472 1.10694 -0.501419
-0.315978 11.0432 1.11782 -0.396089
-0.30469 11.0403 1.12876 -0.290313
-0.293294 11.0385 1.1396 -0.184053
-0.281792 11.0377 1.15019 -0.0772768
-0.270188 11.038 1.16036 0.0300398
-0.258489 11.0394 1.16995 0.137913
-0.246701 11.0419 1.1788 0.246354
-0.234834 11.0454 1.18672 0.355363
-0.222898 11.0501 1.19355 0.464939
-0.210907 11.0558 1.19912 0.57507
-0.198875 11.0627 1.20324 0.685741
-0.186817 11.0706 1.20574 0.796932
-0.174753 11.0797 1.20644 0.908618
-0.162701 11.0899 1.20515 1.02077
-0.150684 11.1013 1.20169 1.13336
-0.138726 11.1137 1.19587 1.24636
-0.126851 11.1273 1.18752 1.35973
-0.115086 11.1421 1.17646 1.47344
-0.103461 11.1579 1.16249 1.58747
-0.0920065 11.175 1.14545 1.7018
-0.080755 11.1931 1.12515 1.8164
-0.0697408 11.2124 1.10142 1.93129
-0.059 11.2329 1.07409 2.04645
-0.0485701 11.2545 1.04299 2.16192
-0.0384906 11.2773 1.00795 2.27772
-0.0288024 11.3012 0.968818 2.39391
-0.0195481 11.3263 0.925429 2.51058
-0.0107718 11.3526 0.877629 2.62781
-0.00251916 11.3801 0.825265 2.74574
0.00516272 11.4087 0.768188 2.86452
0.0122252 11.4386 0.706248 2.98436
0.0186182 11.4696 0.639297 3.10548
0.0242901 11.5019 0.567188 3.22815
0.0291878 11.5354 0.489772 3.35268
0.0332568 11.5702 0.406904 3.47943
0.0364412 11.6063 0.318437 3.60878
0.0386835 11.6437 0.224232 3.74117
0.0399251 11.6825 0.124159 3.87707
0.0401062 11.7227 0.0181087 4.01697
0.0391663 11.7643 -0.0939897 4.16136
0.0370448 11.8074 -0.212146 4.3107
0.0336821 11.852 -0.336269 4.46536
0.0290211 11.8983 -0.466106 4.62557
0.0230095 11.9462 -0.601159 4.79128
0.0156038 11.9958 -0.740565 4.96202
0.00677455 12.0472 -0.882928 5.13663
-0.00348657 12.1003 -1.02611 5.31305
-0.0151565 12.1552 -1.16699 5.48791
-0.0281689 12.2118 -1.30124 5.65623
-0.0424007 12.2699 -1.42317 5.81121
-0.0576599 12.3293 -1.52592 5.94442
-0.0736799 12.3898 -1.602 6.04646
-0.0901242 12.4509 -1.64443 6.10854
-0.106606 12.5121 -1.64822 6.12432
-0.122723 12.573 -1.61171 6.09176
-0.138094 12.6332 -1.53708 6.01375
-0.152393 12.6921 -1.42982 5.89737
-0.165365 12.7497 -1.29729 5.75202
-0.176838 12.8055 -1.14727 5.58739
-0.186705 12.8597 -0.986692 5.41196
-0.194917 12.912 -0.821174 5.23229
-0.201465 12.9625 -0.654863 5.05298
-0.206372 13.0113 -0.490643 4.87696
-0.209676 13.0583 -0.330403 4.70584
-0.211429 13.1037 -0.175312 4.54034
-0.211689 13.1475 -0.0260418 4.38057
-0.210519 13.1898 0.117062 4.22628
-0.20798 13.2306 0.253863 4.07698
-0.204137 13.2699 0.384352 3.93209
-0.199051 13.3078 0.508594 3.79098
-0.192784 13.3443 0.626695 3.65303
-0.185396 13.3795 0.738782 3.51765
-0.176946 13.4134 0.844989 3.38428
-0.167492 13.4459 0.945452 3.25243
-0.157088 13.4771 1.04031 3.12167
-0.145791 13.507 1.12969 2.99161
-0.133654 13.5356 1.21374 2.86192
-0.120728 13.563 1.29259 2.73233
-0.107065 13.589 1.36637 2.60262
-0.0927122 13.6137 1.43523 2.47261
-0.077719 13.6371 1.49932 2.34217
-0.062131 13.6592 1.5588 2.2112
-0.0459928 13.68 1.61382 2.07964
-0.0293471 13.6995 1.66457 1.94745
-0.0122349 13.7177 1.71122 1.81465
0.00530471 13.7345 1.75396 1.68124
0.0232346 13.7499 1.79299 1.54726
0.0415198 13.7641 1.82852 1.41277
0.0601274 13.7769 1.86076 1.27783
0.0790268 13.7883 1.88994 1.14251
0.0981895 13.7983 1.91627 1.00689
0.117589 13.8071 1.93999 0.871062
0.137203 13.8144 1.96133 0.735094
0.157008 13.8204 1.98052 0.599069
0.176986 13.825 1.99781 0.463059
0.19712 13.8283 2.01342 0.327134
0.217396 13.8302 2.02757 0.191355
0.237801 13.8308 2.04051 0.0557748
0.258325 13.83 2.05245 -0.0795591
0.278961 13.8278 2.0636 -0.214608
0.299703 13.8243 2.07416 -0.349339
0.320546 13.8195 2.08433 -0.483724
0.341489 13.8133 2.09428 -0.617736
0.362531 13.8058 2.10417 -0.751347
0.383672 13.797 2.11413 -0.88452
0.404915 13.7868 2.12428 -1.01721
0.426262 13.7753 2.13469 -1.14934
0.447716 13.7625 2.14539 -1.28081
0.46928 13.7484 2.15638 -1.41147
0.490955 13.733 2.16758 -1.54113
0.512744 13.7163 2.17883 -1.66949
0.534643 13.6983 2.18991 -1.79618
0.556648 13.6791 2.20048 -1.92069
0.578748 13.6587 2.21006 -2.04237
0.600929 13.6371 2.21805 -2.16041
0.623166 13.6143 2.22371 -2.27381
0.645427 13.5905 2.22611 -2.38138
0.667669 13.5657 2.22421 -2.48174
0.689837 13.54 2.21682 -2.57337
0.711864 13.5134 2.20269 -2.65468
0.73367 13.4862 2.18057 -2.72411
0.755163 13.4584 2.14934 -2.78025
0.776244 13.4302 2.10806 -2.82202
0.796805 13.4017 2.05613 -2.84876
0.816739 13.3731 1.99335 -2.8604
0.835938 13.3445 1.91995 -2.85743
0.854304 13.3161 1.83657 -2.84091
0.871746 13.288 1.74417 -2.81235
0.888185 13.2602 1.64397 -2.77353
0.903558 13.233 1.53729 -2.72638
0.917813 13.2062 1.42545 -2.67277
0.93091 13.1801 1.3097 -2.61445
0.942821 13.1546 1.19112 -2.55294
0.953528 13.1297 1.07067 -2.48949
0.963019 13.1054 0.949105 -2.42509
0.971289 13.0818 0.827027 -2.36047
0.978338 13.0588 0.704896 -2.29615
0.984168 13.0365 0.583048 -2.23247
0.988786 13.0148 0.461719 -2.16959
0.992196 12.9938 0.341069 -2.10756
0.994408 12.9733 0.221194 -2.04634
0.99543 12.9534 0.102146 -1.98581
0.995269 12.9342 -0.016055 -1.92579
0.993935 12.9155 -0.133416 -1.86605
0.991435 12.8974 -0.24996 -1.80636
0.987778 12.88 -0.365719 -1.74644
0.982971 12.8631 -0.480737 -1.68602
0.97702 12.8469 -0.595059 -1.62479
0.969933 12.8313 -0.708736 -1.56248
0.961715 12.8163 -0.821818 -1.49879
0.952371 12.8019 -0.934361 -1.43342
0.941907 12.7883 -1.04642 -1.3661
0.930326 12.7753 -1.15805 -1.29655
0.917633 12.7631 -1.26931 -1.22449
0.903831 12.7516 -1.38026 -1.14968
0.888921 12.7408 -1.49098 -1.07187
0.872906 12.7309 -1.60152 -0.990823
0.855786 12.7219 -1.71196 -0.906335
0.837562 12.7137 -1.82237 -0.818214
0.818234 12.7064 -1.93283 -0.726292
0.7978 12.7001 -2.04342 -0.630435
0.776258 12.6948 -2.15419 -0.530544
0.753606 12.6906 -2.26523 -0.426566
0.72984 12.6874 -2.37657 -0.318508
0.704958 12.6853 -2.48823 -0.206452
0.678956 12.6844 -2.60019 -0.0905722
0.651832 12.6847 -2.71237 0.028833
0.623586 12.6862 -2.82461 0.151312
0.59422 12.689 -2.93664 0.276215
0.563739 12.693 -3.04805 0.402649
0.532157 12.6983 -3.15824 0.52942
0.499493 12.7048 -3.26638 0.654971
0.465779 12.7126 -3.37136 0.777335
0.431061 12.7215 -3.47179 0.894093
0.395402 12.7316 -3.56597 1.00238
0.358883 12.7426 -3.6519 1.09893
0.321609 12.7544 -3.72743 1.18023
0.283705 12.7668 -3.79036 1.24278
0.245318 12.7796 -3.83868 1.28335
0.20661 12.7926 -3.8708 1.29942
0.167753 12.8055 -3.88576 1.28944
0.128918 12.818 -3.88343 1.2531
0.0902738 12.83 -3.86444 1.19136
0.0519722 12.841 -3.83016 1.10628
0.0141479 12.851 -3.78243 1.00073
-0.0230857 12.8598 -3.72336 0.878027
-0.0596365 12.8672 -3.65508 0.741607
-0.0954319 12.8732 -3.57954 0.594736
-0.130417 12.8776 -3.49847 0.440346
-0.164549 12.8804 -3.41324 0.280948
-0.197799 12.8816 -3.32495 0.11862
-0.230142 12.8811 -3.23437 -0.0449673
-0.261563 12.879 -3.14206 -0.2085
-0.292047 12.8753 -3.04837 -0.370964
-0.321582 12.87 -2.9535 -0.531586
-0.350157 12.8631 -2.85753 -0.689789
-0.377761 12.8547 -2.76046 -0.845146
-0.404384 12.8447 -2.66223 -0.997355
-0.430011 12.8332 -2.56275 -1.1462
-0.45463 12.8203 -2.4619 -1.29156
-0.478226 12.806 -2.35957 -1.43335
-0.500782 12.7903 -2.25562 -1.57155
-0.522281 12.7732 -2.14993 -1.70619
-0.542705 12.7548 -2.0424 -1.83732
-0.562035 12.7352 -1.93292 -1.96504
-0.580249 12.7143 -1.82143 -2.08949
-0.597327 12.6922 -1.70784 -2.2108
-0.613249 12.6689 -1.59212 -2.32917
-0.627991 12.6444 -1.47424 -2.4448
-0.641533 12.6189 -1.35418 -2.5579
-0.653852 12.5922 -1.23195 -2.66873
-0.664928 12.5644 -1.10759 -2.77753
-0.67474 12.5355 -0.981149 -2.88455
-0.683267 12.5056 -0.852716 -2.99002
-0.690491 12.4747 -0.722414 -3.09416
-0.696395 12.4427 -0.590414 -3.19715
-0.700965 12.4097 -0.456944 -3.29911
-0.704188 12.3757 -0.322311 -3.40007
-0.706057 12.3407 -0.186918 -3.49992
-0.70657 12.3048 -0.0512922 -3.5984
-0.705731 12.2678 0.0838843 -3.69506
-0.703553 12.2299 0.217743 -3.78914
-0.700061 12.1911 0.349197 -3.87962
-0.695292 12.1515 0.476922 -3.9651
-0.689299 12.111 0.599346 -4.04383
-0.682152 12.0699 0.714683 -4.11372
-0.673942 12.0282 0.820999 -4.17242
-0.664779 11.986 0.916334 -4.21751
-0.65479 11.9435 0.998879 -4.24667
-0.644118 11.9009 1.06717 -4.25802
-0.632915 11.8584 1.12031 -4.25034
-0.621334 11.8162 1.15806 -4.22325
-0.609525 11.7744 1.18095 -4.17734
-0.597623 11.7333 1.19016 -4.11405
-0.585749 11.6929 1.18742 -4.03549
-0.574002 11.6535 1.17475 -3.94415
-0.562459 11.6151 1.1543 -3.84265
-0.551177 11.5777 1.12813 -3.73351
-0.540196 11.5415 1.0981 -3.61898
-0.529538 11.5065 1.06584 -3.50097
-0.519211 11.4727 1.03267 -3.38104
-0.509215 11.4401 0.999636 -3.26037
-0.499539 11.4087 0.967563 -3.13987
-0.490169 11.3785 0.937051 -3.02016
-0.481084 11.3495 0.908533 -2.90167
-0.47226 11.3217 0.882306 -2.78467
-0.463675 11.295 0.858558 -2.66929
-0.455301 11.2694 0.837398 -2.55561
-0.447112 11.245 0.818867 -2.44359
-0.439083 11.2216 0.802963 -2.33317
-0.431186 11.1994 0.789646 -2.22428
-0.423398 11.1782 0.77885 -2.11679
-0.415693 11.1581 0.77049 -2.01057
-0.408048 11.1391 0.764466 -1.9055
-0.400441 11.1211 0.760667 -1.80144
-0.392852 11.1041 0.758977 -1.69826
-0.385259 11.0881 0.759271 -1.59582
-0.377645 11.0732 0.761422 -1.49401
-0.369992 11.0592 0.7653 -1.39271
-0.362284 11.0463 0.77077 -1.29179
-0.354507 11.0344 0.777699 -1.19116
-0.346648 11.0235 0.785949 -1.09071
-0.338694 11.0136 0.795383 -0.990346
-0.330635 11.0047 0.80586 -0.889993
-0.322463 10.9968 0.817239 -0.789566
-0.314169 10.9899 0.829377 -0.688995
-0.305748 10.984 0.84213 -0.588215
-0.297194 10.9792 0.855352 -0.487169
-0.288505 10.9753 0.868895 -0.385805
-0.279679 10.9725 0.882608 -0.28408
-0.270716 10.9706 0.89634 -0.181956
-0.261616 10.9699 0.909937 -0.0794023
-0.252384 10.9701 0.923241 0.0236063
-0.243023 10.9714 0.936096 0.127088
-0.23354 10.9737 0.94834 0.231055
-0.223941 10.977 0.95981 0.335515
-0.214238 10.9814 0.970341 0.440469
-0.20444 10.9869 0.979768 0.545913
-0.194561 10.9934 0.98792 0.65184
-0.184615 11.001 0.994629 0.758237
-0.174618 11.0096 0.999722 0.865088
-0.164587 11.0194 1.00303 0.972375
-0.154544 11.0302 1.00437 1.08008
-0.144508 11.0421 1.00358 1.18818
-0.134503 11.055 1.00048 1.29665
-0.124554 11.0691 0.994903 1.40547
-0.114687 11.0842 0.986667 1.51463
-0.104931 11.1005 0.975605 1.62411
-0.0953158 11.1178 0.961546 1.73391
-0.0858726 11.1362 0.944322 1.84403
-0.0766349 11.1558 0.923765 1.95446
-0.0676378 11.1764 0.899712 2.06525
-0.0589178 11.1982 0.872001 2.17641
-0.050513 11.2211 0.840473 2.288
-0.0424634 11.2451 0.804968 2.40009
-0.03481 11.2702 0.765333 2.51276
-0.0275959 11.2965 0.721413 2.62614
-0.0208653 11.3239 0.673057 2.74036
-0.0146642 11.3524 0.62011 2.85559
-0.00904002 11.3821 0.562421 2.97204
-0.00404165 11.413 0.499837 3.08994
0.000280365 11.4451 0.432201 3.20956
0.00387392 11.4785 0.359356 3.33124
0.00668533 11.513 0.281141 3.45532
0.00865928 11.5488 0.197395 3.5822
0.00973885 11.586 0.107957 3.71233
0.00986557 11.6244 0.012672 3.8462
0.00897957 11.6643 -0.0886004 3.98429
0.00701985 11.7055 -0.195972 4.12713
0.00392481 11.7483 -0.309504 4.27522
-0.000366862 11.7926 -0.429167 4.42898
-0.00591481 11.8385 -0.554795 4.58871
-0.0127748 11.886 -0.685996 4.75448
-0.0209952 11.9353 -0.822044 4.92594
-0.0306124 11.9863 -0.961715 5.10217
-0.0416431 12.0391 -1.10308 5.28132
-0.0540755 12.0937 -1.24324 5.46032
-0.0678565 12.15 -1.37809 5.63447
-0.0828776 12.208 -1.50211 5.7972
-0.098962 12.2674 -1.60844 5.94005
-0.115855 12.328 -1.68931 6.05334
-0.133227 12.3892 -1.73717 6.1275
-0.150688 12.4508 -1.74616 6.1551
-0.167825 12.5121 -1.7137 6.1329
-0.184237 12.5727 -1.64121 6.06287
-0.199576 12.6323 -1.53386 5.95174
-0.213567 12.6903 -1.39911 5.80908
-0.226018 12.7468 -1.2451 5.64515
-0.236811 12.8015 -1.07927 5.46909
-0.245887 12.8544 -0.907655 5.28809
-0.253235 12.9054 -0.734769 5.1072
-0.258872 12.9547 -0.563732 4.92966
-0.262838 13.0023 -0.396582 4.75725
-0.265184 13.0482 -0.234572 4.59078
-0.265968 13.0925 -0.0784158 4.43037
-0.265253 13.1353 0.0715285 4.27575
-0.263101 13.1765 0.215124 4.12639
-0.259578 13.2164 0.352367 3.98167
-0.254745 13.2548 0.483331 3.8409
-0.248663 13.2918 0.60813 3.7034
-0.241394 13.3275 0.726894 3.56852
-0.232997 13.3618 0.839761 3.43566
-0.223528 13.3949 0.946868 3.30428
-0.213045 13.4266 1.04835 3.17388
-0.201601 13.4571 1.14433 3.04406
-0.189252 13.4862 1.23494 2.91444
-0.176049 13.5141 1.32031 2.78471
-0.162043 13.5406 1.40058 2.65463
-0.147284 13.5658 1.47586 2.52399
-0.131821 13.5898 1.54631 2.39263
-0.1157 13.6124 1.61208 2.26044
-0.0989672 13.6336 1.67332 2.12734
-0.0816653 13.6536 1.73019 1.99329
-0.0638364 13.6722 1.78289 1.85827
-0.0455205 13.6894 1.83159 1.72231
-0.0267556 13.7052 1.87649 1.58543
-0.00757752 13.7197 1.91781 1.44769
0.0119802 13.7328 1.95577 1.30916
0.0318861 13.7445 1.99059 1.1699
0.0521112 13.7548 2.02251 1.03001
0.0726288 13.7637 2.05177 0.889578
0.093415 13.7712 2.07861 0.748679
0.114448 13.7773 2.10329 0.607405
0.135709 13.7819 2.12606 0.465836
0.15718 13.7852 2.14717 0.324046
0.178849 13.787 2.16687 0.182104
0.200703 13.7874 2.18541 0.0400692
0.222733 13.7864 2.20302 -0.102007
0.244933 13.7839 2.21993 -0.244079
0.267296 13.7801 2.23638 -0.386109
0.289822 13.7748 2.25257 -0.528061
0.312509 13.7681 2.26869 -0.669897
0.335358 13.76 2.2849 -0.811575
0.358371 13.7504 2.30135 -0.953037
0.381553 13.7395 2.31814 -1.0942
0.404906 13.7271 2.33532 -1.23496
0.428435 13.7134 2.35291 -1.37513
0.452143 13.6983 2.37083 -1.51449
0.476033 13.6817 2.38892 -1.65269
0.500102 13.6638 2.40692 -1.78929
0.524346 13.6446 2.42444 -1.92368
0.548755 13.624 2.44093 -2.05505
0.573312 13.6022 2.45565 -2.18241
0.597989 13.5792 2.46769 -2.30449
0.622748 13.555 2.47593 -2.41978
0.647539 13.5297 2.47903 -2.52655
0.672294 13.5035 2.47555 -2.62288
0.696933 13.4764 2.46394 -2.70677
0.721361 13.4487 2.4427 -2.77631
0.745466 13.4204 2.41052 -2.82985
0.76913 13.3917 2.3664 -2.86624
0.792228 13.3628 2.30984 -2.885
0.814637 13.334 2.24088 -2.88639
0.836238 13.3053 2.16009 -2.87146
0.856924 13.2768 2.06858 -2.84191
0.876601 13.2488 1.96777 -2.79991
0.895194 13.2214 1.85927 -2.74785
0.912641 13.1945 1.74474 -2.68815
0.928899 13.1683 1.62574 -2.62303
0.943935 13.1427 1.50365 -2.55447
0.957732 13.1179 1.37963 -2.48406
0.970278 13.0937 1.2546 -2.4131
0.981571 13.0703 1.1293 -2.34251
0.991613 13.0476 1.00425 -2.27296
1.00041 13.0255 0.879823 -2.20487
1.00797 13.0041 0.756275 -2.13847
1.01431 12.9834 0.633761 -2.07384
1.01944 12.9633 0.512362 -2.01093
1.02336 12.9438 0.392108 -1.94963
1.02609 12.9249 0.272991 -1.88974
1.02764 12.9066 0.154978 -1.83102
1.02802 12.8889 0.0380172 -1.77321
1.02724 12.8717 -0.0779506 -1.71601
1.02531 12.8551 -0.192992 -1.65911
1.02224 12.8391 -0.307177 -1.60221
1.01803 12.8236 -0.420574 -1.54498
1.0127 12.8088 -0.533252 -1.48711
1.00624 12.7945 -0.64528 -1.42827
0.998677 12.7808 -0.756724 -1.36816
0.99 12.7677 -0.867651 -1.30646
0.980219 12.7553 -0.978127 -1.24288
0.969337 12.7435 -1.08822 -1.17711
0.957357 12.7325 -1.198 -1.10887
0.944281 12.7221 -1.30753 -1.03788
0.930112 12.7124 -1.4169 -0.963879
0.914851 12.7036 -1.52619 -0.8866
0.898496 12.6955 -1.63548 -0.805802
0.881047 12.6883 -1.74485 -0.721254
0.862503 12.682 -1.85442 -0.632745
0.84286 12.6766 -1.96429 -0.54008
0.822115 12.6721 -2.07455 -0.443094
0.800261 12.6687 -2.18532 -0.341649
0.777295 12.6664 -2.29669 -0.235651
0.753207 12.6651 -2.40876 -0.125057
0.727991 12.665 -2.52159 -0.00989136
0.701639 12.6661 -2.63521 0.109729
0.674143 12.6685 -2.74961 0.23357
0.645496 12.6721 -2.86466 0.36124
0.615695 12.677 -2.98016 0.492143
0.584738 12.6832 -3.09572 0.625417
0.55263 12.6908 -3.21075 0.759869
0.519386 12.6998 -3.3244 0.893887
0.485031 12.71 -3.4355 1.02537
0.449606 12.7215 -3.54251 1.15167
0.413171 12.7342 -3.64346 1.26954
0.375811 12.748 -3.73607 1.37522
0.337633 12.7626 -3.81773 1.46456
0.298776 12.778 -3.88578 1.53334
0.259398 12.7938 -3.93776 1.57766
0.219681 12.8097 -3.9717 1.59443
0.179816 12.8255 -3.98649 1.58186
0.139996 12.8409 -3.98202 1.53966
0.100404 12.8556 -3.95919 1.46918
0.0612059 12.8693 -3.91981 1.37309
0.0225435 12.8819 -3.86624 1.25503
-0.0154672 12.8931 -3.80107 1.11903
-0.0527359 12.9028 -3.72687 0.969164
-0.0891949 12.9109 -3.6459 0.809174
-0.124796 12.9173 -3.56008 0.642309
-0.159505 12.922 -3.47089 0.471263
-0.193299 12.925 -3.37946 0.298188
-0.226165 12.9262 -3.28654 0.124754
-0.258091 12.9257 -3.19263 -0.0477668
-0.289071 12.9236 -3.09801 -0.218429
-0.319099 12.9197 -3.0028 -0.386539
-0.348169 12.9142 -2.90699 -0.551596
-0.376274 12.907 -2.81052 -0.713248
-0.403406 12.8983 -2.71325 -0.871255
-0.429557 12.8881 -2.61501 -1.02546
-0.454713 12.8763 -2.51564 -1.17578
-0.478862 12.8631 -2.41495 -1.32217
-0.50199 12.8485 -2.31276 -1.46465
-0.524079 12.8324 -2.20892 -1.60326
-0.545112 12.815 -2.10326 -1.73807
-0.565068 12.7963 -1.99565 -1.86921
-0.583928 12.7764 -1.88597 -1.9968
-0.601669 12.7552 -1.77413 -2.12102
-0.61827 12.7327 -1.66004 -2.24207
-0.633706 12.7091 -1.54363 -2.36016
-0.647955 12.6844 -1.42487 -2.47554
-0.660992 12.6585 -1.30373 -2.58847
-0.672794 12.6315 -1.18018 -2.69926
-0.683336 12.6034 -1.05424 -2.80819
-0.692595 12.5743 -0.925933 -2.91559
-0.700549 12.5441 -0.795313 -3.02175
-0.707173 12.5128 -0.662458 -3.12698
-0.712448 12.4805 -0.527488 -3.23155
-0.716354 12.4471 -0.390571 -3.33568
-0.718873 12.4127 -0.251944 -3.4395
-0.719992 12.3773 -0.111933 -3.54306
-0.719702 12.3408 0.029017 -3.64624
-0.717999 12.3033 0.170308 -3.74869
-0.714888 12.2648 0.311143 -3.84982
-0.710383 12.2254 0.450486 -3.94868
-0.704513 12.1849 0.587016 -4.04393
-0.697322 12.1436 0.719099 -4.13375
-0.688874 12.1014 0.844785 -4.21588
-0.679255 12.0585 0.961856 -4.28763
-0.668576 12.0151 1.06794 -4.34603
-0.656969 11.9712 1.16068 -4.38809
-0.644589 11.9271 1.23804 -4.41113
-0.631604 11.883 1.29852 -4.41316
-0.618189 11.839 1.34143 -4.39319
-0.604519 11.7955 1.36702 -4.35145
-0.590755 11.7526 1.37647 -4.28932
-0.577038 11.7105 1.37167 -4.20914
-0.563488 11.6694 1.35501 -4.11388
-0.550197 11.6293 1.32907 -4.0067
-0.537233 11.5904 1.29637 -3.89069
-0.524642 11.5527 1.25917 -3.76863
-0.512448 11.5163 1.21942 -3.64283
-0.50066 11.4812 1.17871 -3.51515
-0.489278 11.4473 1.13826 -3.38699
-0.478288 11.4147 1.09903 -3.25939
-0.467671 11.3834 1.06167 -3.13304
-0.457404 11.3533 1.02666 -3.00841
-0.447461 11.3244 0.994314 -2.88575
-0.437813 11.2968 0.964813 -2.76518
-0.42843 11.2703 0.938253 -2.64673
-0.419284 11.245 0.914659 -2.53033
-0.410344 11.2208 0.894005 -2.4159
-0.401581 11.1978 0.876231 -2.3033
-0.392969 11.1759 0.861249 -2.19237
-0.384479 11.155 0.848953 -2.08296
-0.376087 11.1353 0.839225 -1.9749
-0.367768 11.1166 0.831936 -1.86804
-0.359498 11.099 0.826954 -1.7622
-0.351257 11.0824 0.824139 -1.65725
-0.343023 11.0669 0.823353 -1.55304
-0.334779 11.0524 0.824451 -1.44942
-0.326506 11.0389 0.827291 -1.34628
-0.318189 11.0265 0.831728 -1.2435
-0.309813 11.0151 0.837615 -1.14096
-0.301364 11.0047 0.844807 -1.03856
-0.292833 10.9953 0.853157 -0.936223
-0.284208 10.987 0.862514 -0.833853
-0.27548 10.9797 0.872731 -0.731378
-0.266644 10.9734 0.883656 -0.628734
-0.257692 10.9681 0.895137 -0.52586
-0.248622 10.9639 0.907021 -0.422708
-0.239431 10.9607 0.91915 -0.319235
-0.230117 10.9586 0.931369 -0.215404
-0.220682 10.9575 0.943517 -0.11119
-0.211128 10.9574 0.955432 -0.00656983
-0.201458 10.9584 0.966952 0.0984686
-0.191679 10.9604 0.977911 0.203933
-0.181798 10.9635 0.988141 0.309824
-0.171823 10.9677 0.997473 0.416136
-0.161765 10.9729 1.00574 0.522859
-0.151638 10.9792 1.01276 0.629978
-0.141454 10.9866 1.01836 0.737472
-0.131231 10.995 1.02237 0.845318
-0.120984 11.0046 1.02462 0.953489
-0.110735 11.0152 1.02492 1.06196
-0.100504 11.0269 1.02311 1.17069
-0.0903142 11.0397 1.01899 1.27966
-0.0801901 11.0536 1.01241 1.38883
-0.0701582 11.0686 1.00318 1.49819
-0.0602468 11.0846 0.991142 1.60771
-0.0504857 11.1018 0.976112 1.71737
-0.0409064 11.1201 0.957928 1.82717
-0.0315422 11.1395 0.936424 1.9371
-0.0224278 11.1599 0.911438 2.04718
-0.0135997 11.1815 0.88281 2.15744
-0.00509585 11.2042 0.850385 2.26791
0.00304424 11.228 0.814008 2.37867
0.0107795 11.2529 0.773529 2.48979
0.0180675 11.2789 0.728799 2.60137
0.0248642 11.306 0.679668 2.71357
0.0311241 11.3343 0.625992 2.82653
0.0368003 11.3637 0.56762 2.94047
0.0418444 11.3942 0.504404 3.0556
0.0462063 11.426 0.43619 3.17222
0.0498345 11.4589 0.36282 3.29064
0.0526758 11.493 0.284131 3.41122
0.0546753 11.5283 0.199951 3.53438
0.0557763 11.5649 0.110104 3.66057
0.0559204 11.6028 0.0144082 3.79032
0.0550472 11.6421 -0.087321 3.92417
0.0530946 11.6827 -0.19526 4.06272
0.0499989 11.7248 -0.309566 4.20658
0.0456954 11.7683 -0.430352 4.35635
0.0401189 11.8135 -0.557651 4.51259
0.0332053 11.8602 -0.691356 4.6757
0.024894 11.9087 -0.831134 4.84586
0.015131 11.9589 -0.976296 5.02282
0.00387492 12.011 -1.12561 5.20568
-0.00889572 12.0649 -1.27706 5.3925
-0.023171 12.1207 -1.42753 5.57995
-0.0388959 12.1783 -1.57248 5.7628
-0.0559529 12.2376 -1.7057 5.93356
-0.0741466 12.2985 -1.81938 6.08254
-0.0931932 12.3605 -1.90465 6.19856
-0.112723 12.4232 -1.95298 6.27073
-0.132303 12.4861 -1.95805 6.29095
-0.151479 12.5486 -1.91757 6.2564
-0.16982 12.6103 -1.83412 6.17053
-0.186964 12.6708 -1.71437 6.04206
-0.202637 12.7296 -1.5673 5.88252
-0.216658 12.7866 -1.40207 5.7035
-0.228925 12.8418 -1.22669 5.51484
-0.239398 12.895 -1.04736 5.32389
-0.248083 12.9464 -0.86846 5.13552
-0.255012 12.9959 -0.692901 4.95265
-0.260236 13.0437 -0.522456 4.77672
-0.263818 13.0897 -0.358132 4.60819
-0.265822 13.1342 -0.200428 4.44694
-0.266317 13.1771 -0.0495286 4.29245
-0.265372 13.2186 0.094571 4.14404
-0.263052 13.2586 0.231978 4.00092
-0.259423 13.2972 0.362852 3.8623
-0.25455 13.3345 0.487373 3.72742
-0.248492 13.3704 0.605721 3.59557
-0.241312 13.4051 0.718073 3.46608
-0.233066 13.4385 0.824591 3.33836
-0.223811 13.4706 0.925429 3.2119
-0.213604 13.5015 1.02073 3.08623
-0.202498 13.5311 1.11063 2.96096
-0.190545 13.5594 1.19526 2.83575
-0.177798 13.5865 1.27475 2.71033
-0.164305 13.6124 1.34923 2.58447
-0.150117 13.637 1.41883 2.45798
-0.13528 13.6603 1.4837 2.33074
-0.11984 13.6823 1.54398 2.20265
-0.103842 13.703 1.59982 2.07365
-0.0873281 13.7225 1.6514 1.94371
-0.0703392 13.7406 1.69889 1.81284
-0.0529146 13.7574 1.74246 1.68105
-0.0350913 13.7729 1.78233 1.54838
-0.0169043 13.787 1.81869 1.4149
0.00161325 13.7998 1.85176 1.28068
0.0204308 13.8113 1.88176 1.1458
0.03952 13.8214 1.90892 1.01033
0.0588548 13.8302 1.93347 0.874377
0.0784114 13.8375 1.95567 0.738015
0.0981688 13.8435 1.97574 0.601332
0.118108 13.8482 1.99394 0.464404
0.138213 13.8515 2.01051 0.327301
0.15847 13.8534 2.0257 0.190085
0.178868 13.8539 2.03976 0.0528048
0.199397 13.853 2.05293 -0.0844986
0.220052 13.8508 2.06545 -0.221798
0.240827 13.8472 2.07754 -0.359076
0.261721 13.8423 2.08944 -0.496327
0.282735 13.8359 2.10135 -0.633553
0.30387 13.8282 2.11348 -0.770763
0.32513 13.8192 2.12601 -0.907968
0.346521 13.8087 2.13912 -1.04518
0.36805 13.7969 2.15294 -1.18239
0.389726 13.7837 2.16758 -1.31959
0.411557 13.7691 2.18312 -1.45674
0.433553 13.7532 2.19957 -1.59373
0.455722 13.7359 2.21691 -1.73042
0.478072 13.7172 2.23499 -1.86658
0.500608 13.6972 2.25361 -2.00184
0.523332 13.6758 2.27242 -2.13572
0.546241 13.6532 2.29091 -2.26754
0.569326 13.6292 2.30842 -2.39639
0.592566 13.604 2.32407 -2.52112
0.615934 13.5776 2.33674 -2.6403
0.639385 13.5501 2.34513 -2.7522
0.662862 13.5215 2.34768 -2.85484
0.686289 13.492 2.34274 -2.94608
0.709575 13.4618 2.32858 -3.02372
0.732611 13.4309 2.30359 -3.08575
0.755275 13.3996 2.26645 -3.13055
0.777438 13.3681 2.21628 -3.15714
0.798966 13.3364 2.15277 -3.16533
0.819729 13.3049 2.07626 -3.15581
0.839605 13.2736 1.98768 -3.13006
0.85849 13.2427 1.88843 -3.0902
0.876292 13.2123 1.78022 -3.03872
0.89294 13.1825 1.66484 -2.9782
0.908381 13.1534 1.54404 -2.91111
0.922575 13.125 1.41941 -2.83967
0.935498 13.0973 1.2923 -2.7657
0.947136 13.0704 1.1638 -2.69067
0.957483 13.0443 1.03477 -2.61568
0.966542 13.0188 0.905849 -2.54148
0.974317 12.9942 0.777496 -2.46857
0.980817 12.9702 0.650023 -2.39722
0.986053 12.9469 0.523629 -2.32753
0.990038 12.9243 0.398428 -2.25947
0.992782 12.9024 0.274475 -2.19289
0.9943 12.8811 0.151779 -2.12761
0.994603 12.8605 0.0303211 -2.06336
0.993704 12.8405 -0.0899388 -1.99985
0.991613 12.8211 -0.209052 -1.93677
0.988343 12.8024 -0.327076 -1.87379
0.983902 12.7843 -0.444072 -1.81058
0.978301 12.7668 -0.560104 -1.74679
0.971549 12.75 -0.675231 -1.68211
0.963653 12.7338 -0.789517 -1.61618
0.954623 12.7183 -0.903022 -1.54868
0.944465 12.7035 -1.01581 -1.47931
0.933186 12.6895 -1.12794 -1.40774
0.920791 12.6761 -1.23947 -1.33367
0.907286 12.6636 -1.35048 -1.25682
0.892676 12.6518 -1.46103 -1.17691
0.876964 12.6409 -1.57121 -1.09367
0.860153 12.6308 -1.68109 -1.00686
0.842245 12.6216 -1.79078 -0.916235
0.823242 12.6134 -1.90036 -0.821577
0.803142 12.6062 -2.00995 -0.72269
0.781946 12.6 -2.11966 -0.619396
0.75965 12.5949 -2.2296 -0.511549
0.73625 12.5909 -2.33991 -0.399035
0.711743 12.5881 -2.4507 -0.281787
0.686123 12.5865 -2.56207 -0.159793
0.659382 12.5861 -2.6741 -0.0331186
0.631513 12.5871 -2.78683 0.0980718
0.602511 12.5894 -2.90024 0.233481
0.572369 12.5932 -3.0142 0.372636
0.541084 12.5983 -3.12847 0.514835
0.508658 12.6049 -3.24262 0.659076
0.475098 12.613 -3.35597 0.803981
0.440423 12.6224 -3.46755 0.947703
0.404663 12.6333 -3.57602 1.08784
0.367867 12.6455 -3.6796 1.22138
0.330106 12.659 -3.7761 1.34468
0.291476 12.6735 -3.86293 1.45356
0.252104 12.6889 -3.93727 1.54349
0.212141 12.705 -3.99626 1.61003
0.171767 12.7215 -4.03742 1.64924
0.131177 12.7381 -4.05895 1.65831
0.0905766 12.7545 -4.06007 1.63598
0.050165 12.7703 -4.04116 1.58277
0.0101281 12.7853 -4.00369 1.50086
-0.0293715 12.7992 -3.94996 1.39376
-0.0681991 12.8119 -3.88275 1.26576
-0.106248 12.8231 -3.80491 1.12135
-0.143439 12.8328 -3.71912 0.964827
-0.179716 12.8408 -3.62765 0.799993
-0.215039 12.8471 -3.53234 0.630039
-0.249385 12.8516 -3.43459 0.457528
-0.282739 12.8545 -3.33539 0.28445
-0.315093 12.8556 -3.23538 0.11231
-0.346442 12.855 -3.13496 -0.0577836
-0.376786 12.8528 -3.03432 -0.225029
-0.406121 12.8489 -2.93352 -0.388861
-0.434446 12.8434 -2.8325 -0.548891
-0.461757 12.8364 -2.73116 -0.704865
-0.488051 12.8278 -2.62934 -0.856627
-0.513319 12.8177 -2.52686 -1.0041
-0.537555 12.8063 -2.42355 -1.14725
-0.560747 12.7934 -2.31921 -1.28612
-0.582884 12.7792 -2.21369 -1.42077
-0.603952 12.7637 -2.10682 -1.55128
-0.623937 12.7469 -1.99845 -1.6778
-0.642821 12.7289 -1.88846 -1.80046
-0.660589 12.7097 -1.77675 -1.91945
-0.677221 12.6894 -1.66321 -2.03498
-0.692699 12.6679 -1.54777 -2.14727
-0.707002 12.6453 -1.43038 -2.25658
-0.720112 12.6217 -1.31097 -2.36318
-0.732007 12.597 -1.18954 -2.46735
-0.742668 12.5713 -1.06604 -2.56942
-0.752073 12.5446 -0.940492 -2.6697
-0.760202 12.5169 -0.812891 -2.76852
-0.767034 12.4883 -0.683269 -2.86622
-0.772551 12.4587 -0.551678 -2.96312
-0.776733 12.4281 -0.418196 -3.0595
-0.779563 12.3965 -0.282944 -3.15563
-0.781023 12.364 -0.146092 -3.2517
-0.781102 12.3305 -0.00788697 -3.3478
-0.779789 12.2961 0.131331 -3.44391
-0.777078 12.2607 0.271091 -3.53981
-0.772971 12.2243 0.410759 -3.63506
-0.767476 12.187 0.549491 -3.72891
-0.760614 12.1488 0.686193 -3.82025
-0.752419 12.1098 0.819486 -3.90758
-0.742942 12.0699 0.947685 -3.98892
-0.732254 12.0292 1.06882 -4.06185
-0.720447 11.988 1.1807 -4.12363
-0.707636 11.9463 1.28107 -4.17134
-0.693958 11.9043 1.36781 -4.20217
-0.679566 11.8621 1.43916 -4.21378
-0.664626 11.8201 1.49405 -4.20462
-0.649304 11.7783 1.53219 -4.17421
-0.633762 11.7371 1.55421 -4.12322
-0.618147 11.6966 1.56153 -4.05337
-0.602585 11.6569 1.55617 -3.96714
-0.58718 11.6182 1.54048 -3.86745
-0.572011 11.5807 1.5169 -3.75732
-0.557134 11.5443 1.48772 -3.63957
-0.542584 11.5091 1.45497 -3.51667
-0.528381 11.4752 1.42034 -3.39066
-0.514529 11.4426 1.3852 -3.26315
-0.501023 11.4112 1.3506 -3.13533
-0.48785 11.3811 1.31732 -3.00807
-0.474991 11.3523 1.28591 -2.88195
-0.462423 11.3247 1.25675 -2.75734
-0.450122 11.2984 1.23008 -2.63443
-0.438062 11.2733 1.20603 -2.51331
-0.426216 11.2493 1.18465 -2.39396
-0.414556 11.2266 1.16594 -2.27633
-0.403058 11.205 1.14986 -2.1603
-0.391694 11.1845 1.13631 -2.04574
-0.380442 11.1652 1.12521 -1.93249
-0.369278 11.147 1.11642 -1.82042
-0.35818 11.1299 1.10983 -1.70935
-0.347127 11.1139 1.1053 -1.59913
-0.3361 11.099 1.10267 -1.48962
-0.325082 11.0852 1.1018 -1.38067
-0.314057 11.0725 1.10255 -1.27216
-0.303009 11.0608 1.10476 -1.16395
-0.291926 11.0503 1.10827 -1.05594
-0.280797 11.0408 1.11293 -0.948012
-0.269611 11.0324 1.11857 -0.840087
-0.258361 11.0251 1.12505 -0.732077
-0.247039 11.0188 1.13219 -0.623911
-0.235641 11.0137 1.13983 -0.515525
-0.224162 11.0096 1.14781 -0.406868
-0.212603 11.0066 1.15596 -0.297897
-0.200962 11.0047 1.16411 -0.188579
-0.189241 11.0039 1.17207 -0.0788922
-0.177444 11.0043 1.17969 0.0311788
-0.165576 11.0057 1.18678 0.141639
-0.153645 11.0082 1.19317 0.252486
-0.141658 11.0118 1.19866 0.363709
-0.129627 11.0166 1.20309 0.47529
-0.117565 11.0225 1.20625 0.587203
-0.105485 11.0294 1.20798 0.699419
-0.093404 11.0376 1.20807 0.8119
-0.0813405 11.0468 1.20635 0.924607
-0.0693143 11.0572 1.20262 1.0375
-0.0573473 11.0687 1.1967 1.15052
-0.0454632 11.0813 1.1884 1.26364
-0.0336878 11.0951 1.17754 1.3768
-0.0220484 11.11 1.16394 1.48997
-0.0105743 11.126 1.14741 1.60309
0.000703501 11.1432 1.12778 1.71615
0.0117522 11.1615 1.10487 1.82912
0.0225375 11.1809 1.07853 1.94198
0.0330232 11.2014 1.04857 2.05474
0.0431717 11.2231 1.01485 2.1674
0.0529438 11.2459 0.977205 2.27999
0.0622986 11.2698 0.935486 2.39258
0.0711941 11.2949 0.889546 2.50524
0.0795865 11.3211 0.839242 2.61806
0.0874309 11.3484 0.784433 2.73118
0.0946806 11.3768 0.724979 2.84477
0.101288 11.4064 0.660743 2.95903
0.107204 11.4372 0.591583 3.07419
0.112377 11.4691 0.517357 3.19055
0.116757 11.5022 0.437916 3.30843
0.120288 11.5364 0.353105 3.42821
0.122915 11.5719 0.26276 3.55033
0.124582 11.6087 0.166709 3.67528
0.12523 11.6467 0.064768 3.8036
0.124798 11.6861 -0.0432526 3.9359
0.123222 11.7268 -0.157545 4.0728
0.120439 11.769 -0.278292 4.215
0.116383 11.8126 -0.405651 4.36319
0.110985 11.8578 -0.539716 4.51802
0.104181 11.9046 -0.680473 4.68006
0.0959036 11.9531 -0.827715 4.84967
0.0860944 12.0034 -0.980925 5.02686
0.0747034 12.0555 -1.13909 5.21104
0.0616986 12.1095 -1.30048 5.40067
0.047076 12.1654 -1.46227 5.59285
0.0308737 12.2232 -1.62022 5.78277
0.0131904 12.2829 -1.76834 5.96324
-0.00579696 12.3441 -1.89873 6.12452
-0.0258177 12.4067 -2.00208 6.25482
-0.0465059 12.4701 -2.06882 6.34192
-0.067418 12.5338 -2.09121 6.37585
-0.0880731 12.5973 -2.06551 6.35183
-0.108006 12.6601 -1.99331 6.27203
-0.126817 12.7215 -1.88106 6.14493
-0.144199 12.7813 -1.73823 5.98273
-0.159948 12.8393 -1.57487 5.79825
-0.173947 12.8954 -1.39992 5.60259
-0.18615 12.9494 -1.22034 5.40411
-0.196561 13.0015 -1.04107 5.2084
-0.205214 13.0517 -0.865311 5.01881
-0.212164 13.1 -0.695025 4.837
-0.217477 13.1467 -0.531281 4.66355
-0.221223 13.1917 -0.374587 4.49832
-0.223474 13.2351 -0.225097 4.3408
-0.224302 13.277 -0.0827623 4.19024
-0.223776 13.3174 0.0525743 4.04582
-0.221965 13.3565 0.181124 3.9067
-0.218934 13.3942 0.303113 3.77206
-0.214746 13.4306 0.418767 3.64114
-0.209463 13.4658 0.5283 3.51326
-0.203144 13.4996 0.631908 3.38778
-0.195846 13.5323 0.729772 3.26414
-0.187626 13.5637 0.822059 3.14185
-0.178536 13.5939 0.908921 3.0205
-0.168631 13.6229 0.990502 2.8997
-0.157962 13.6507 1.06694 2.77916
-0.146578 13.6773 1.13837 2.65862
-0.134529 13.7027 1.20493 2.53787
-0.121861 13.7268 1.26675 2.41675
-0.108622 13.7498 1.32397 2.29513
-0.0948543 13.7715 1.37674 2.17293
-0.0806022 13.792 1.42521 2.05008
-0.0659068 13.8113 1.46954 1.92657
-0.0508078 13.8293 1.5099 1.80239
-0.0353432 13.8461 1.54646 1.67756
-0.0195491 13.8616 1.57941 1.55212
-0.00345981 13.8758 1.60893 1.42611
0.0128925 13.8888 1.63523 1.2996
0.0294777 13.9006 1.65852 1.17266
0.0462677 13.911 1.679 1.04537
0.0632365 13.9202 1.69688 0.917807
0.0803605 13.9281 1.7124 0.790045
0.0976181 13.9347 1.72576 0.662164
0.11499 13.9401 1.7372 0.534234
0.13246 13.9441 1.74694 0.406321
0.150012 13.9469 1.75521 0.278485
0.167634 13.9484 1.76222 0.150772
0.185316 13.9487 1.76821 0.023222
0.20305 13.9476 1.77339 -0.104139
0.22083 13.9453 1.77799 -0.231295
0.238652 13.9417 1.7822 -0.358244
0.256514 13.9369 1.78625 -0.484995
0.274418 13.9308 1.79033 -0.61157
0.292364 13.9234 1.79464 -0.738
0.310358 13.9147 1.79938 -0.86433
0.328405 13.9048 1.80471 -0.990609
0.346513 13.8937 1.8108 -1.1169
0.364691 13.8812 1.81782 -1.24325
0.38295 13.8675 1.8259 -1.36974
0.401302 13.8526 1.83515 -1.4964
0.419758 13.8363 1.84568 -1.62328
0.438334 13.8188 1.85754 -1.7504
0.457041 13.8 1.87074 -1.87773
0.475894 13.78 1.88527 -2.00519
0.494904 13.7587 1.90101 -2.13266
0.514082 13.7361 1.91778 -2.25988
0.533435 13.7122 1.93529 -2.38649
0.552966 13.6871 1.95312 -2.51199
0.572673 13.6607 1.97069 -2.63564
0.592545 13.6332 1.98724 -2.75652
0.612563 13.6044 2.0018 -2.87341
0.632695 13.5746 2.01317 -2.98481
0.652894 13.5437 2.01994 -3.08895
0.6731 13.5119 2.02052 -3.18383
0.693231 13.4792 2.01319 -3.26729
0.713194 13.4458 1.99624 -3.3372
0.732875 13.4119 1.96811 -3.39162
0.752151 13.3776 1.92756 -3.4291
0.770889 13.3431 1.87385 -3.44881
0.788957 13.3086 1.80681 -3.45074
0.806226 13.2742 1.72691 -3.43571
0.822578 13.2402 1.63517 -3.40528
0.837909 13.2066 1.53305 -3.36153
0.852131 13.1735 1.42224 -3.30686
0.865176 13.1411 1.3045 -3.2437
0.876991 13.1093 1.18153 -3.17433
0.88754 13.0783 1.05483 -3.10075
0.896797 13.0481 0.925692 -3.02459
0.904748 13.0186 0.795159 -2.94713
0.911389 12.9899 0.664048 -2.86932
0.916718 12.962 0.532976 -2.79179
0.920742 12.9348 0.402393 -2.71493
0.923468 12.9085 0.272616 -2.63893
0.924907 12.8828 0.143857 -2.56382
0.92507 12.8579 0.0162505 -2.48953
0.923968 12.8338 -0.110125 -2.41587
0.921616 12.8103 -0.235232 -2.34262
0.918025 12.7876 -0.359062 -2.2695
0.913209 12.7657 -0.481625 -2.19621
0.90718 12.7445 -0.602946 -2.12242
0.899949 12.724 -0.723056 -2.0478
0.891529 12.7043 -0.841992 -1.97202
0.881931 12.6853 -0.959795 -1.89475
0.871166 12.6672 -1.07651 -1.81566
0.859244 12.6498 -1.19219 -1.73445
0.846176 12.6333 -1.30687 -1.6508
0.831969 12.6177 -1.42062 -1.56444
0.816634 12.6029 -1.5335 -1.47507
0.800179 12.5891 -1.64557 -1.38245
0.782609 12.5762 -1.75691 -1.28633
0.763933 12.5644 -1.8676 -1.18649
0.744156 12.5535 -1.97773 -1.08274
0.723282 12.5438 -2.0874 -0.974905
0.701315 12.5351 -2.19671 -0.862832
0.678257 12.5277 -2.30577 -0.746412
0.65411 12.5214 -2.4147 -0.625572
0.628874 12.5164 -2.5236 -0.500288
0.602549 12.5127 -2.63256 -0.370597
0.575132 12.5104 -2.74165 -0.236617
0.546623 12.5094 -2.85091 -0.0985636
0.51702 12.5098 -2.96029 0.0432124
0.486324 12.5117 -3.06967 0.18819
0.454536 12.515 -3.1788 0.335627
0.421663 12.5199 -3.28726 0.484497
0.387719 12.5262 -3.39439 0.633419
0.352727 12.534 -3.49926 0.780581
0.316721 12.5433 -3.60059 0.923665
0.279753 12.5539 -3.69674 1.05979
0.241897 12.5657 -3.78565 1.18554
0.203247 12.5787 -3.86493 1.29698
0.163928 12.5926 -3.93196 1.38993
0.124087 12.6072 -3.98412 1.46025
0.0838956 12.6222 -4.0191 1.50432
0.0435434 12.6374 -4.03522 1.51948
0.00322654 12.6525 -4.03169 1.5045
-0.0368614 12.6671 -4.00879 1.45979
-0.0765395 12.6809 -3.96781 1.3873
-0.115648 12.6938 -3.91084 1.29025
-0.154052 12.7056 -3.84043 1.17262
-0.191645 12.716 -3.75929 1.0387
-0.228345 12.7249 -3.66997 0.892615
-0.264092 12.7323 -3.57471 0.738096
-0.298845 12.738 -3.47534 0.57831
-0.332578 12.7422 -3.37329 0.415836
-0.365274 12.7447 -3.26959 0.252699
-0.396924 12.7456 -3.16496 0.0904469
-0.427522 12.7449 -3.05984 -0.0697681
-0.457067 12.7427 -2.95449 -0.227109
-0.485557 12.7389 -2.84903 -0.380983
-0.512992 12.7335 -2.74346 -0.530985
-0.539369 12.7268 -2.63773 -0.676851
-0.564686 12.7186 -2.53172 -0.818426
-0.588939 12.709 -2.4253 -0.955638
-0.612123 12.6982 -2.31833 -1.08848
-0.634229 12.686 -2.21068 -1.21698
-0.655251 12.6726 -2.10218 -1.34123
-0.675179 12.658 -1.99273 -1.46135
-0.694 12.6422 -1.88219 -1.57748
-0.711705 12.6253 -1.77046 -1.68979
-0.728279 12.6073 -1.65745 -1.79849
-0.74371 12.5883 -1.54308 -1.90378
-0.757983 12.5682 -1.42729 -2.0059
-0.771083 12.5472 -1.31003 -2.10513
-0.782996 12.5251 -1.19125 -2.20172
-0.793705 12.5022 -1.07093 -2.29597
-0.803196 12.4783 -0.949049 -2.38819
-0.811452 12.4535 -0.825602 -2.47867
-0.818458 12.4278 -0.700597 -2.56773
-0.824198 12.4013 -0.574056 -2.65567
-0.828659 12.3738 -0.446022 -2.74278
-0.831824 12.3455 -0.316565 -2.82932
-0.833682 12.3164 -0.185787 -2.91553
-0.83422 12.2864 -0.0538392 -3.00155
-0.83343 12.2555 0.0790651 -3.08747
-0.831303 12.2238 0.21263 -3.17323
-0.827839 12.1912 0.346452 -3.25864
-0.823039 12.1578 0.479991 -3.34331
-0.816914 12.1235 0.612535 -3.42658
-0.809482 12.0884 0.743175 -3.50752
-0.800774 12.0526 0.87077 -3.58484
-0.790835 12.016 0.993942 -3.65691
-0.779724 11.9788 1.11109 -3.72173
-0.76752 11.941 1.22043 -3.77703
-0.754319 11.9028 1.32011 -3.82039
-0.740235 11.8643 1.40837 -3.84944
-0.725398 11.8257 1.48369 -3.86212
-0.709948 11.7871 1.54504 -3.85692
-0.694028 11.7488 1.59197 -3.83315
-0.677781 11.7109 1.62474 -3.79099
-0.661338 11.6736 1.64427 -3.73149
-0.644818 11.637 1.65202 -3.65642
-0.62832 11.6013 1.6498 -3.56802
-0.611924 11.5666 1.63957 -3.46873
-0.595691 11.533 1.62328 -3.36096
-0.579664 11.5006 1.60274 -3.24691
-0.563869 11.4693 1.5795 -3.12851
-0.54832 11.4392 1.55488 -3.00732
-0.533021 11.4103 1.5299 -2.88458
-0.517967 11.3827 1.50539 -2.76124
-0.503148 11.3564 1.48194 -2.63796
-0.488548 11.3312 1.45997 -2.51521
-0.47415 11.3073 1.43979 -2.39329
-0.459934 11.2845 1.42157 -2.27238
-0.44588 11.263 1.40541 -2.15254
-0.431967 11.2427 1.39134 -2.03379
-0.418173 11.2235 1.37936 -1.91607
-0.404479 11.2055 1.36939 -1.79932
-0.390866 11.1887 1.36136 -1.68342
-0.377314 11.173 1.35517 -1.56827
-0.363807 11.1585 1.3507 -1.45375
-0.350329 11.1451 1.34781 -1.33972
-0.336865 11.1328 1.34637 -1.22608
-0.323403 11.1217 1.34623 -1.11271
-0.309931 11.1117 1.34723 -0.999505
-0.296438 11.1028 1.34922 -0.886361
-0.282918 11.0951 1.35204 -0.77319
-0.269363 11.0885 1.35551 -0.659913
-0.255768 11.083 1.35948 -0.54646
-0.24213 11.0787 1.36376 -0.432773
-0.228449 11.0755 1.36819 -0.318802
-0.214723 11.0735 1.37257 -0.204511
-0.200955 11.0726 1.37674 -0.0898717
-0.18715 11.0728 1.38051 0.0251313
-0.173314 11.0742 1.38368 0.140505
-0.159453 11.0768 1.38607 0.256246
-0.145578 11.0805 1.38749 0.372342
-0.1317 11.0854 1.38775 0.488772
-0.117834 11.0915 1.38664 0.605508
-0.103994 11.0987 1.38397 0.722513
-0.0901987 11.1071 1.37955 0.839747
-0.076467 11.1167 1.37317 0.957161
-0.0628206 11.1274 1.36464 1.07471
-0.0492831 11.1393 1.35376 1.19233
-0.0358798 11.1524 1.34033 1.30998
-0.0226382 11.1667 1.32416 1.42761
-0.00958756 11.1822 1.30506 1.54516
0.00324096 11.1988 1.28285 1.66259
0.0158144 11.2166 1.25734 1.77987
0.0280979 11.2355 1.22835 1.89696
0.040055 11.2557 1.19571 2.01387
0.0516476 11.277 1.15926 2.13058
0.0628358 11.2995 1.11882 2.24711
0.0735783 11.3231 1.07425 2.36352
0.0838323 11.3479 1.02539 2.47985
0.0935533 11.3739 0.972099 2.59619
0.102696 11.401 0.91423 2.71268
0.111212 11.4293 0.851645 2.82947
0.119054 11.4587 0.784209 2.94674
0.126172 11.4894 0.711784 3.06472
0.132514 11.5212 0.634233 3.1837
0.138028 11.5543 0.551415 3.304
0.14266 11.5885 0.463185 3.42599
0.146354 11.624 0.369393 3.5501
0.149053 11.6608 0.26988 3.6768
0.150698 11.6989 0.164484 3.80664
0.151228 11.7383 0.0530373 3.94019
0.150582 11.779 -0.0646238 4.07808
0.148696 11.8213 -0.188647 4.22097
0.145504 11.865 -0.319146 4.36952
0.140942 11.9102 -0.45616 4.52433
0.134946 11.9571 -0.599607 4.68591
0.127454 12.0056 -0.749194 4.85452
0.118411 12.0559 -0.904295 5.03005
0.107774 12.108 -1.06377 5.21176
0.0955164 12.162 -1.22573 5.39793
0.0816444 12.2179 -1.3872 5.58544
0.0662063 12.2755 -1.54381 5.76931
0.0493115 12.335 -1.68949 5.94225
0.0311469 12.3959 -1.81645 6.09466
0.0119896 12.4581 -1.91574 6.21518
-0.00779481 12.521 -1.97844 6.29244
-0.0277716 12.5842 -1.99768 6.31758
-0.047477 12.647 -1.97055 6.28691
-0.0664683 12.7091 -1.89913 6.20322
-0.0843676 12.7698 -1.78993 6.07496
-0.100888 12.829 -1.65202 5.91381
-0.115837 12.8863 -1.49491 5.7318
-0.129107 12.9417 -1.32697 5.53926
-0.140654 12.9951 -1.15472 5.344
-0.150482 13.0466 -0.982816 5.15124
-0.158625 13.0963 -0.814315 4.96414
-0.165136 13.1441 -0.651098 4.78431
-0.170078 13.1902 -0.494222 4.61232
-0.17352 13.2347 -0.344202 4.4481
-0.175533 13.2776 -0.201218 4.29119
-0.176185 13.319 -0.0652483 4.14092
-0.175547 13.359 0.0638412 3.99653
-0.173684 13.3976 0.186239 3.85726
-0.170663 13.4348 0.302157 3.72234
-0.166545 13.4707 0.411808 3.59108
-0.161391 13.5053 0.515398 3.46282
-0.15526 13.5387 0.613122 3.337
-0.148208 13.5708 0.70516 3.21308
-0.140291 13.6017 0.791681 3.09062
-0.131563 13.6314 0.872843 2.96923
-0.122075 13.6599 0.948797 2.84855
-0.111878 13.6872 1.01969 2.72832
-0.101021 13.7133 1.08566 2.6083
-0.0895528 13.7382 1.14685 2.48829
-0.0775188 13.7618 1.2034 2.36814
-0.0649641 13.7843 1.25547 2.24775
-0.0519322 13.8056 1.3032 2.12703
-0.0384647 13.8257 1.34674 2.00593
-0.024602 13.8445 1.38627 1.88442
-0.0103825 13.8621 1.42195 1.76251
0.00415711 13.8785 1.45396 1.64021
0.0189818 13.8937 1.48247 1.51756
0.0340587 13.9076 1.50768 1.39458
0.0493565 13.9204 1.52978 1.27135
0.0648463 13.9318 1.54897 1.14792
0.0805008 13.9421 1.56546 1.02436
0.0962952 13.9511 1.57944 0.900736
0.112206 13.9589 1.59112 0.777115
0.128214 13.9654 1.60073 0.653563
0.144298 13.9707 1.60846 0.530143
0.160444 13.9748 1.61453 0.40691
0.176635 13.9776 1.61916 0.283913
0.192861 13.9792 1.62254 0.161194
0.20911 13.9796 1.6249 0.0387831
0.225374 13.9788 1.62642 -0.0832965
0.241647 13.9767 1.62732 -0.205034
0.257925 13.9735 1.62779 -0.326428
0.274205 13.969 1.62803 -0.447489
0.290487 13.9633 1.62822 -0.568239
0.306773 13.9564 1.62854 -0.688707
0.323064 13.9483 1.62917 -0.808936
0.339367 13.939 1.63028 -0.928974
0.355687 13.9285 1.63202 -1.04888
0.372033 13.9169 1.63455 -1.16871
0.388413 13.904 1.63801 -1.28853
0.404838 13.8899 1.64251 -1.40841
0.42132 13.8746 1.64816 -1.5284
0.43787 13.8581 1.65505 -1.64855
0.454502 13.8404 1.66323 -1.76888
0.47123 13.8215 1.67272 -1.88939
0.488065 13.8014 1.68351 -2.01003
0.50502 13.7801 1.69551 -2.13072
0.522106 13.7576 1.70858 -2.25126
0.53933 13.7339 1.72249 -2.3714
0.5567 13.709 1.73691 -2.49074
0.574213 13.6829 1.75138 -2.60872
0.591866 13.6557 1.76529 -2.72462
0.609645 13.6273 1.77786 -2.83748
0.627526 13.5978 1.78814 -2.94613
0.645476 13.5673 1.79496 -3.04915
0.663446 13.5359 1.79699 -3.14486
0.681373 13.5036 1.79276 -3.23145
0.699181 13.4705 1.78073 -3.30701
0.716774 13.4368 1.7594 -3.36967
0.734049 13.4026 1.72743 -3.41783
0.750887 13.3681 1.68383 -3.4503
0.767167 13.3335 1.628 -3.46648
0.782766 13.2988 1.55989 -3.46646
0.797566 13.2643 1.47997 -3.45101
0.811457 13.2301 1.38917 -3.42152
0.824345 13.1963 1.28877 -3.37981
0.836148 13.163 1.18027 -3.32793
0.8468 13.1303 1.06521 -3.26797
0.856251 13.0983 0.945086 -3.20188
0.864463 13.067 0.821248 -3.13141
0.871412 13.0364 0.694858 -3.05798
0.877081 13.0066 0.566881 -2.98272
0.881462 12.9775 0.438086 -2.90646
0.884552 12.9492 0.309072 -2.82979
0.886355 12.9217 0.180287 -2.75307
0.886876 12.8949 0.0520637 -2.67646
0.886122 12.8689 -0.0753634 -2.60003
0.884104 12.8437 -0.201831 -2.52369
0.880832 12.8192 -0.327232 -2.4473
0.876317 12.7955 -0.4515 -2.37065
0.870571 12.7726 -0.574597 -2.2935
0.863605 12.7504 -0.696507 -2.21557
0.855433 12.729 -0.817232 -2.13657
0.846065 12.7085 -0.936782 -2.0562
0.835514 12.6887 -1.05518 -1.97416
0.823789 12.6698 -1.17245 -1.89016
0.810903 12.6518 -1.28862 -1.80391
0.796865 12.6346 -1.40374 -1.71513
0.781687 12.6184 -1.51785 -1.62356
0.765377 12.6031 -1.63101 -1.52896
0.747944 12.5888 -1.74326 -1.4311
0.729398 12.5755 -1.85468 -1.32978
0.709744 12.5633 -1.96533 -1.22481
0.688991 12.5521 -2.0753 -1.11606
0.667145 12.5421 -2.18466 -1.00339
0.644209 12.5332 -2.29351 -0.886728
0.62019 12.5255 -2.40191 -0.766038
0.595091 12.5191 -2.50994 -0.641337
0.568914 12.514 -2.61766 -0.512713
0.541663 12.5102 -2.72509 -0.380335
0.513341 12.5078 -2.83222 -0.244481
0.483952 12.5067 -2.93897 -0.105561
0.4535 12.5071 -3.04515 0.0358403
0.421995 12.5088 -3.15047 0.178926
0.389451 12.5121 -3.25447 0.32263
0.355886 12.5167 -3.35649 0.465561
0.32133 12.5228 -3.45559 0.605941
0.285824 12.5302 -3.55057 0.741556
0.249425 12.5389 -3.63989 0.86973
0.212208 12.5488 -3.72171 0.987343
0.174269 12.5597 -3.79391 1.09092
0.135727 12.5714 -3.85424 1.17683
0.0967215 12.5839 -3.90051 1.24155
0.0574137 12.5967 -3.93078 1.28205
0.0179769 12.6096 -3.94368 1.29617
-0.0214092 12.6225 -3.93861 1.28292
-0.0605673 12.6349 -3.91581 1.24268
-0.099331 12.6467 -3.87636 1.1771
-0.137551 12.6576 -3.82201 1.0889
-0.1751 12.6674 -3.75491 0.98149
-0.211874 12.676 -3.67737 0.858558
-0.24779 12.6832 -3.59162 0.723747
-0.282787 12.689 -3.49966 0.580403
-0.316818 12.6933 -3.40318 0.431436
-0.349854 12.6961 -3.30351 0.279268
-0.38187 12.6974 -3.20165 0.125855
-0.412853 12.6971 -3.09834 -0.0272758
-0.442794 12.6953 -2.99407 -0.178954
-0.471685 12.692 -2.88915 -0.328307
-0.499523 12.6873 -2.78375 -0.474697
-0.526302 12.6811 -2.67794 -0.617672
-0.552019 12.6735 -2.57171 -0.756926
-0.57667 12.6646 -2.46502 -0.892264
-0.600248 12.6544 -2.35778 -1.02358
-0.622747 12.6429 -2.2499 -1.15084
-0.644159 12.6301 -2.14127 -1.27405
-0.664477 12.6162 -2.03179 -1.3933
-0.683691 12.6011 -1.92135 -1.50866
-0.701789 12.5849 -1.80987 -1.62029
-0.718762 12.5676 -1.69728 -1.72834
-0.734597 12.5493 -1.58349 -1.83301
-0.749282 12.5299 -1.46846 -1.93449
-0.762803 12.5096 -1.35214 -2.03301
-0.775148 12.4883 -1.23449 -2.12883
-0.786303 12.4661 -1.1155 -2.2222
-0.796255 12.443 -0.995153 -2.31338
-0.804989 12.4189 -0.873453 -2.40266
-0.812493 12.394 -0.750419 -2.49029
-0.818754 12.3683 -0.626088 -2.57654
-0.823759 12.3417 -0.500518 -2.66167
-0.827497 12.3142 -0.373795 -2.74588
-0.829958 12.2859 -0.24604 -2.82935
-0.831132 12.2568 -0.117424 -2.91219
-0.831014 12.2268 0.0118246 -2.99444
-0.8296 12.1961 0.141395 -3.076
-0.826891 12.1645 0.27088 -3.15666
-0.822894 12.1322 0.399747 -3.23599
-0.81762 12.099 0.527315 -3.31338
-0.811093 12.0651 0.652735 -3.38794
-0.803343 12.0306 0.774967 -3.45851
-0.794416 11.9953 0.892784 -3.52364
-0.784368 11.9595 1.00478 -3.5816
-0.773273 11.9232 1.10945 -3.63046
-0.761221 11.8865 1.20523 -3.66819
-0.748314 11.8496 1.29065 -3.69283
-0.73467 11.8126 1.36448 -3.7027
-0.720411 11.7756 1.42586 -3.69658
-0.705667 11.7389 1.47446 -3.67388
-0.690562 11.7025 1.51045 -3.63474
-0.675216 11.6667 1.53458 -3.57998
-0.659736 11.6316 1.54802 -3.51102
-0.644213 11.5973 1.55226 -3.42968
-0.628724 11.5639 1.54896 -3.33799
-0.613326 11.5315 1.53977 -3.238
-0.598064 11.5002 1.52625 -3.13162
-0.582966 11.47 1.50981 -3.02056
-0.568049 11.441 1.49163 -2.90626
-0.553323 11.4131 1.47268 -2.78989
-0.538785 11.3863 1.45376 -2.67235
-0.524431 11.3608 1.43544 -2.55432
-0.510249 11.3364 1.41818 -2.43631
-0.496226 11.3132 1.40229 -2.31865
-0.482346 11.2912 1.38797 -2.20154
-0.468593 11.2704 1.37536 -2.08512
-0.454947 11.2507 1.36451 -1.96944
-0.441393 11.2321 1.35544 -1.85448
-0.427912 11.2147 1.34813 -1.74022
-0.414487 11.1985 1.3425 -1.62657
-0.401102 11.1833 1.33848 -1.51346
-0.387742 11.1693 1.33597 -1.40079
-0.374394 11.1564 1.33485 -1.28846
-0.361044 11.1447 1.335 -1.17638
-0.347681 11.134 1.33629 -1.06445
-0.334295 11.1245 1.33857 -0.952561
-0.320878 11.1161 1.34169 -0.840642
-0.307423 11.1088 1.3455 -0.728607
-0.293925 11.1027 1.34985 -0.616386
-0.280379 11.0976 1.35457 -0.503915
-0.266784 11.0937 1.3595 -0.391141
-0.25314 11.0909 1.36446 -0.278018
-0.239447 11.0893 1.36929 -0.164513
-0.225709 11.0888 1.3738 -0.0506005
-0.21193 11.0894 1.37782 0.0637355
-0.198119 11.0912 1.38116 0.178501
-0.184282 11.0941 1.38364 0.293694
-0.170432 11.0982 1.38507 0.409303
-0.156579 11.1035 1.38526 0.525309
-0.142739 11.1099 1.38401 0.641686
-0.128928 11.1175 1.38114 0.758402
-0.115163 11.1262 1.37645 0.875418
-0.101466 11.1362 1.36973 0.992692
-0.0878577 11.1473 1.36081 1.11018
-0.074363 11.1595 1.34947 1.22783
-0.0610077 11.173 1.33553 1.3456
-0.0478196 11.1876 1.3188 1.46345
-0.0348288 11.2034 1.29909 1.58132
-0.0220667 11.2204 1.2762 1.69919
-0.00956707 11.2386 1.24997 1.81702
0.00263498 11.258 1.2202 1.93481
0.0145024 11.2785 1.18674 2.05254
0.0259964 11.3002 1.1494 2.17022
0.0370767 11.3231 1.10803 2.28788
0.0477014 11.3471 1.06247 2.40558
0.0578269 11.3723 1.01256 2.52338
0.0674085 11.3988 0.958155 2.64139
0.0763996 11.4264 0.899111 2.75975
0.0847524 11.4551 0.835284 2.87862
0.0924178 11.4851 0.766534 2.9982
0.099345 11.5163 0.692721 3.11875
0.105482 11.5487 0.613703 3.24055
0.110775 11.5824 0.529339 3.36393
0.11517 11.6173 0.439482 3.48929
0.11861 11.6534 0.343986 3.61705
0.121037 11.6909 0.242702 3.7477
0.122392 11.7297 0.135482 3.88176
0.122614 11.7699 0.0221884 4.01981
0.121641 11.8115 -0.0972944 4.16242
0.11941 11.8546 -0.22304 4.31016
0.11586 11.8993 -0.355047 4.46358
0.110928 11.9455 -0.493186 4.62308
0.104557 11.9934 -0.63712 4.78886
0.096695 12.043 -0.786196 4.96074
0.0873022 12.0944 -0.939274 5.13794
0.0763571 12.1476 -1.09452 5.31881
0.0638659 12.2026 -1.24911 5.50043
0.0498761 12.2594 -1.39899 5.67818
0.0344905 12.3178 -1.53856 5.84544
0.017883 12.3777 -1.66074 5.99351
0.000309199 12.4389 -1.75738 6.11215
-0.017894 12.5008 -1.82032 6.19098
-0.0363243 12.563 -1.84303 6.22168
-0.0545482 12.625 -1.82239 6.20026
-0.0721446 12.6863 -1.75964 6.12841
-0.0887458 12.7464 -1.66012 6.01307
-0.104063 12.8051 -1.53177 5.86445
-0.117896 12.862 -1.3833 5.69354
-0.130123 12.9171 -1.22269 5.51019
-0.140687 12.9703 -1.05636 5.32211
-0.149578 13.0217 -0.889079 5.13469
-0.156819 13.0712 -0.724087 4.95134
-0.162453 13.1189 -0.563475 4.77395
-0.166538 13.1649 -0.40849 4.60335
-0.169136 13.2093 -0.259813 4.43968
-0.170314 13.2522 -0.117756 4.28264
-0.170138 13.2935 0.0175963 4.1317
-0.168675 13.3334 0.146296 3.98621
-0.16599 13.3718 0.268469 3.84548
-0.162148 13.4089 0.384277 3.70881
-0.157209 13.4446 0.493898 3.57555
-0.151233 13.4791 0.59751 3.4451
-0.144281 13.5123 0.695287 3.3169
-0.136407 13.5442 0.787395 3.19047
-0.127667 13.5748 0.873994 3.06537
-0.118114 13.6042 0.955235 2.94124
-0.107802 13.6324 1.03127 2.81775
-0.0967794 13.6594 1.10223 2.69464
-0.0850967 13.6851 1.16827 2.57169
-0.0728014 13.7096 1.22954 2.44872
-0.0599397 13.7328 1.28617 2.32561
-0.0465564 13.7548 1.33833 2.20223
-0.0326947 13.7756 1.38617 2.07854
-0.0183962 13.7952 1.42985 1.95449
-0.00370076 13.8135 1.46954 1.83007
0.0113535 13.8305 1.50543 1.70528
0.0267304 13.8463 1.53769 1.58014
0.0423956 13.8609 1.56651 1.4547
0.0583165 13.8742 1.5921 1.329
0.0744629 13.8862 1.61464 1.2031
0.0908063 13.897 1.63434 1.07707
0.107321 13.9065 1.65142 0.950976
0.123981 13.9147 1.66609 0.824883
0.140767 13.9217 1.67855 0.698859
0.157657 13.9274 1.68903 0.572967
0.174635 13.9319 1.69773 0.447266
0.191683 13.9351 1.70488 0.321807
0.20879 13.9371 1.71067 0.196636
0.225943 13.9378 1.71533 0.0717878
0.243134 13.9373 1.71906 -0.0527109
0.260355 13.9355 1.72206 -0.176843
0.2776 13.9325 1.72453 -0.300602
0.294867 13.9283 1.72666 -0.42399
0.312153 13.9228 1.72863 -0.54702
0.329459 13.9161 1.73063 -0.669712
0.346787 13.9082 1.73281 -0.792092
0.364141 13.899 1.73534 -0.914195
0.381524 13.8887 1.73836 -1.03605
0.398944 13.8771 1.74201 -1.15771
0.416408 13.8643 1.74639 -1.27919
0.433924 13.8503 1.75161 -1.40051
0.451502 13.8351 1.75771 -1.52168
0.469149 13.8187 1.76475 -1.64269
0.486876 13.801 1.77272 -1.76347
0.504692 13.7822 1.78155 -1.88393
0.522603 13.7622 1.79115 -2.0039
0.540616 13.7409 1.80131 -2.12313
0.558734 13.7185 1.81176 -2.24127
0.576955 13.6949 1.82213 -2.35784
0.595274 13.6702 1.83189 -2.47222
0.613678 13.6444 1.8404 -2.58359
0.632147 13.6175 1.84685 -2.69095
0.650649 13.5895 1.85027 -2.7931
0.669145 13.5607 1.84954 -2.88863
0.687579 13.5309 1.8434 -2.97599
0.705884 13.5004 1.83054 -3.05352
0.72398 13.4692 1.80963 -3.1196
0.741775 13.4374 1.77945 -3.17275
0.759165 13.4053 1.73902 -3.21178
0.776042 13.373 1.68767 -3.23599
0.792293 13.3405 1.62515 -3.24519
0.80781 13.3081 1.55167 -3.23982
0.822488 13.2759 1.46783 -3.22085
0.836235 13.244 1.37463 -3.18972
0.848967 13.2125 1.27327 -3.14815
0.860618 13.1815 1.16509 -3.09799
0.871132 13.1511 1.05142 -3.04105
0.880468 13.1213 0.933551 -2.97901
0.888594 13.0922 0.812599 -2.91331
0.895489 13.0638 0.689535 -2.84515
0.901141 13.036 0.565156 -2.77546
0.905542 13.0089 0.440098 -2.70493
0.90869 12.9826 0.314857 -2.63402
0.910588 12.957 0.189803 -2.56302
0.91124 12.9321 0.06521 -2.49206
0.910653 12.9078 -0.0587266 -2.42118
0.908834 12.8843 -0.181874 -2.35028
0.905793 12.8616 -0.304144 -2.27922
0.901538 12.8395 -0.425484 -2.20782
0.896079 12.8181 -0.545868 -2.13583
0.889427 12.7975 -0.665286 -2.063
0.881589 12.7776 -0.783744 -1.98906
0.872577 12.7585 -0.901258 -1.91373
0.862398 12.7401 -1.01785 -1.83672
0.851063 12.7225 -1.13355 -1.75776
0.838579 12.7057 -1.24839 -1.67658
0.824955 12.6898 -1.36241 -1.59292
0.810198 12.6748 -1.47565 -1.50651
0.794316 12.6606 -1.58817 -1.41714
0.777316 12.6473 -1.70002 -1.32458
0.759204 12.635 -1.81125 -1.22864
0.739985 12.6238 -1.92193 -1.12915
0.719663 12.6135 -2.03213 -1.02597
0.698244 12.6043 -2.14191 -0.918985
0.675731 12.5962 -2.25134 -0.808138
0.652126 12.5893 -2.36048 -0.693407
0.627432 12.5835 -2.46936 -0.574834
0.601652 12.579 -2.57801 -0.452535
0.574788 12.5758 -2.68641 -0.326719
0.546843 12.5738 -2.79449 -0.197712
0.517822 12.5731 -2.90212 -0.0659864
0.487732 12.5738 -3.00903 0.0677994
0.456583 12.5758 -3.11486 0.202761
0.424393 12.5792 -3.21905 0.337733
0.391184 12.5839 -3.32084 0.471222
0.356992 12.5899 -3.41923 0.601352
0.321863 12.5972 -3.51291 0.725831
0.28586 12.6056 -3.60032 0.841953
0.249063 12.6151 -3.67961 0.946639
0.211576 12.6254 -3.74874 1.03656
0.17352 12.6365 -3.80564 1.10836
0.135036 12.6481 -3.84836 1.15892
0.0962831 12.66 -3.87529 1.18569
0.0574288 12.6718 -3.88543 1.18707
0.0186441 12.6835 -3.87847 1.16254
-0.019905 12.6946 -3.85491 1.11285
-0.0580643 12.705 -3.81593 1.03983
-0.0956968 12.7144 -3.76324 0.946146
-0.132685 12.7228 -3.69887 0.835019
-0.168934 12.7299 -3.6249 0.709831
-0.204368 12.7356 -3.54333 0.573868
-0.238927 12.7399 -3.4559 0.430125
-0.272568 12.7427 -3.3641 0.2812
-0.305259 12.744 -3.26908 0.129264
-0.336976 12.7438 -3.17172 -0.0239232
-0.367702 12.742 -3.07267 -0.176972
-0.397426 12.7387 -2.97234 -0.328808
-0.426136 12.734 -2.87101 -0.478616
-0.453824 12.7277 -2.76882 -0.62579
-0.480482 12.72 -2.66584 -0.769892
-0.506103 12.7109 -2.56206 -0.910614
-0.530677 12.7004 -2.45743 -1.04775
-0.554196 12.6886 -2.35188 -1.18119
-0.576649 12.6755 -2.24532 -1.31088
-0.598026 12.6611 -2.13767 -1.4368
-0.618314 12.6455 -2.02882 -1.55903
-0.637501 12.6288 -1.9187 -1.67763
-0.655573 12.6108 -1.80723 -1.79272
-0.672517 12.5918 -1.69434 -1.90446
-0.688317 12.5717 -1.57999 -2.01302
-0.702958 12.5505 -1.46413 -2.11858
-0.716425 12.5283 -1.34674 -2.22137
-0.728704 12.505 -1.22781 -2.32162
-0.739777 12.4808 -1.10734 -2.41956
-0.749631 12.4557 -0.985359 -2.51544
-0.75825 12.4296 -0.861898 -2.6095
-0.76562 12.4026 -0.737024 -2.70197
-0.771728 12.3746 -0.610827 -2.79307
-0.776562 12.3458 -0.483435 -2.88298
-0.780113 12.3161 -0.355018 -2.97183
-0.782371 12.2855 -0.225803 -3.05967
-0.783332 12.254 -0.0960915 -3.14646
-0.782994 12.2217 0.0337252 -3.23204
-0.781363 12.1886 0.163142 -3.31608
-0.778448 12.1546 0.291516 -3.39806
-0.774267 12.1198 0.418045 -3.47722
-0.76885 12.0843 0.541749 -3.55254
-0.762235 12.0481 0.661459 -3.6227
-0.754477 12.0112 0.77583 -3.68615
-0.745643 11.9738 0.883378 -3.74105
-0.735818 11.9359 0.982547 -3.78546
-0.725099 11.8978 1.07182 -3.81742
-0.713601 11.8594 1.14985 -3.83516
-0.701445 11.821 1.21562 -3.8373
-0.688759 11.7828 1.26855 -3.82299
-0.675673 11.7449 1.30861 -3.79211
-0.66231 11.7074 1.33631 -3.7452
-0.648783 11.6706 1.35267 -3.68348
-0.635193 11.6345 1.35906 -3.60862
-0.621622 11.5993 1.3571 -3.52259
-0.608137 11.565 1.34847 -3.42748
-0.594789 11.5317 1.3348 -3.32527
-0.581613 11.4996 1.31761 -3.21779
-0.568631 11.4685 1.29818 -3.10661
-0.555855 11.4386 1.27762 -2.99302
-0.543287 11.4098 1.2568 -2.87805
-0.530923 11.3822 1.23643 -2.76249
-0.518753 11.3557 1.21703 -2.64693
-0.506763 11.3304 1.19898 -2.53178
-0.494937 11.3062 1.18255 -2.4173
-0.483258 11.2832 1.16793 -2.30366
-0.471706 11.2613 1.15521 -2.19095
-0.460261 11.2405 1.14445 -2.07917
-0.448905 11.2208 1.13564 -1.96831
-0.437617 11.2022 1.12874 -1.85831
-0.42638 11.1847 1.12371 -1.74909
-0.415176 11.1683 1.12046 -1.64055
-0.403987 11.153 1.1189 -1.5326
-0.392798 11.1387 1.11891 -1.42512
-0.381594 11.1256 1.12038 -1.31801
-0.370362 11.1134 1.12318 -1.21116
-0.35909 11.1024 1.12719 -1.10448
-0.347767 11.0924 1.13227 -0.997874
-0.336385 11.0835 1.13828 -0.891243
-0.324934 11.0757 1.14507 -0.784509
-0.313409 11.0689 1.1525 -0.677599
-0.301805 11.0632 1.16041 -0.570445
-0.290118 11.0585 1.16865 -0.462988
-0.278348 11.055 1.17707 -0.355178
-0.266493 11.0525 1.1855 -0.246973
-0.254555 11.0511 1.19378 -0.138339
-0.242538 11.0509 1.20175 -0.0292507
-0.230445 11.0517 1.20923 0.0803103
-0.218285 11.0536 1.21605 0.190353
-0.206064 11.0566 1.22205 0.30088
-0.193794 11.0607 1.22704 0.411886
-0.181485 11.0659 1.23084 0.523359
-0.169153 11.0723 1.23328 0.635281
-0.156811 11.0797 1.23416 0.747629
-0.144478 11.0884 1.23331 0.860376
-0.132172 11.0981 1.23055 0.973489
-0.119916 11.109 1.22568 1.08693
-0.10773 11.121 1.21852 1.20067
-0.0956416 11.1341 1.20889 1.31468
-0.0836756 11.1484 1.1966 1.4289
-0.071861 11.1638 1.18146 1.54332
-0.0602278 11.1804 1.16332 1.65791
-0.0488081 11.1981 1.14197 1.77265
-0.0376356 11.217 1.11725 1.88752
-0.0267457 11.237 1.08899 2.00253
-0.0161755 11.2582 1.05702 2.1177
-0.00596374 11.2805 1.02118 2.23304
0.00384929 11.304 0.981303 2.34861
0.0132217 11.3287 0.937239 2.46448
0.02211 11.3545 0.888834 2.58075
0.0304694 11.3815 0.835938 2.69753
0.0382534 11.4096 0.778403 2.81499
0.0454143 11.4389 0.716084 2.93331
0.0519026 11.4695 0.648834 3.05271
0.0576677 11.5012 0.576508 3.17347
0.0626573 11.5342 0.498958 3.29588
0.0668176 11.5684 0.416036 3.42029
0.0700935 11.6038 0.32759 3.54712
0.0724282 11.6406 0.23347 3.67679
0.0737635 11.6787 0.133528 3.80979
0.0740398 11.7182 0.0276265 3.94663
0.0731963 11.759 -0.0843501 4.08786
0.0711715 11.8014 -0.202478 4.234
0.0679039 11.8452 -0.326763 4.38555
0.0633329 11.8907 -0.457094 4.5429
0.0574012 11.9377 -0.593173 4.70625
0.050057 11.9865 -0.734417 4.87545
0.0412589 12.037 -0.879809 5.04986
0.0309819 12.0893 -1.02771 5.22805
0.0192259 12.1433 -1.1756 5.40745
0.00602746 12.1992 -1.31984 5.584
-0.00852651 12.2567 -1.4554 5.75179
-0.0242846 12.3157 -1.57581 5.90296
-0.0410193 12.376 -1.67347 6.02804
-0.0584241 12.4372 -1.74048 6.11703
-0.0761249 12.4988 -1.77008 6.16133
-0.0937075 12.5604 -1.75827 6.15588
-0.110758 12.6214 -1.70502 6.10072
-0.126901 12.6814 -1.61435 6.0011
-0.141833 12.74 -1.49321 5.86599
-0.155331 12.7971 -1.34982 5.70581
-0.167252 12.8524 -1.1921 5.53041
-0.17752 12.9059 -1.02674 5.34784
-0.186108 12.9575 -0.858823 5.16399
-0.193028 13.0073 -0.69197 4.98275
-0.198314 13.0554 -0.528577 4.8064
-0.202015 13.1018 -0.370139 4.63608
-0.20419 13.1465 -0.217524 4.47215
-0.204902 13.1896 -0.0711829 4.31445
-0.204215 13.2313 0.0686993 4.16256
-0.202194 13.2714 0.202101 4.01589
-0.198903 13.3102 0.329093 3.87377
-0.194405 13.3475 0.449799 3.73555
-0.188761 13.3835 0.564366 3.60056
-0.182032 13.4182 0.67295 3.46821
-0.174275 13.4516 0.775705 3.33794
-0.165547 13.4837 0.872783 3.20925
-0.155904 13.5145 0.964331 3.08172
-0.145399 13.544 1.05049 2.95495
-0.134085 13.5723 1.1314 2.82863
-0.122013 13.5993 1.20721 2.70249
-0.109232 13.6251 1.27804 2.57629
-0.0957919 13.6496 1.34404 2.44987
-0.0817383 13.6728 1.40536 2.32309
-0.0671167 13.6948 1.46216 2.19586
-0.0519709 13.7155 1.51458 2.06809
-0.0363429 13.7349 1.5628 1.93977
-0.0202729 13.753 1.60699 1.81088
-0.0037995 13.7698 1.64734 1.68144
0.0130409 13.7853 1.68404 1.55148
0.0302136 13.7995 1.71727 1.42103
0.0476862 13.8124 1.74726 1.29017
0.0654283 13.824 1.77421 1.15895
0.0834117 13.8343 1.79834 1.02746
0.10161 13.8432 1.81986 0.895756
0.12 13.8509 1.83901 0.763923
0.138561 13.8572 1.85601 0.632031
0.157271 13.8622 1.87109 0.50015
0.176116 13.8659 1.88446 0.368341
0.19508 13.8683 1.89637 0.23666
0.21415 13.8693 1.90703 0.105155
0.233317 13.869 1.91666 -0.0261354
0.252572 13.8675 1.92548 -0.157183
0.271908 13.8646 1.93369 -0.287966
0.291323 13.8604 1.9415 -0.418473
0.310814 13.8549 1.94909 -0.548699
0.330381 13.8481 1.95665 -0.678645
0.350024 13.8401 1.96434 -0.808313
0.369747 13.8307 1.97232 -0.937706
0.389554 13.82 1.9807 -1.06682
0.40945 13.8081 1.98959 -1.19564
0.429441 13.7948 1.99907 -1.32413
0.449533 13.7803 2.00918 -1.45222
0.469732 13.7645 2.0199 -1.57982
0.490043 13.7474 2.03116 -1.70675
0.510472 13.7291 2.04283 -1.83277
0.531019 13.7095 2.05468 -1.95757
0.551682 13.6887 2.06639 -2.08067
0.572457 13.6667 2.0775 -2.20149
0.593332 13.6435 2.08743 -2.31925
0.614286 13.6192 2.09544 -2.43299
0.635292 13.5938 2.1006 -2.54154
0.656311 13.5673 2.10185 -2.64353
0.67729 13.54 2.09797 -2.7374
0.698167 13.5117 2.08765 -2.8215
0.718862 13.4828 2.06955 -2.89415
0.739286 13.4533 2.0424 -2.95376
0.759338 13.4233 2.00512 -2.99907
0.778907 13.393 1.95696 -3.02919
0.797883 13.3625 1.89754 -3.04384
0.816152 13.3321 1.82698 -3.04332
0.83361 13.3018 1.74581 -3.02856
0.85016 13.2718 1.65496 -3.00098
0.865717 13.2422 1.55564 -2.96236
0.880209 13.213 1.44923 -2.91465
0.89358 13.1844 1.3371 -2.85982
0.905786 13.1564 1.2206 -2.79969
0.916795 13.1291 1.1009 -2.73586
0.926585 13.1024 0.979026 -2.66969
0.935143 13.0764 0.855826 -2.60222
0.942463 13.051 0.731964 -2.53425
0.948542 13.0264 0.60795 -2.46634
0.953384 13.0024 0.484167 -2.39886
0.956993 12.9791 0.360885 -2.33198
0.959376 12.9564 0.238293 -2.26577
0.960541 12.9344 0.116511 -2.2002
0.960497 12.913 -0.00438917 -2.13512
0.959253 12.8923 -0.124374 -2.07037
0.956819 12.8723 -0.243436 -2.00572
0.953203 12.8529 -0.361584 -1.94091
0.948415 12.8341 -0.478844 -1.87568
0.942462 12.816 -0.595248 -1.80972
0.935354 12.7986 -0.710833 -1.74276
0.927097 12.7818 -0.825643 -1.67449
0.9177 12.7658 -0.939724 -1.60462
0.907169 12.7505 -1.05312 -1.53286
0.89551 12.7359 -1.16589 -1.45893
0.882729 12.7221 -1.27809 -1.38255
0.868832 12.709 -1.38976 -1.30347
0.853822 12.6968 -1.50098 -1.22143
0.837704 12.6854 -1.61181 -1.1362
0.820481 12.675 -1.72231 -1.04758
0.802155 12.6654 -1.83257 -0.955352
0.782728 12.6568 -1.94265 -0.859364
0.762202 12.6492 -2.05264 -0.759468
0.740576 12.6427 -2.16261 -0.655559
0.71785 12.6372 -2.27263 -0.547575
0.694022 12.6328 -2.38277 -0.435503
0.669091 12.6296 -2.49307 -0.319402
0.643056 12.6277 -2.60352 -0.199413
0.615915 12.6269 -2.7141 -0.0757856
0.587668 12.6274 -2.82469 0.0510902
0.558317 12.6292 -2.93509 0.18065
0.527867 12.6323 -3.04496 0.312106
0.496329 12.6368 -3.15381 0.444397
0.46372 12.6425 -3.26091 0.576126
0.430067 12.6496 -3.3653 0.705501
0.39541 12.6579 -3.46573 0.83029
0.359804 12.6674 -3.56061 0.947799
0.323323 12.6779 -3.64807 1.05489
0.286064 12.6894 -3.72597 1.14811
0.248143 12.7016 -3.79209 1.22385
0.2097 12.7144 -3.84425 1.27864
0.170894 12.7275 -3.8806 1.30956
0.131896 12.7407 -3.89986 1.31454
0.0928806 12.7536 -3.90149 1.29271
0.0540227 12.766 -3.8858 1.24449
0.0154838 12.7778 -3.85388 1.17154
-0.0225908 12.7885 -3.80746 1.07652
-0.060077 12.7981 -3.74863 0.962692
-0.0968729 12.8065 -3.67959 0.83361
-0.132898 12.8134 -3.60248 0.69274
-0.16809 12.8188 -3.51918 0.543264
-0.202402 12.8227 -3.43128 0.387951
-0.235803 12.825 -3.34002 0.229116
-0.268266 12.8257 -3.24634 0.0686297
-0.299775 12.8248 -3.15092 -0.0920301
-0.330317 12.8223 -3.0542 -0.251723
-0.359882 12.8182 -2.95646 -0.409583
-0.38846 12.8125 -2.85782 -0.564967
-0.416043 12.8053 -2.75834 -0.717405
-0.442623 12.7967 -2.65798 -0.866561
-0.46819 12.7866 -2.55668 -1.01221
-0.492733 12.775 -2.45432 -1.15421
-0.516241 12.7621 -2.3508 -1.29248
-0.538701 12.7478 -2.246 -1.42701
-0.560099 12.7322 -2.13979 -1.55782
-0.58042 12.7154 -2.03207 -1.68497
-0.599647 12.6973 -1.92274 -1.80857
-0.617765 12.678 -1.81172 -1.92873
-0.634754 12.6576 -1.69892 -2.04563
-0.650597 12.636 -1.5843 -2.15945
-0.665275 12.6133 -1.46781 -2.27039
-0.678769 12.5895 -1.34943 -2.37867
-0.691061 12.5646 -1.22915 -2.48455
-0.70213 12.5387 -1.10698 -2.58826
-0.71196 12.5118 -0.982943 -2.69008
-0.720531 12.4839 -0.857094 -2.79026
-0.727826 12.4551 -0.729511 -2.88903
-0.733829 12.4252 -0.600305 -2.98663
-0.738525 12.3944 -0.469632 -3.08323
-0.741902 12.3626 -0.337701 -3.17894
-0.74395 12.3298 -0.204795 -3.2738
-0.744663 12.2962 -0.0712871 -3.3677
-0.74404 12.2615 0.0623335 -3.4604
-0.742086 12.226 0.195432 -3.55144
-0.738814 12.1896 0.327199 -3.64011
-0.734247 12.1524 0.456624 -3.72544
-0.728423 12.1143 0.58247 -3.80608
-0.72139 12.0755 0.703278 -3.88038
-0.713216 12.0361 0.817383 -3.94635
-0.703986 11.996 0.922985 -4.00179
-0.693804 11.9556 1.01826 -4.04438
-0.682789 11.9149 1.1015 -4.07193
-0.671075 11.874 1.17134 -4.08263
-0.658806 11.8333 1.22687 -4.07524
-0.646128 11.7928 1.26786 -4.04935
-0.633181 11.7527 1.2947 -4.00539
-0.620096 11.7133 1.30846 -3.94462
-0.606989 11.6746 1.31068 -3.86893
-0.593957 11.6368 1.30323 -3.78062
-0.581076 11.6 1.28809 -3.68211
-0.568404 11.5642 1.26721 -3.5758
-0.555981 11.5296 1.24234 -3.46383
-0.54383 11.4961 1.21504 -3.34804
-0.531964 11.4638 1.18659 -3.22996
-0.520384 11.4327 1.15802 -3.11077
-0.509083 11.4028 1.13013 -2.99137
-0.498048 11.3741 1.10351 -2.8724
-0.487262 11.3465 1.0786 -2.75431
-0.476705 11.3201 1.0557 -2.63738
-0.466355 11.2949 1.035 -2.52178
-0.456189 11.2708 1.01661 -2.40757
-0.446183 11.2479 1.00059 -2.29477
-0.436314 11.2261 0.986921 -2.18332
-0.426558 11.2053 0.975578 -2.07315
-0.416893 11.1857 0.966496 -1.96415
-0.407297 11.1671 0.959588 -1.8562
-0.397749 11.1496 0.954757 -1.74919
-0.38823 11.1332 0.95189 -1.64299
-0.378722 11.1178 0.950868 -1.53747
-0.369206 11.1035 0.951566 -1.4325
-0.359668 11.0902 0.953853 -1.32798
-0.350092 11.078 0.957594 -1.22379
-0.340465 11.0668 0.962652 -1.11981
-0.330776 11.0566 0.968886 -1.01596
-0.321015 11.0475 0.976154 -0.912147
-0.311172 11.0394 0.98431 -0.808277
-0.30124 11.0324 0.993207 -0.70428
-0.291213 11.0264 1.0027 -0.600087
-0.281086 11.0214 1.01263 -0.495639
-0.270858 11.0175 1.02284 -0.390884
-0.260526 11.0147 1.03319 -0.285777
-0.250091 11.0129 1.04351 -0.180283
-0.239555 11.0121 1.05364 -0.074372
-0.22892 11.0124 1.06342 0.0319768
-0.218194 11.0138 1.07268 0.138778
-0.207381 11.0163 1.08126 0.246038
-0.196491 11.0198 1.08899 0.353759
-0.185534 11.0244 1.09569 0.461934
-0.174522 11.0301 1.10118 0.570554
-0.163469 11.0369 1.10531 0.679601
-0.15239 11.0448 1.10788 0.789056
-0.141303 11.0538 1.10872 0.898893
-0.130227 11.0639 1.10766 1.00909
-0.119182 11.0751 1.1045 1.11961
-0.108191 11.0874 1.09908 1.23043
-0.0972786 11.1008 1.09122 1.34151
-0.0864712 11.1154 1.08074 1.45284
-0.0757966 11.131 1.06746 1.56439
-0.0652845 11.1478 1.05121 1.67614
-0.0549664 11.1656 1.03181 1.78808
-0.0448753 11.1846 1.00911 1.90021
-0.035046 11.2048 0.982929 2.01254
-0.0255149 11.226 0.953108 2.12509
-0.01632 11.2484 0.919486 2.23789
-0.00750098 11.2719 0.881907 2.35102
0.000901193 11.2966 0.840217 2.46454
0.00884384 11.3223 0.794264 2.57856
0.0162828 11.3493 0.743899 2.6932
0.0231726 11.3774 0.688973 2.80863
0.0294659 11.4066 0.629338 2.92505
0.0351144 11.437 0.564845 3.04267
0.0400678 11.4687 0.495345 3.16176
0.0442747 11.5015 0.420683 3.28264
0.0476817 11.5355 0.340705 3.40566
0.0502342 11.5709 0.255252 3.53122
0.0518759 11.6074 0.164163 3.65975
0.0525487 11.6454 0.06728 3.79174
0.0521932 11.6846 -0.035548 3.92772
0.0507486 11.7253 -0.144453 4.06821
0.0481533 11.7675 -0.259531 4.21376
0.0443452 11.8111 -0.380811 4.36487
0.0392631 11.8563 -0.508212 4.52195
0.0328484 11.9032 -0.641474 4.68523
0.0250478 11.9517 -0.780061 4.85461
0.0158176 12.002 -0.923017 5.02951
0.00512984 12.0541 -1.06878 5.20856
-0.00701931 12.108 -1.21491 5.3893
-0.0205981 12.1637 -1.35788 5.56779
-0.0355254 12.2211 -1.49273 5.73824
-0.0516559 12.28 -1.61305 5.89283
-0.068768 12.3402 -1.71121 6.02206
-0.0865596 12.4014 -1.77916 6.11576
-0.104658 12.463 -1.80986 6.16495
-0.122648 12.5247 -1.79894 6.16412
-0.140108 12.5858 -1.74603 6.11286
-0.156657 12.646 -1.65491 6.01614
-0.171982 12.7048 -1.53248 5.88291
-0.185852 12.762 -1.38705 5.72372
-0.198119 12.8175 -1.2267 5.54866
-0.208702 12.8712 -1.05829 5.36605
-0.217573 12.923 -0.887075 5.18197
-0.224741 12.973 -0.71677 5.00046
-0.230239 13.0212 -0.549845 4.82388
-0.234117 13.0678 -0.387839 4.65342
-0.236434 13.1127 -0.23164 4.48944
-0.237251 13.156 -0.0817085 4.33179
-0.236633 13.1978 0.0617672 4.18004
-0.234646 13.2381 0.198766 4.03356
-0.231352 13.277 0.329361 3.89167
-0.226815 13.3146 0.453678 3.75368
-0.221097 13.3508 0.571862 3.61892
-0.214256 13.3856 0.68407 3.48675
-0.206351 13.4192 0.790455 3.35661
-0.19744 13.4515 0.891165 3.22797
-0.187576 13.4825 0.986345 3.10038
-0.176815 13.5122 1.07613 2.97344
-0.165208 13.5407 1.16066 2.84682
-0.152808 13.5679 1.24007 2.72023
-0.139663 13.5938 1.31448 2.59344
-0.125822 13.6185 1.38404 2.46625
-0.111333 13.6419 1.4489 2.33853
-0.0962415 13.664 1.50919 2.21017
-0.0805907 13.6848 1.56508 2.08109
-0.0644233 13.7043 1.61674 1.95128
-0.04778 13.7225 1.66433 1.8207
-0.0306996 13.7394 1.70804 1.68938
-0.013219 13.755 1.74806 1.55734
0.00462704 13.7692 1.7846 1.42464
0.0228057 13.7821 1.81786 1.29134
0.0412863 13.7937 1.84806 1.1575
0.0600406 13.8039 1.87543 1.0232
0.0790424 13.8128 1.90018 0.888525
0.098268 13.8203 1.92256 0.753548
0.117696 13.8265 1.94279 0.618347
0.137307 13.8314 1.96112 0.482994
0.157085 13.8348 1.97778 0.347556
0.177015 13.837 1.99301 0.212093
0.197086 13.8377 2.00704 0.0766528
0.217287 13.8371 2.0201 -0.0587217
0.237611 13.8352 2.03242 -0.193999
0.258053 13.8319 2.04421 -0.329157
0.27861 13.8273 2.05569 -0.46418
0.29928 13.8213 2.06704 -0.599059
0.320065 13.8139 2.07846 -0.733788
0.340966 13.8052 2.09011 -0.868361
0.361987 13.7952 2.10214 -1.00277
0.383134 13.7839 2.11466 -1.13698
0.404412 13.7711 2.12777 -1.27095
0.425827 13.7571 2.14151 -1.40461
0.447386 13.7417 2.15587 -1.53783
0.469094 13.725 2.1708 -1.67042
0.490955 13.707 2.18612 -1.80212
0.512971 13.6877 2.20162 -1.93252
0.53514 13.6671 2.21691 -2.06113
0.557455 13.6452 2.23151 -2.18725
0.579903 13.6221 2.24474 -2.30999
0.60246 13.5978 2.25577 -2.42825
0.625096 13.5724 2.26356 -2.54067
0.647765 13.5459 2.2669 -2.64568
0.670409 13.5185 2.26441 -2.74151
0.692955 13.4903 2.25462 -2.82629
0.715316 13.4613 2.23607 -2.89814
0.73739 13.4317 2.2074 -2.9554
0.759065 13.4018 2.16752 -2.99675
0.780222 13.3715 2.11574 -3.02145
0.800741 13.3412 2.05186 -3.02943
0.820503 13.311 1.97621 -3.02135
0.839399 13.281 1.88962 -2.99854
0.857332 13.2514 1.79329 -2.9628
0.874219 13.2223 1.68869 -2.91631
0.889993 13.1936 1.57737 -2.86128
0.904601 13.1656 1.46087 -2.7999
0.918007 13.1383 1.34058 -2.73409
0.930184 13.1116 1.21772 -2.66551
0.941117 13.0857 1.09328 -2.59549
0.950798 13.0604 0.968069 -2.52505
0.959225 13.0359 0.842694 -2.45491
0.966401 13.012 0.717606 -2.38557
0.972332 12.9889 0.593123 -2.31731
0.977027 12.9664 0.469458 -2.25026
0.980494 12.9445 0.346745 -2.18441
0.982745 12.9233 0.225058 -2.11968
0.983789 12.9028 0.104427 -2.05589
0.983637 12.8828 -0.0151497 -1.99283
0.982301 12.8635 -0.133694 -1.93023
0.979788 12.8449 -0.251242 -1.86782
0.97611 12.8268 -0.36784 -1.8053
0.971274 12.8094 -0.483539 -1.74236
0.96529 12.7926 -0.598393 -1.67869
0.958166 12.7765 -0.712458 -1.61397
0.949908 12.761 -0.825791 -1.54791
0.940523 12.7462 -0.938449 -1.48018
0.930018 12.7321 -1.05049 -1.4105
0.918399 12.7187 -1.16198 -1.33856
0.905669 12.706 -1.27297 -1.2641
0.891834 12.6942 -1.38354 -1.18684
0.876896 12.6831 -1.49376 -1.10652
0.860859 12.6729 -1.60369 -1.0229
0.843725 12.6635 -1.71343 -0.935746
0.825494 12.6551 -1.82305 -0.844858
0.806168 12.6476 -1.93265 -0.750043
0.785745 12.6411 -2.04232 -0.651139
0.764223 12.6356 -2.15217 -0.548012
0.7416 12.6312 -2.26227 -0.440568
0.717873 12.6279 -2.37272 -0.32876
0.693037 12.6258 -2.48359 -0.212603
0.667088 12.6248 -2.59492 -0.0921888
0.640021 12.6252 -2.7067 0.0322867
0.611832 12.6268 -2.81887 0.160495
0.58252 12.6297 -2.93126 0.291937
0.552084 12.6339 -3.04359 0.42589
0.52053 12.6396 -3.1554 0.561351
0.48787 12.6465 -3.26601 0.696972
0.454125 12.6548 -3.37446 0.83098
0.41933 12.6644 -3.4795 0.961123
0.383535 12.6753 -3.57949 1.08462
0.346811 12.6873 -3.67244 1.19817
0.30925 12.7003 -3.75606 1.29804
0.270971 12.7141 -3.82787 1.38027
0.232117 12.7285 -3.88541 1.44096
0.192852 12.7432 -3.92654 1.47671
0.153355 12.7581 -3.94969 1.48507
0.113813 12.7727 -3.95416 1.46485
0.0744116 12.7869 -3.94017 1.41637
0.0353225 12.8003 -3.90891 1.34138
-0.00329997 12.8127 -3.86225 1.24275
-0.0413253 12.824 -3.80254 1.12411
-0.0786476 12.8339 -3.73223 0.989339
-0.115184 12.8423 -3.65368 0.842264
-0.150874 12.8492 -3.56898 0.686345
-0.185673 12.8544 -3.47985 0.524561
-0.219549 12.858 -3.38761 0.359372
-0.252481 12.8599 -3.29326 0.192741
-0.284456 12.8602 -3.19749 0.0261901
-0.315464 12.8588 -3.10075 -0.13912
-0.345497 12.8558 -3.00327 -0.302326
-0.374548 12.8511 -2.90518 -0.462795
-0.402613 12.8449 -2.80647 -0.620073
-0.429684 12.8372 -2.7071 -0.773845
-0.455753 12.828 -2.60694 -0.9239
-0.480812 12.8173 -2.50587 -1.07011
-0.504849 12.8051 -2.40373 -1.21241
-0.527853 12.7916 -2.30038 -1.3508
-0.54981 12.7768 -2.19567 -1.4853
-0.570705 12.7606 -2.08946 -1.61598
-0.590521 12.7432 -1.98162 -1.74294
-0.609241 12.7245 -1.87206 -1.86632
-0.626848 12.7047 -1.76066 -1.98627
-0.643322 12.6836 -1.64736 -2.10299
-0.658643 12.6615 -1.53209 -2.21668
-0.672791 12.6382 -1.41481 -2.32758
-0.685745 12.6138 -1.29548 -2.43593
-0.697486 12.5884 -1.17409 -2.54201
-0.707993 12.562 -1.05064 -2.64611
-0.717244 12.5345 -0.925157 -2.7485
-0.725221 12.506 -0.797677 -2.84948
-0.731904 12.4765 -0.668269 -2.94933
-0.737274 12.446 -0.537032 -3.04831
-0.741315 12.4145 -0.40411 -3.14662
-0.744012 12.3821 -0.2697 -3.24441
-0.745353 12.3487 -0.134075 -3.34175
-0.745329 12.3143 0.00239574 -3.43856
-0.743937 12.2789 0.139219 -3.53461
-0.741179 12.2426 0.275742 -3.62943
-0.737068 12.2054 0.411118 -3.72228
-0.731625 12.1673 0.544269 -3.8121
-0.724887 12.1283 0.673861 -3.89744
-0.716904 12.0886 0.798289 -3.97646
-0.707747 12.0481 0.915705 -4.04693
-0.697506 12.007 1.02408 -4.10635
-0.686293 11.9655 1.12135 -4.15209
-0.674237 11.9237 1.20559 -4.18163
-0.661484 11.8818 1.27522 -4.19288
-0.648192 11.8399 1.32925 -4.18449
-0.634518 11.7984 1.36744 -4.15603
-0.620614 11.7573 1.39034 -4.10808
-0.606622 11.7169 1.39922 -4.04218
-0.592663 11.6772 1.39589 -3.96057
-0.578838 11.6386 1.3825 -3.8659
-0.565225 11.601 1.36129 -3.76093
-0.551881 11.5645 1.33441 -3.64829
-0.538843 11.5292 1.30379 -3.53032
-0.526133 11.4951 1.27105 -3.40898
-0.513757 11.4622 1.23754 -3.28583
-0.501714 11.4306 1.20429 -3.16208
-0.489993 11.4002 1.17212 -3.03861
-0.478577 11.3711 1.14159 -2.91602
-0.467446 11.3431 1.11311 -2.79472
-0.456577 11.3164 1.08695 -2.67495
-0.445944 11.2908 1.06327 -2.55683
-0.435523 11.2664 1.04216 -2.44038
-0.425286 11.2432 1.02363 -2.32557
-0.415209 11.221 1.00767 -2.21231
-0.405267 11.2 0.994208 -2.10051
-0.395436 11.1801 0.983167 -1.99003
-0.385691 11.1613 0.974444 -1.88073
-0.376012 11.1436 0.967926 -1.77247
-0.366377 11.1269 0.96349 -1.66511
-0.356767 11.1114 0.961004 -1.55851
-0.347164 11.0968 0.960335 -1.45254
-0.33755 11.0834 0.961342 -1.34707
-0.327911 11.0709 0.963884 -1.24198
-0.318233 11.0596 0.967816 -1.13715
-0.308503 11.0492 0.972993 -1.0325
-0.298711 11.04 0.979267 -0.927907
-0.288846 11.0317 0.986487 -0.823302
-0.278901 11.0245 0.994503 -0.718603
-0.268869 11.0184 1.00316 -0.613743
-0.258746 11.0133 1.01231 -0.50866
-0.248528 11.0093 1.02178 -0.403304
-0.238214 11.0063 1.03143 -0.297631
-0.227803 11.0044 1.04109 -0.191605
-0.217297 11.0035 1.05059 -0.0852006
-0.206699 11.0038 1.05978 0.021603
-0.196015 11.005 1.06848 0.128818
-0.185249 11.0074 1.07652 0.236448
-0.174412 11.0109 1.08374 0.344493
-0.163513 11.0154 1.08995 0.452943
-0.152563 11.021 1.09499 0.561786
-0.141576 11.0277 1.09868 0.671002
-0.130567 11.0355 1.10084 0.780568
-0.119555 11.0444 1.10128 0.890457
-0.108556 11.0544 1.09984 1.00064
-0.0975929 11.0655 1.09633 1.11108
-0.0866872 11.0778 1.09057 1.22175
-0.0758633 11.0911 1.08239 1.33262
-0.0651472 11.1055 1.07161 1.44366
-0.0545666 11.1211 1.05805 1.55483
-0.0441512 11.1377 1.04154 1.66613
-0.033932 11.1555 1.02192 1.77754
-0.023942 11.1744 0.999 1.88905
-0.0142157 11.1944 0.972633 2.00067
-0.00478918 11.2155 0.942652 2.11242
0.00429982 11.2378 0.9089 2.22434
0.013012 11.2611 0.871222 2.33649
0.0213067 11.2856 0.829467 2.44893
0.0291416 11.3112 0.783486 2.56178
0.0364729 11.338 0.733131 2.67515
0.0432554 11.3659 0.678256 2.78921
0.0494426 11.3949 0.618715 2.90414
0.0549862 11.4251 0.554362 3.02018
0.0598367 11.4565 0.485047 3.13759
0.0639429 11.4891 0.410618 3.25668
0.067252 11.5229 0.330916 3.3778
0.0697098 11.5579 0.245778 3.50135
0.0712602 11.5941 0.155039 3.62779
0.0718454 11.6317 0.0585251 3.75761
0.0714061 11.6706 -0.0439326 3.89135
0.0698811 11.7109 -0.152496 4.02957
0.0672081 11.7527 -0.267303 4.17288
0.0633236 11.7959 -0.388447 4.32183
0.0581643 11.8406 -0.515937 4.47695
0.0516679 11.887 -0.649642 4.63863
0.0437758 11.9351 -0.789204 4.80698
0.0344367 11.9849 -0.933915 4.98174
0.0236113 12.0365 -1.08253 5.16198
0.0112808 12.09 -1.23306 5.34576
-0.00254334 12.1453 -1.38241 5.52982
-0.0178051 12.2024 -1.52618 5.70904
-0.0343886 12.2611 -1.65835 5.87619
-0.0521024 12.3214 -1.77138 6.02195
-0.0706704 12.3827 -1.8568 6.13559
-0.0897346 12.4448 -1.90642 6.2067
-0.108876 12.5071 -1.91414 6.22747
-0.127653 12.569 -1.87769 6.19506
-0.145647 12.6301 -1.79937 6.11257
-0.162501 12.69 -1.68545 5.98815
-0.177945 12.7484 -1.54442 5.83274
-0.191797 12.8049 -1.38515 5.65752
-0.203951 12.8596 -1.21542 5.47208
-0.214364 12.9125 -1.04134 5.28367
-0.223038 12.9635 -0.867306 5.09722
-0.23 13.0126 -0.696255 4.91571
-0.2353 13.06 -0.530019 4.74069
-0.238997 13.1057 -0.36966 4.57272
-0.241154 13.1499 -0.215728 4.41177
-0.241839 13.1924 -0.0684434 4.2574
-0.241117 13.2335 0.0721656 4.10899
-0.239055 13.2732 0.206185 3.96581
-0.235717 13.3115 0.333758 3.82713
-0.231167 13.3484 0.455056 3.6922
-0.225464 13.384 0.570253 3.56035
-0.218669 13.4183 0.679523 3.43095
-0.210839 13.4513 0.783029 3.30343
-0.20203 13.4831 0.880928 3.17729
-0.192296 13.5136 0.973364 3.05208
-0.181691 13.5429 1.06048 2.92742
-0.170267 13.5709 1.14241 2.80299
-0.158074 13.5977 1.21928 2.67851
-0.145162 13.6232 1.29123 2.55376
-0.131578 13.6475 1.3584 2.42857
-0.117369 13.6706 1.42093 2.3028
-0.102579 13.6923 1.47896 2.17635
-0.0872525 13.7128 1.53266 2.04917
-0.0714307 13.732 1.58218 1.92123
-0.0551537 13.75 1.6277 1.79251
-0.0384596 13.7666 1.6694 1.66303
-0.0213849 13.7819 1.70747 1.53283
-0.0039638 13.7959 1.74211 1.40196
0.0137715 13.8086 1.77353 1.27048
0.0317909 13.82 1.80194 1.13846
0.0500664 13.8301 1.82756 1.00598
0.0685725 13.8388 1.85061 0.873118
0.0872859 13.8462 1.87134 0.73995
0.106185 13.8523 1.88996 0.606552
0.125253 13.857 1.90672 0.472995
0.144471 13.8604 1.92184 0.339345
0.163827 13.8625 1.93558 0.205656
0.183308 13.8632 1.94815 0.0719764
0.202906 13.8626 1.95979 -0.0616582
0.222614 13.8606 1.97073 -0.195221
0.242426 13.8573 1.98119 -0.328698
0.262339 13.8527 1.99138 -0.462083
0.282354 13.8467 2.0015 -0.595378
0.302472 13.8395 2.01176 -0.728596
0.322695 13.8308 2.02233 -0.861749
0.343029 13.8209 2.03338 -0.994853
0.36348 13.8096 2.04505 -1.12792
0.384054 13.797 2.05746 -1.26094
0.404761 13.7831 2.07071 -1.3939
0.42561 13.7678 2.08483 -1.52675
0.446608 13.7512 2.09983 -1.65938
0.467764 13.7333 2.11563 -1.79162
0.489085 13.7141 2.1321 -1.92324
0.510575 13.6935 2.14898 -2.05386
0.532234 13.6717 2.16591 -2.18298
0.554058 13.6486 2.18237 -2.30991
0.576035 13.6243 2.19769 -2.43377
0.598145 13.5987 2.21099 -2.55341
0.620356 13.572 2.22119 -2.66745
0.642627 13.5443 2.22701 -2.77424
0.664897 13.5156 2.227 -2.8719
0.687092 13.486 2.21957 -2.95843
0.709124 13.4557 2.20313 -3.03182
0.730886 13.4248 2.17623 -3.09023
0.752262 13.3935 2.13764 -3.13222
0.773128 13.3619 2.0866 -3.15694
0.793357 13.3302 2.02286 -3.16426
0.812824 13.2987 1.94676 -3.15485
0.831416 13.2674 1.85918 -3.13009
0.84903 13.2365 1.76141 -3.09192
0.86558 13.206 1.65501 -3.04263
0.880997 13.1762 1.54165 -2.98458
0.895226 13.147 1.42296 -2.92004
0.908231 13.1185 1.30042 -2.85106
0.919984 13.0907 1.1753 -2.77935
0.93047 13.0636 1.04865 -2.70627
0.939683 13.0373 0.921297 -2.63286
0.947622 13.0117 0.79387 -2.55986
0.95429 12.9868 0.666826 -2.48773
0.959695 12.9627 0.540489 -2.41675
0.963846 12.9392 0.415072 -2.34702
0.966753 12.9164 0.290708 -2.27853
0.968427 12.8943 0.167469 -2.21115
0.968881 12.8728 0.0453827 -2.14469
0.968126 12.8521 -0.0755535 -2.07891
0.966172 12.8319 -0.195363 -2.01354
0.963031 12.8124 -0.314082 -1.94829
0.958714 12.7936 -0.431756 -1.88283
0.953229 12.7754 -0.548436 -1.81686
0.946588 12.7579 -0.664174 -1.75004
0.938797 12.7411 -0.779024 -1.68205
0.929867 12.725 -0.893043 -1.61258
0.919804 12.7096 -1.00629 -1.54132
0.908616 12.6949 -1.11881 -1.46796
0.896309 12.681 -1.23068 -1.3922
0.88289 12.6678 -1.34196 -1.31378
0.868362 12.6555 -1.45271 -1.23241
0.852732 12.644 -1.56301 -1.14784
0.836003 12.6334 -1.67293 -1.05983
0.818177 12.6238 -1.78256 -0.968155
0.799257 12.615 -1.892 -0.872609
0.779244 12.6073 -2.00134 -0.773009
0.758137 12.6006 -2.11068 -0.669198
0.735936 12.595 -2.22013 -0.561049
0.712638 12.5905 -2.32979 -0.448476
0.688241 12.5872 -2.43975 -0.331439
0.66274 12.5851 -2.55011 -0.209963
0.63613 12.5843 -2.66091 -0.0841527
0.608409 12.5847 -2.77215 0.0457816
0.579571 12.5865 -2.88378 0.179492
0.549615 12.5897 -2.99563 0.316451
0.518541 12.5942 -3.10741 0.455898
0.486354 12.6002 -3.21865 0.596781
0.453068 12.6076 -3.32864 0.737675
0.418704 12.6164 -3.43637 0.876714
0.383299 12.6265 -3.54052 1.01152
0.346906 12.6379 -3.63934 1.13914
0.309598 12.6504 -3.73073 1.2561
0.271476 12.664 -3.81227 1.35847
0.232662 12.6784 -3.88135 1.44208
0.193308 12.6935 -3.93541 1.5029
0.153586 12.7088 -3.97225 1.53748
0.113682 12.7243 -3.99036 1.54341
0.0737908 12.7395 -3.98912 1.51972
0.0341009 12.7541 -3.96899 1.46701
-0.0052125 12.768 -3.93134 1.38739
-0.0439956 12.7808 -3.87831 1.2841
-0.0821198 12.7925 -3.81242 1.16107
-0.119482 12.8027 -3.73627 1.02243
-0.156006 12.8114 -3.65232 0.872144
-0.191632 12.8185 -3.56268 0.713741
-0.226323 12.824 -3.46906 0.550214
-0.260051 12.8279 -3.37277 0.383994
-0.292799 12.8301 -3.27478 0.216992
-0.324556 12.8306 -3.17573 0.0506704
-0.355316 12.8294 -3.07602 -0.113875
-0.385075 12.8267 -2.97587 -0.275842
-0.413828 12.8223 -2.87535 -0.434654
-0.441573 12.8164 -2.77446 -0.589911
-0.468304 12.809 -2.67311 -0.741342
-0.494016 12.8001 -2.57118 -0.888779
-0.518701 12.7898 -2.46852 -1.03213
-0.542351 12.7781 -2.36497 -1.17137
-0.564955 12.765 -2.26039 -1.3065
-0.586501 12.7506 -2.15462 -1.4376
-0.606976 12.735 -2.04752 -1.56474
-0.626366 12.7181 -1.93897 -1.68807
-0.644654 12.7 -1.82885 -1.80772
-0.661825 12.6808 -1.71707 -1.92387
-0.67786 12.6604 -1.60355 -2.03673
-0.692743 12.639 -1.48823 -2.14651
-0.706453 12.6164 -1.37105 -2.25348
-0.718973 12.5928 -1.25198 -2.35788
-0.730283 12.5682 -1.13099 -2.46001
-0.740364 12.5426 -1.00808 -2.56015
-0.749196 12.5161 -0.883261 -2.65862
-0.756762 12.4885 -0.756548 -2.75571
-0.763042 12.46 -0.62799 -2.85173
-0.768018 12.4305 -0.49766 -2.94695
-0.771675 12.4001 -0.365666 -3.04161
-0.773997 12.3687 -0.232162 -3.13591
-0.77497 12.3364 -0.0973642 -3.22996
-0.774586 12.3032 0.0384281 -3.32377
-0.772838 12.269 0.174808 -3.41719
-0.769726 12.2339 0.311228 -3.50987
-0.765256 12.1979 0.446967 -3.60124
-0.759445 12.161 0.581092 -3.69038
-0.752321 12.1233 0.712424 -3.77605
-0.743926 12.0847 0.83952 -3.8566
-0.734319 12.0454 0.960672 -3.92999
-0.723579 12.0055 1.07395 -3.99383
-0.711806 11.965 1.17732 -4.04551
-0.699119 11.9242 1.26876 -4.08242
-0.685654 11.8832 1.3465 -4.1022
-0.671561 11.8421 1.40926 -4.10307
-0.656997 11.8013 1.45638 -4.08408
-0.642117 11.7608 1.48803 -4.04531
-0.627066 11.7209 1.50509 -3.98779
-0.611975 11.6818 1.50912 -3.91342
-0.596954 11.6436 1.50212 -3.82465
-0.582091 11.6063 1.48627 -3.72419
-0.567454 11.5702 1.46375 -3.61475
-0.553088 11.5352 1.43658 -3.49879
-0.539022 11.5014 1.40653 -3.37845
-0.525272 11.4689 1.37507 -3.25549
-0.511838 11.4375 1.34335 -3.13127
-0.498716 11.4075 1.31227 -3.00681
-0.48589 11.3786 1.28251 -2.88285
-0.473345 11.351 1.25455 -2.75988
-0.461058 11.3247 1.22869 -2.63822
-0.449007 11.2995 1.20515 -2.51804
-0.437166 11.2755 1.18404 -2.3994
-0.425512 11.2527 1.1654 -2.2823
-0.41402 11.231 1.14922 -2.16668
-0.402666 11.2105 1.13544 -2.05243
-0.391426 11.1911 1.124 -1.93946
-0.380278 11.1728 1.1148 -1.82761
-0.3692 11.1556 1.10771 -1.71675
-0.358174 11.1396 1.10262 -1.60674
-0.34718 11.1246 1.0994 -1.49745
-0.336201 11.1107 1.09789 -1.38873
-0.325222 11.0979 1.09797 -1.28047
-0.314227 11.0862 1.09948 -1.17253
-0.303204 11.0755 1.10227 -1.06483
-0.292142 11.066 1.10619 -0.957235
-0.281031 11.0575 1.11109 -0.849674
-0.269863 11.05 1.1168 -0.742057
-0.258632 11.0437 1.12318 -0.634312
-0.247331 11.0384 1.13005 -0.526376
-0.235958 11.0342 1.13727 -0.418193
-0.224512 11.0312 1.14465 -0.309719
-0.212992 11.0291 1.15203 -0.20092
-0.201399 11.0282 1.15926 -0.0917667
-0.189738 11.0284 1.16614 0.0177571
-0.178013 11.0297 1.17251 0.127661
-0.166231 11.0321 1.17819 0.237948
-0.154401 11.0355 1.18301 0.34861
-0.142533 11.0401 1.18677 0.459636
-0.13064 11.0459 1.18931 0.571004
-0.118735 11.0527 1.19044 0.682691
-0.106836 11.0606 1.18997 0.794666
-0.0949583 11.0697 1.18773 0.906895
-0.0831232 11.0799 1.18351 1.01934
-0.0713517 11.0912 1.17715 1.13196
-0.0596672 11.1037 1.16846 1.24472
-0.0480947 11.1172 1.15725 1.35758
-0.0366613 11.1319 1.14334 1.47051
-0.0253957 11.1478 1.12656 1.58346
-0.0143283 11.1647 1.10674 1.69642
-0.00349142 11.1828 1.08369 1.80937
0.00708114 11.2021 1.05726 1.9223
0.0173538 11.2224 1.02727 2.03521
0.0272895 11.2439 0.993568 2.14813
0.0368495 11.2665 0.955998 2.26109
0.0459935 11.2902 0.914407 2.37415
0.05468 11.3151 0.868646 2.48738
0.0628657 11.3411 0.818569 2.60091
0.070506 11.3683 0.764033 2.71486
0.077555 11.3966 0.704896 2.8294
0.0839651 11.426 0.641016 2.94473
0.0896876 11.4566 0.57225 3.0611
0.0946722 11.4884 0.498452 3.17878
0.0988669 11.5214 0.419472 3.29812
0.102218 11.5556 0.335155 3.41949
0.104672 11.591 0.245338 3.54331
0.10617 11.6277 0.149854 3.67006
0.106656 11.6657 0.0485284 3.80027
0.106068 11.7051 -0.0588119 3.9345
0.104344 11.7458 -0.172334 4.07338
0.101422 11.788 -0.29218 4.21752
0.0972379 11.8316 -0.418449 4.36752
0.0917264 11.8769 -0.55115 4.52395
0.0848249 11.9238 -0.690146 4.68719
0.0764743 11.9723 -0.835058 4.85738
0.0666231 12.0227 -0.985128 5.0342
0.0552328 12.0748 -1.13903 5.21662
0.0422867 12.1289 -1.29461 5.40257
0.0278011 12.1848 -1.44856 5.58844
0.0118399 12.2424 -1.59613 5.7687
-0.00546891 12.3018 -1.73088 5.93554
-0.023917 12.3626 -1.84481 6.079
-0.0432075 12.4245 -1.92905 6.18783
-0.0629607 12.487 -1.97532 6.2514
-0.0827388 12.5496 -1.97781 6.26232
-0.102089 12.6118 -1.935 6.21867
-0.12059 12.673 -1.85015 6.12479
-0.137895 12.7329 -1.73042 5.98998
-0.153743 12.7912 -1.58489 5.8259
-0.16797 12.8476 -1.42262 5.64396
-0.180483 12.9022 -1.25134 5.45366
-0.191253 12.9548 -1.07696 5.26195
-0.200289 13.0055 -0.903612 5.07342
-0.207629 13.0544 -0.734 4.89073
-0.213326 13.1016 -0.569758 4.7152
-0.217444 13.1471 -0.411795 4.54722
-0.22005 13.1909 -0.260544 4.38661
-0.221211 13.2332 -0.116143 4.23286
-0.220997 13.2741 0.0214428 4.08527
-0.219473 13.3135 0.152346 3.9431
-0.216706 13.3516 0.276744 3.80558
-0.212758 13.3883 0.394831 3.67197
-0.20769 13.4237 0.506805 3.54158
-0.201561 13.4579 0.612853 3.41378
-0.194429 13.4907 0.713151 3.288
-0.186351 13.5224 0.807865 3.16375
-0.177379 13.5528 0.897149 3.04059
-0.167568 13.582 0.981147 2.91812
-0.156968 13.6099 1.06 2.79604
-0.145629 13.6367 1.13385 2.67407
-0.133601 13.6622 1.20282 2.55198
-0.120931 13.6865 1.26705 2.4296
-0.107664 13.7096 1.3267 2.30679
-0.0938448 13.7314 1.38189 2.18346
-0.079517 13.752 1.43279 2.05953
-0.0647215 13.7713 1.47955 1.93497
-0.0494981 13.7894 1.52234 1.80976
-0.0338848 13.8063 1.56133 1.68393
-0.0179177 13.8218 1.59671 1.55748
-0.00163092 13.8361 1.62868 1.43048
0.0149433 13.8492 1.65742 1.30296
0.0317746 13.8609 1.68314 1.17501
0.0488352 13.8714 1.70605 1.04669
0.0660989 13.8806 1.72637 0.918067
0.0835421 13.8885 1.74432 0.789222
0.101143 13.8951 1.76011 0.660226
0.118883 13.9004 1.77398 0.531147
0.136745 13.9044 1.78615 0.402048
0.154713 13.9071 1.79683 0.272984
0.172776 13.9086 1.80627 0.144001
0.190922 13.9087 1.81467 0.0151376
0.209145 13.9076 1.82226 -0.113582
0.227437 13.9052 1.82926 -0.242141
0.245796 13.9015 1.83587 -0.370536
0.264219 13.8965 1.8423 -0.498774
0.282707 13.8902 1.84875 -0.626873
0.301261 13.8827 1.85541 -0.754858
0.319885 13.8738 1.86247 -0.882763
0.338586 13.8637 1.87008 -1.01063
0.35737 13.8523 1.87841 -1.13849
0.376246 13.8397 1.88758 -1.26639
0.395223 13.8257 1.89772 -1.39435
0.414312 13.8105 1.90891 -1.52239
0.433524 13.794 1.9212 -1.65048
0.45287 13.7762 1.9346 -1.77858
0.472361 13.7571 1.94906 -1.90657
0.492006 13.7368 1.96445 -2.03426
0.511811 13.7152 1.98058 -2.16138
0.531783 13.6923 1.99712 -2.28751
0.551919 13.6682 2.01363 -2.41207
0.572214 13.6429 2.02951 -2.5343
0.592654 13.6163 2.04396 -2.65321
0.613214 13.5886 2.056 -2.76755
0.633858 13.5599 2.06444 -2.87582
0.654537 13.5301 2.0679 -2.97626
0.675186 13.4995 2.06485 -3.06694
0.695722 13.468 2.05366 -3.14581
0.71605 13.4359 2.03277 -3.21093
0.736058 13.4033 2.0008 -3.26061
0.755625 13.3703 1.95672 -3.29362
0.774625 13.3373 1.89996 -3.30943
0.79293 13.3042 1.83054 -3.30822
0.81042 13.2713 1.74902 -3.29097
0.826985 13.2387 1.65649 -3.25929
0.842529 13.2065 1.55435 -3.21524
0.856971 13.1749 1.44423 -3.16111
0.870249 13.1439 1.32779 -3.0992
0.882315 13.1136 1.20658 -3.03162
0.893135 13.084 1.08201 -2.96022
0.902687 13.0551 0.955236 -2.88654
0.910959 13.027 0.827227 -2.81173
0.917947 12.9996 0.698724 -2.73666
0.92365 12.973 0.570288 -2.66193
0.928073 12.9471 0.44233 -2.58789
0.931224 12.922 0.315134 -2.51472
0.933113 12.8976 0.188895 -2.44243
0.93375 12.8739 0.0637303 -2.37096
0.933148 12.8509 -0.0602913 -2.30015
0.931316 12.8286 -0.183141 -2.22976
0.928268 12.807 -0.304815 -2.15954
0.924015 12.7861 -0.42533 -2.0892
0.918568 12.7659 -0.544712 -2.01844
0.911938 12.7464 -0.662997 -1.94692
0.904135 12.7277 -0.780225 -1.87435
0.895171 12.7097 -0.89644 -1.80039
0.885054 12.6924 -1.01169 -1.72473
0.873794 12.676 -1.12602 -1.64706
0.861399 12.6603 -1.23949 -1.5671
0.847877 12.6454 -1.35215 -1.48456
0.833237 12.6315 -1.46407 -1.39916
0.817484 12.6183 -1.5753 -1.31064
0.800624 12.6062 -1.68593 -1.21878
0.782664 12.5949 -1.79603 -1.12334
0.763607 12.5847 -1.90568 -1.02414
0.743457 12.5755 -2.01498 -0.920981
0.722217 12.5673 -2.12402 -0.813727
0.699888 12.5603 -2.23292 -0.702256
0.676471 12.5544 -2.34175 -0.58649
0.651964 12.5498 -2.45063 -0.466398
0.626368 12.5464 -2.55963 -0.342009
0.59968 12.5442 -2.66881 -0.213431
0.571898 12.5434 -2.77819 -0.080869
0.543021 12.544 -2.88771 0.055343
0.513048 12.5459 -2.99724 0.194704
0.481983 12.5493 -3.10653 0.3365
0.449831 12.5541 -3.21516 0.479745
0.416606 12.5603 -3.3225 0.623114
0.38233 12.568 -3.42763 0.764873
0.347037 12.577 -3.52935 0.902806
0.310776 12.5873 -3.62606 1.03417
0.273618 12.5989 -3.71582 1.15571
0.235654 12.6115 -3.79635 1.26369
0.197003 12.6251 -3.86516 1.35412
0.157805 12.6393 -3.91976 1.42303
0.118226 12.654 -3.95789 1.4669
0.0784473 12.6688 -3.97789 1.48311
0.0386582 12.6835 -3.97891 1.47031
-0.000952946 12.6978 -3.96111 1.42868
-0.0402087 12.7114 -3.92558 1.3599
-0.0789507 12.7241 -3.8742 1.26684
-0.117044 12.7356 -3.80934 1.1532
-0.15438 12.7458 -3.73356 1.02301
-0.190873 12.7546 -3.64931 0.880227
-0.226461 12.7619 -3.55878 0.728476
-0.261099 12.7676 -3.46378 0.570877
-0.294756 12.7717 -3.36574 0.410004
-0.327413 12.7742 -3.26571 0.247905
-0.359058 12.7751 -3.16445 0.0861649
-0.389682 12.7743 -3.06243 -0.0740192
-0.419281 12.772 -2.95995 -0.231764
-0.447853 12.7681 -2.85713 -0.386434
-0.475393 12.7628 -2.75402 -0.53758
-0.501899 12.7559 -2.65057 -0.684902
-0.527365 12.7476 -2.54668 -0.828211
-0.551788 12.738 -2.44224 -0.967401
-0.575159 12.7269 -2.3371 -1.10244
-0.59747 12.7146 -2.23114 -1.23333
-0.618712 12.701 -2.12422 -1.36014
-0.638874 12.6862 -2.0162 -1.48297
-0.657944 12.6701 -1.90697 -1.60193
-0.675908 12.653 -1.79642 -1.71719
-0.692753 12.6347 -1.68447 -1.82891
-0.708463 12.6153 -1.57104 -1.93732
-0.723024 12.5949 -1.45605 -2.04262
-0.736419 12.5734 -1.33948 -2.14507
-0.748631 12.551 -1.22126 -2.24493
-0.759645 12.5276 -1.10139 -2.34246
-0.769444 12.5032 -0.97985 -2.43797
-0.77801 12.4779 -0.85664 -2.53175
-0.785328 12.4516 -0.731778 -2.62408
-0.791381 12.4245 -0.605299 -2.71527
-0.796153 12.3964 -0.477263 -2.80558
-0.799631 12.3675 -0.347758 -2.89526
-0.8018 12.3376 -0.216913 -2.98449
-0.802649 12.3069 -0.0849107 -3.07342
-0.802169 12.2753 0.0479968 -3.16206
-0.800355 12.2428 0.181465 -3.25033
-0.797204 12.2094 0.31503 -3.33796
-0.792724 12.1751 0.44808 -3.42447
-0.786925 12.14 0.579824 -3.50911
-0.779833 12.1041 0.709256 -3.59084
-0.771481 12.0675 0.835138 -3.66825
-0.761921 12.0301 0.955996 -3.73958
-0.75122 11.992 1.07014 -3.80275
-0.739463 11.9535 1.17575 -3.85543
-0.726753 11.9145 1.27096 -3.8952
-0.713212 11.8753 1.35408 -3.91977
-0.698975 11.8361 1.42371 -3.92727
-0.684185 11.7969 1.47902 -3.91648
-0.668987 11.758 1.5198 -3.88699
-0.653521 11.7196 1.54654 -3.83933
-0.637918 11.6819 1.56039 -3.77483
-0.622288 11.6449 1.56294 -3.69547
-0.606727 11.6089 1.5561 -3.6036
-0.591308 11.5739 1.54188 -3.5017
-0.576086 11.5399 1.5222 -3.39215
-0.561099 11.5072 1.49879 -3.27707
-0.546367 11.4756 1.47316 -3.15829
-0.531902 11.4452 1.44654 -3.03726
-0.517703 11.4161 1.41989 -2.91513
-0.503763 11.3881 1.39397 -2.79274
-0.49007 11.3614 1.36931 -2.67072
-0.476607 11.3359 1.34632 -2.54946
-0.463354 11.3116 1.32525 -2.42922
-0.450291 11.2885 1.30626 -2.31014
-0.437397 11.2666 1.28943 -2.19226
-0.424649 11.2459 1.27478 -2.07559
-0.412027 11.2263 1.26228 -1.96005
-0.399508 11.2078 1.25188 -1.84556
-0.387073 11.1905 1.24349 -1.73201
-0.374703 11.1743 1.23701 -1.61929
-0.36238 11.1592 1.23232 -1.50727
-0.350087 11.1453 1.2293 -1.39583
-0.337809 11.1324 1.2278 -1.28484
-0.325532 11.1207 1.22769 -1.1742
-0.313244 11.11 1.22881 -1.06379
-0.300934 11.1005 1.23102 -0.953508
-0.288592 11.0921 1.23416 -0.843264
-0.276211 11.0847 1.23807 -0.732973
-0.263786 11.0785 1.24259 -0.622561
-0.25131 11.0734 1.24755 -0.511964
-0.238782 11.0694 1.25279 -0.401127
-0.226201 11.0665 1.25814 -0.290005
-0.213566 11.0647 1.26343 -0.178563
-0.200882 11.064 1.26848 -0.0667767
-0.18815 11.0645 1.27311 0.0453713
-0.175379 11.0661 1.27715 0.157888
-0.162575 11.0688 1.2804 0.270772
-0.149748 11.0726 1.2827 0.384014
-0.13691 11.0776 1.28385 0.497596
-0.124073 11.0837 1.28366 0.611497
-0.111254 11.091 1.28195 0.725685
-0.0984683 11.0994 1.27852 0.840126
-0.0857364 11.1089 1.27319 0.954782
-0.0730787 11.1196 1.26577 1.06961
-0.060518 11.1314 1.25607 1.18457
-0.048079 11.1444 1.24389 1.29961
-0.0357884 11.1586 1.22907 1.4147
-0.0236744 11.1739 1.2114 1.5298
-0.0117672 11.1903 1.19072 1.64487
